PhysID,ITM_1,ITM_2,ITM_3,ITM_4,ITM_5,ITM_6,ITM_7
1003002320,GENDER_M,HYDROCODONE,SPCLTY_Dentist,STATE_MS,,,
1003009630,GENDER_M,HYDROCODONE,OXYCODONE,SPCLTY_Emergency Medicine,STATE_NY,,
1003016270,GENDER_M,HYDROCODONE,OXYCODONE,SPCLTY_Family Practice,STATE_CT,TRAMADOL,
1003024894,GENDER_M,HYDROCODONE,OXYCODONE,SPCLTY_Orthopedic Surgery,STATE_OH,TRAMADOL,
1003037979,GENDER_M,HYDROCODONE,SPCLTY_Dentist,STATE_PA,,,
1003038332,GENDER_M,OXYCODONE,SPCLTY_Internal Medicine,STATE_OR,,,
1003042805,GENDER_F,HYDROCODONE,SPCLTY_Family Practice,STATE_GA,TRAMADOL,,
1003043324,GENDER_F,HYDROCODONE,SPCLTY_Family Practice,STATE_TX,TRAMADOL,,
1003043480,GENDER_F,HYDROCODONE,SPCLTY_Nurse Practitioner,STATE_FL,,,
1003043928,GENDER_F,OXYCODONE,SPCLTY_Emergency Medicine,STATE_PA,,,
1003049925,GENDER_F,HYDROCODONE,SPCLTY_Nurse Practitioner,STATE_ID,TRAMADOL,,
1003053554,GENDER_M,SPCLTY_Physician Assistant,STATE_CO,TRAMADOL,,,
1003067059,GENDER_M,SPCLTY_Physician Assistant,STATE_SD,TRAMADOL,,,
1003073784,GENDER_F,OXYCODONE,SPCLTY_Internal Medicine,STATE_NY,,,
1003077058,GENDER_M,HYDROCODONE,SPCLTY_Emergency Medicine,STATE_FL,,,
1003079773,GENDER_M,HYDROCODONE,SPCLTY_Dermatology,STATE_SD,,,
1003083304,GENDER_F,OXYCODONE,SPCLTY_Emergency Medicine,STATE_NC,,,
1003087891,GENDER_M,HYDROCODONE,SPCLTY_Family Practice,STATE_CA,,,
1003088840,GENDER_F,HYDROCODONE,SPCLTY_Family Practice,STATE_CO,,,
1003089905,GENDER_F,HYDROCODONE,SPCLTY_Nurse Practitioner,STATE_WV,TRAMADOL,,
1003090986,GENDER_F,HYDROCODONE,SPCLTY_Infectious Disease,STATE_NH,TRAMADOL,,
1003096587,GENDER_M,SPCLTY_Internal Medicine,STATE_FL,TRAMADOL,,,
1003101411,GENDER_M,HYDROCODONE,SPCLTY_Family Practice,STATE_MI,,,
1003101783,GENDER_M,OXYCODONE,SPCLTY_Internal Medicine,STATE_TX,,,
1003102625,GENDER_F,SPCLTY_Nurse Practitioner,STATE_FL,TRAMADOL,,,
1003110172,GENDER_M,HYDROCODONE,SPCLTY_Physician Assistant,STATE_CO,,,
1003115486,GENDER_M,SPCLTY_Internal Medicine,STATE_MD,TRAMADOL,,,
1003130071,GENDER_F,HYDROCODONE,SPCLTY_Emergency Medicine,STATE_FL,TRAMADOL,,
1003145897,GENDER_F,HYDROCODONE,OXYCODONE,SPCLTY_Physician Assistant,STATE_MD,,
1003157017,GENDER_M,SPCLTY_General Practice,STATE_FL,TRAMADOL,,,
1003179946,GENDER_F,HYDROCODONE,SPCLTY_Nurse Practitioner,STATE_GA,TRAMADOL,,
1003182940,GENDER_F,HYDROCODONE,SPCLTY_Nurse Practitioner,STATE_IL,TRAMADOL,,
1003232489,GENDER_F,HYDROCODONE,SPCLTY_Nurse Practitioner,STATE_IL,TRAMADOL,,
1003242298,GENDER_M,HYDROCODONE,SPCLTY_Physician Assistant,STATE_OH,,,
1003256991,GENDER_F,SPCLTY_Internal Medicine,STATE_NE,TRAMADOL,,,
1003801085,FENTANYL,GENDER_F,HYDROCODONE,OXYCODONE,SPCLTY_Internal Medicine,STATE_MO,TRAMADOL
1003801366,GENDER_M,HYDROCODONE,SPCLTY_General Surgery,STATE_NY,TRAMADOL,,
1003801788,FENTANYL,GENDER_M,HYDROCODONE,OXYCODONE,SPCLTY_Internal Medicine,STATE_TN,TRAMADOL
1003803461,GENDER_M,HYDROCODONE,OXYCODONE,SPCLTY_Family Practice,STATE_AZ,,
1003804519,GENDER_F,HYDROCODONE,SPCLTY_Family Practice,STATE_IL,TRAMADOL,,
1003804642,FENTANYL,GENDER_M,HYDROCODONE,OXYCODONE,SPCLTY_Family Practice,STATE_MI,TRAMADOL
1003806159,FENTANYL,GENDER_M,HYDROCODONE,OXYCODONE,SPCLTY_Family Practice,STATE_OH,TRAMADOL
1003806514,GENDER_M,HYDROCODONE,SPCLTY_Obstetrics/Gynecology,STATE_IL,,,
1003807033,GENDER_M,HYDROCODONE,OXYCODONE,SPCLTY_Family Practice,STATE_OH,TRAMADOL,
1003808296,GENDER_F,HYDROCODONE,SPCLTY_Nurse Practitioner,STATE_NY,,,
1003809542,GENDER_M,HYDROCODONE,OXYCODONE,SPCLTY_Family Practice,STATE_NC,TRAMADOL,
1003809765,GENDER_F,HYDROCODONE,OXYCODONE,SPCLTY_Internal Medicine,STATE_CA,,
1003810540,GENDER_M,HYDROCODONE,OXYCODONE,SPCLTY_Family Practice,STATE_AZ,TRAMADOL,
1003813114,GENDER_M,HYDROCODONE,OXYCODONE,SPCLTY_Internal Medicine,STATE_NC,TRAMADOL,
1003814518,GENDER_M,HYDROCODONE,OXYCODONE,SPCLTY_Internal Medicine,STATE_GA,TRAMADOL,
1003814716,GENDER_M,HYDROCODONE,OXYCODONE,SPCLTY_Neurosurgery,STATE_GA,TRAMADOL,
1003815119,FENTANYL,GENDER_M,HYDROCODONE,OXYCODONE,SPCLTY_Physician Assistant,STATE_KS,TRAMADOL
1003815135,GENDER_M,HYDROCODONE,OXYCODONE,SPCLTY_Emergency Medicine,STATE_MO,,
1003815903,GENDER_M,SPCLTY_Cardiology,STATE_LA,TRAMADOL,,,
1003819657,GENDER_M,HYDROCODONE,SPCLTY_Dentist,STATE_FL,,,
1003824004,GENDER_M,HYDROCODONE,SPCLTY_General Surgery,STATE_IN,,,
1003824582,GENDER_M,SPCLTY_Family Practice,STATE_NE,TRAMADOL,,,
1003824632,GENDER_M,HYDROCODONE,SPCLTY_Family Practice,STATE_TX,TRAMADOL,,
1003824731,FENTANYL,GENDER_M,HYDROCODONE,OXYCODONE,SPCLTY_Family Practice,STATE_MN,TRAMADOL
1003825720,FENTANYL,GENDER_M,HYDROCODONE,OXYCODONE,SPCLTY_Family Practice,STATE_KS,TRAMADOL
1003830142,GENDER_M,HYDROCODONE,OXYCODONE,SPCLTY_Family Practice,STATE_WI,TRAMADOL,
1003830530,FENTANYL,GENDER_M,HYDROCODONE,OXYCODONE,SPCLTY_Internal Medicine,STATE_NC,TRAMADOL
1003835737,FENTANYL,GENDER_M,HYDROCODONE,OXYCODONE,SPCLTY_Pulmonary Disease,STATE_PA,
1003836024,GENDER_M,HYDROCODONE,SPCLTY_Emergency Medicine,STATE_UT,,,
1003839200,GENDER_F,OXYCODONE,SPCLTY_Internal Medicine,STATE_MA,TRAMADOL,,
1003839820,GENDER_F,HYDROCODONE,SPCLTY_Hematology/Oncology,STATE_TX,TRAMADOL,,
1003841800,GENDER_M,HYDROCODONE,OXYCODONE,SPCLTY_Internal Medicine,STATE_CA,,
1003843590,GENDER_M,HYDROCODONE,OXYCODONE,SPCLTY_Internal Medicine,STATE_MA,TRAMADOL,
1003844507,GENDER_M,HYDROCODONE,OXYCODONE,SPCLTY_Family Practice,STATE_CA,TRAMADOL,
1003847179,GENDER_M,SPCLTY_General Practice,STATE_WA,TRAMADOL,,,
1003847310,GENDER_M,HYDROCODONE,OXYCODONE,SPCLTY_Urology,STATE_SC,,
1003847484,GENDER_M,HYDROCODONE,OXYCODONE,SPCLTY_Neurosurgery,STATE_NY,,
1003847625,GENDER_M,HYDROCODONE,SPCLTY_Oral Surgery (dentist,STATE_PA,,,
1003852070,GENDER_M,HYDROCODONE,OXYCODONE,SPCLTY_Internal Medicine,STATE_OH,TRAMADOL,
1003856089,GENDER_M,HYDROCODONE,SPCLTY_Family Practice,STATE_TX,TRAMADOL,,
1003859331,GENDER_F,HYDROCODONE,OXYCODONE,SPCLTY_Family Practice,STATE_NY,TRAMADOL,
1003863283,GENDER_M,HYDROCODONE,SPCLTY_Internal Medicine,STATE_CA,,,
1003863697,GENDER_M,HYDROCODONE,OXYCODONE,SPCLTY_Neurosurgery,STATE_WA,,
1003864042,GENDER_M,HYDROCODONE,SPCLTY_Podiatry,STATE_FL,,,
1003865601,GENDER_M,SPCLTY_Family Practice,STATE_NJ,TRAMADOL,,,
1003865775,GENDER_M,HYDROCODONE,SPCLTY_Emergency Medicine,STATE_IL,,,
1003867037,FENTANYL,GENDER_F,HYDROCODONE,SPCLTY_Family Practice,STATE_MT,TRAMADOL,
1003869819,GENDER_M,SPCLTY_Hospitalist,STATE_NC,TRAMADOL,,,
1003871443,GENDER_M,HYDROCODONE,OXYCODONE,SPCLTY_Nephrology,STATE_MO,TRAMADOL,
1003871997,GENDER_M,HYDROCODONE,OXYCODONE,SPCLTY_Internal Medicine,STATE_SC,TRAMADOL,
1003872169,FENTANYL,GENDER_F,HYDROCODONE,OXYCODONE,SPCLTY_Internal Medicine,STATE_CA,TRAMADOL
1003875212,FENTANYL,GENDER_M,HYDROCODONE,OXYCODONE,SPCLTY_Anesthesiology,STATE_OK,TRAMADOL
1003877523,GENDER_F,HYDROCODONE,OXYCODONE,SPCLTY_Emergency Medicine,STATE_MD,TRAMADOL,
1003880873,FENTANYL,GENDER_F,HYDROCODONE,OXYCODONE,SPCLTY_Nurse Practitioner,STATE_NC,TRAMADOL
1003881947,GENDER_F,HYDROCODONE,SPCLTY_Physician Assistant,STATE_NY,,,
1003882523,FENTANYL,GENDER_M,HYDROCODONE,OXYCODONE,SPCLTY_Internal Medicine,STATE_NJ,TRAMADOL
1003882721,GENDER_M,HYDROCODONE,OXYCODONE,SPCLTY_General Surgery,STATE_AL,,
1003884552,GENDER_M,HYDROCODONE,OXYCODONE,SPCLTY_Family Practice,STATE_CA,TRAMADOL,
1003887290,GENDER_F,HYDROCODONE,SPCLTY_Neurology,STATE_MI,,,
1003887936,FENTANYL,GENDER_M,HYDROCODONE,OXYCODONE,SPCLTY_Family Practice,STATE_OK,TRAMADOL
1003888355,GENDER_M,HYDROCODONE,OXYCODONE,SPCLTY_Family Practice,STATE_PA,,
1003889411,FENTANYL,GENDER_M,HYDROCODONE,SPCLTY_Internal Medicine,STATE_IL,TRAMADOL,
1003889726,GENDER_M,HYDROCODONE,OXYCODONE,SPCLTY_Gastroenterology,STATE_MA,TRAMADOL,
1003890179,GENDER_M,HYDROCODONE,SPCLTY_Plastic Surgery,STATE_MS,,,
1003890237,GENDER_M,HYDROCODONE,SPCLTY_Dentist,STATE_KY,,,
1003890948,GENDER_M,HYDROCODONE,SPCLTY_Emergency Medicine,STATE_PA,,,
1003891623,GENDER_M,SPCLTY_Rheumatology,STATE_NY,TRAMADOL,,,
1003893132,FENTANYL,GENDER_M,HYDROCODONE,OXYCODONE,SPCLTY_Family Practice,STATE_CT,
1003893413,GENDER_F,HYDROCODONE,OXYCODONE,SPCLTY_Urology,STATE_OH,TRAMADOL,
1003894619,GENDER_M,HYDROCODONE,SPCLTY_Internal Medicine,STATE_MI,TRAMADOL,,
1003898859,GENDER_F,HYDROCODONE,SPCLTY_Nurse Practitioner,STATE_MS,TRAMADOL,,
1003902511,GENDER_F,HYDROCODONE,SPCLTY_Neurology,STATE_CA,TRAMADOL,,
1003905043,GENDER_M,HYDROCODONE,SPCLTY_Dentist,STATE_NM,,,
1003908054,GENDER_M,HYDROCODONE,SPCLTY_Psychiatry,STATE_MI,,,
1003908088,GENDER_M,HYDROCODONE,SPCLTY_Dentist,STATE_TX,,,
1003910399,GENDER_M,HYDROCODONE,SPCLTY_Dentist,STATE_AL,,,
1003912783,GENDER_M,SPCLTY_Gastroenterology,STATE_KY,TRAMADOL,,,
1003913468,GENDER_M,HYDROCODONE,SPCLTY_Family Practice,STATE_TX,TRAMADOL,,
1003914227,GENDER_F,HYDROCODONE,OXYCODONE,SPCLTY_Cardiology,STATE_CA,TRAMADOL,
1003916677,GENDER_M,HYDROCODONE,OXYCODONE,SPCLTY_Orthopedic Surgery,STATE_FL,TRAMADOL,
1003917147,GENDER_F,HYDROCODONE,SPCLTY_Emergency Medicine,STATE_CA,,,
1003920711,GENDER_F,SPCLTY_General Practice,STATE_PR,TRAMADOL,,,
1003921552,FENTANYL,GENDER_F,HYDROCODONE,OXYCODONE,SPCLTY_Internal Medicine,STATE_FL,TRAMADOL
1003924093,FENTANYL,GENDER_M,HYDROCODONE,OXYCODONE,SPCLTY_Anesthesiology,STATE_SC,TRAMADOL
1003925249,GENDER_M,HYDROCODONE,SPCLTY_Dentist,STATE_OH,,,
1003928953,FENTANYL,GENDER_F,HYDROCODONE,OXYCODONE,SPCLTY_Internal Medicine,STATE_NY,TRAMADOL
1003936766,GENDER_F,HYDROCODONE,OXYCODONE,SPCLTY_Family Practice,STATE_IL,TRAMADOL,
1003944646,GENDER_F,HYDROCODONE,OXYCODONE,SPCLTY_Family Practice,STATE_ME,TRAMADOL,
1003947128,GENDER_M,HYDROCODONE,OXYCODONE,SPCLTY_Osteopathic Manipulat,STATE_TN,TRAMADOL,
1003947961,GENDER_M,HYDROCODONE,SPCLTY_Emergency Medicine,STATE_TX,TRAMADOL,,
1003949504,GENDER_F,SPCLTY_Specialist,STATE_FL,TRAMADOL,,,
1003955709,GENDER_M,HYDROCODONE,SPCLTY_Surgical Oncology,STATE_CA,,,
1003961871,GENDER_M,OXYCODONE,SPCLTY_Dentist,STATE_FL,,,
1003963075,GENDER_M,HYDROCODONE,SPCLTY_Dentist,STATE_AR,,,
1003964156,GENDER_M,HYDROCODONE,SPCLTY_Family Practice,STATE_IL,TRAMADOL,,
1003970856,GENDER_F,HYDROCODONE,OXYCODONE,SPCLTY_Nurse Practitioner,STATE_WA,,
1003972183,GENDER_M,HYDROCODONE,OXYCODONE,SPCLTY_Emergency Medicine,STATE_WA,TRAMADOL,
1003973637,GENDER_M,SPCLTY_Internal Medicine,STATE_MD,TRAMADOL,,,
1003974643,GENDER_F,HYDROCODONE,SPCLTY_Physician Assistant,STATE_CA,,,
1003975707,GENDER_M,HYDROCODONE,OXYCODONE,SPCLTY_Physician Assistant,STATE_TN,TRAMADOL,
1003977414,GENDER_F,OXYCODONE,SPCLTY_Internal Medicine,STATE_PA,,,
1003977927,GENDER_M,HYDROCODONE,SPCLTY_Dentist,STATE_AZ,,,
1003982463,GENDER_M,HYDROCODONE,OXYCODONE,SPCLTY_Orthopaedic Surgery,STATE_NY,,
1003984915,GENDER_F,HYDROCODONE,SPCLTY_Physician Assistant,STATE_GA,TRAMADOL,,
1003986589,GENDER_M,HYDROCODONE,SPCLTY_Dentist,STATE_ME,,,
1003991779,GENDER_M,HYDROCODONE,OXYCODONE,SPCLTY_Rheumatology,STATE_CA,TRAMADOL,
1003991902,GENDER_M,HYDROCODONE,SPCLTY_Cardiology,STATE_TN,,,
1003992033,GENDER_M,SPCLTY_Family Practice,STATE_NY,TRAMADOL,,,
1003992140,GENDER_F,HYDROCODONE,OXYCODONE,SPCLTY_Physician Assistant,STATE_ID,TRAMADOL,
1003992314,GENDER_M,HYDROCODONE,SPCLTY_Dentist,STATE_TX,,,
1003992926,GENDER_M,OXYCODONE,SPCLTY_Physical Medicine and,STATE_NY,,,
1003994914,FENTANYL,GENDER_M,HYDROCODONE,OXYCODONE,SPCLTY_Internal Medicine,STATE_CA,TRAMADOL
1003994997,FENTANYL,GENDER_M,HYDROCODONE,OXYCODONE,SPCLTY_Family Practice,STATE_CA,
1003995234,GENDER_M,HYDROCODONE,SPCLTY_Dentist,STATE_AZ,,,
1003999459,GENDER_F,HYDROCODONE,SPCLTY_Nurse Practitioner,STATE_LA,TRAMADOL,,
1013001759,GENDER_M,OXYCODONE,SPCLTY_Internal Medicine,STATE_NY,,,
1013003284,GENDER_F,HYDROCODONE,SPCLTY_Dentist,STATE_MO,,,
1013003342,GENDER_F,HYDROCODONE,SPCLTY_Nurse Practitioner,STATE_NY,,,
1013004522,GENDER_M,HYDROCODONE,SPCLTY_General Surgery,STATE_AR,,,
1013005537,GENDER_M,HYDROCODONE,OXYCODONE,SPCLTY_Family Practice,STATE_MI,TRAMADOL,
1013008408,GENDER_M,HYDROCODONE,OXYCODONE,SPCLTY_Physician Assistant,STATE_UT,,
1013011394,FENTANYL,GENDER_M,HYDROCODONE,OXYCODONE,SPCLTY_Family Practice,STATE_IL,TRAMADOL
1013017102,GENDER_M,HYDROCODONE,SPCLTY_Dentist,STATE_CA,TRAMADOL,,
1013019108,GENDER_F,HYDROCODONE,OXYCODONE,SPCLTY_Physician Assistant,STATE_CO,,
1013020569,GENDER_F,HYDROCODONE,OXYCODONE,SPCLTY_Podiatry,STATE_WV,,
1013020700,GENDER_M,HYDROCODONE,SPCLTY_Dentist,STATE_TX,,,
1013023548,GENDER_F,HYDROCODONE,SPCLTY_Family Practice,STATE_FL,TRAMADOL,,
1013040922,GENDER_F,SPCLTY_General Practice,STATE_PR,TRAMADOL,,,
1013043280,GENDER_F,HYDROCODONE,SPCLTY_Hematology/Oncology,STATE_CA,,,
1013043744,GENDER_F,HYDROCODONE,SPCLTY_Emergency Medicine,STATE_TX,TRAMADOL,,
1013053669,GENDER_M,HYDROCODONE,SPCLTY_Emergency Medicine,STATE_CA,,,
1013059716,GENDER_M,OXYCODONE,SPCLTY_Interventional Pain M,STATE_NJ,TRAMADOL,,
1013062348,FENTANYL,GENDER_M,HYDROCODONE,OXYCODONE,SPCLTY_Family Practice,STATE_ME,TRAMADOL
1013064310,GENDER_M,HYDROCODONE,OXYCODONE,SPCLTY_Oral Surgery (dentist,STATE_AR,,
1013067602,GENDER_F,HYDROCODONE,SPCLTY_Physician Assistant,STATE_MI,,,
1013069780,FENTANYL,GENDER_M,HYDROCODONE,OXYCODONE,SPCLTY_Orthopedic Surgery,STATE_TX,TRAMADOL
1013070994,GENDER_M,HYDROCODONE,SPCLTY_Dentist,STATE_NY,,,
1013072461,GENDER_M,SPCLTY_Internal Medicine,STATE_AL,TRAMADOL,,,
1013073253,GENDER_M,HYDROCODONE,SPCLTY_Emergency Medicine,STATE_IL,,,
1013076587,GENDER_M,OXYCODONE,SPCLTY_Internal Medicine,STATE_NC,,,
1013081322,GENDER_M,HYDROCODONE,SPCLTY_Thoracic Surgery,STATE_OH,,,
1013088947,GENDER_F,HYDROCODONE,SPCLTY_Family Practice,STATE_KY,TRAMADOL,,
1013091941,FENTANYL,GENDER_M,HYDROCODONE,OXYCODONE,SPCLTY_Pediatric Medicine,STATE_NY,
1013095660,GENDER_F,HYDROCODONE,SPCLTY_Hematology,STATE_CA,,,
1013098235,GENDER_M,HYDROCODONE,SPCLTY_Dentist,STATE_AL,,,
1013099399,GENDER_F,HYDROCODONE,SPCLTY_Neurology,STATE_TX,TRAMADOL,,
1013109461,GENDER_F,HYDROCODONE,SPCLTY_Infectious Disease,STATE_CA,,,
1013111681,GENDER_F,HYDROCODONE,SPCLTY_Emergency Medicine,STATE_TX,,,
1013113844,GENDER_F,HYDROCODONE,SPCLTY_Dentist,STATE_OH,,,
1013126200,GENDER_M,HYDROCODONE,SPCLTY_Internal Medicine,STATE_TX,,,
1013127737,GENDER_F,HYDROCODONE,OXYCODONE,SPCLTY_Emergency Medicine,STATE_MI,,
1013131119,GENDER_M,HYDROCODONE,SPCLTY_Physician Assistant,STATE_WV,,,
1013134295,GENDER_M,HYDROCODONE,OXYCODONE,SPCLTY_Family Practice,STATE_MI,TRAMADOL,
1013140847,GENDER_F,HYDROCODONE,SPCLTY_Nurse Practitioner,STATE_MO,,,
1013144955,GENDER_F,SPCLTY_Obstetrics/Gynecology,STATE_TX,TRAMADOL,,,
1013152016,GENDER_M,SPCLTY_Dentist,STATE_FL,TRAMADOL,,,
1013157353,GENDER_F,HYDROCODONE,SPCLTY_Nurse Practitioner,STATE_CA,TRAMADOL,,
1013158922,GENDER_M,OXYCODONE,SPCLTY_Emergency Medicine,STATE_MA,,,
1013159581,GENDER_F,HYDROCODONE,OXYCODONE,SPCLTY_Emergency Medicine,STATE_MD,TRAMADOL,
1013166156,GENDER_M,OXYCODONE,SPCLTY_Internal Medicine,STATE_FL,TRAMADOL,,
1013168004,GENDER_M,HYDROCODONE,SPCLTY_Neurosurgery,STATE_VA,,,
1013185297,GENDER_M,SPCLTY_Physical Medicine and,STATE_PR,TRAMADOL,,,
1013197979,GENDER_F,HYDROCODONE,OXYCODONE,SPCLTY_Nurse Practitioner,STATE_WI,,
1013198035,FENTANYL,GENDER_F,HYDROCODONE,OXYCODONE,SPCLTY_Internal Medicine,STATE_PA,TRAMADOL
1013202738,GENDER_F,HYDROCODONE,SPCLTY_Family Practice,STATE_CA,TRAMADOL,,
1013203058,GENDER_F,HYDROCODONE,SPCLTY_Nurse Practitioner,STATE_WV,TRAMADOL,,
1013206051,GENDER_M,HYDROCODONE,OXYCODONE,SPCLTY_Family Practice,STATE_MO,TRAMADOL,
1013220912,GENDER_F,OXYCODONE,SPCLTY_Nurse Practitioner,STATE_OH,,,
1013223866,GENDER_F,HYDROCODONE,SPCLTY_Physician Assistant,STATE_MI,,,
1013241132,GENDER_F,HYDROCODONE,SPCLTY_Nurse Practitioner,STATE_WA,,,
1013257468,GENDER_M,HYDROCODONE,SPCLTY_Physician Assistant,STATE_WA,,,
1013257914,FENTANYL,GENDER_F,HYDROCODONE,OXYCODONE,SPCLTY_Nurse Practitioner,STATE_PA,
1013267152,GENDER_F,HYDROCODONE,OXYCODONE,SPCLTY_Nurse Practitioner,STATE_MS,TRAMADOL,
1013273853,GENDER_M,HYDROCODONE,SPCLTY_Family Practice,STATE_KY,TRAMADOL,,
1013279462,GENDER_M,HYDROCODONE,SPCLTY_Dentist,STATE_GA,,,
1013281609,GENDER_M,HYDROCODONE,SPCLTY_Physician Assistant,STATE_AR,,,
1013284496,GENDER_M,SPCLTY_Family Practice,STATE_TX,TRAMADOL,,,
1013296326,GENDER_F,HYDROCODONE,OXYCODONE,SPCLTY_Nurse Practitioner,STATE_CA,,
1013319854,GENDER_F,HYDROCODONE,SPCLTY_Physician Assistant,STATE_WA,,,
1013357383,GENDER_M,OXYCODONE,SPCLTY_Podiatry,STATE_PA,,,
1013901453,GENDER_F,OXYCODONE,SPCLTY_Physician Assistant,STATE_CT,,,
1013905017,GENDER_M,HYDROCODONE,SPCLTY_Internal Medicine,STATE_CA,TRAMADOL,,
1013907419,FENTANYL,GENDER_M,HYDROCODONE,OXYCODONE,SPCLTY_Family Practice,STATE_IN,TRAMADOL
1013912039,GENDER_F,HYDROCODONE,SPCLTY_Nurse Practitioner,STATE_MD,TRAMADOL,,
1013912583,FENTANYL,GENDER_F,HYDROCODONE,OXYCODONE,SPCLTY_Internal Medicine,STATE_VA,TRAMADOL
1013914399,GENDER_M,HYDROCODONE,OXYCODONE,SPCLTY_Orthopedic Surgery,STATE_IA,TRAMADOL,
1013916634,GENDER_F,SPCLTY_Nurse Practitioner,STATE_TX,TRAMADOL,,,
1013919117,GENDER_M,HYDROCODONE,OXYCODONE,SPCLTY_Orthopedic Surgery,STATE_CO,TRAMADOL,
1013924695,GENDER_M,HYDROCODONE,SPCLTY_Emergency Medicine,STATE_GA,TRAMADOL,,
1013929769,GENDER_F,SPCLTY_Family Practice,STATE_NY,TRAMADOL,,,
1013929900,GENDER_M,HYDROCODONE,SPCLTY_Family Practice,STATE_CA,,,
1013932003,FENTANYL,GENDER_M,HYDROCODONE,OXYCODONE,SPCLTY_Family Practice,STATE_GA,TRAMADOL
1013934017,FENTANYL,GENDER_M,HYDROCODONE,OXYCODONE,SPCLTY_Internal Medicine,STATE_MN,TRAMADOL
1013935303,GENDER_M,HYDROCODONE,OXYCODONE,SPCLTY_Internal Medicine,STATE_PA,TRAMADOL,
1013942572,GENDER_M,HYDROCODONE,OXYCODONE,SPCLTY_Nurse Practitioner,STATE_CA,,
1013942739,GENDER_M,HYDROCODONE,OXYCODONE,SPCLTY_Emergency Medicine,STATE_TN,,
1013947621,FENTANYL,GENDER_F,HYDROCODONE,OXYCODONE,SPCLTY_Nurse Practitioner,STATE_CT,TRAMADOL
1013948892,GENDER_M,HYDROCODONE,SPCLTY_Orthopaedic Surgery,STATE_SC,,,
1013949551,FENTANYL,GENDER_M,HYDROCODONE,OXYCODONE,SPCLTY_Hematology,STATE_MA,
1013952050,GENDER_M,HYDROCODONE,SPCLTY_Emergency Medicine,STATE_IN,TRAMADOL,,
1013952878,GENDER_M,HYDROCODONE,OXYCODONE,SPCLTY_Internal Medicine,STATE_PA,,
1013954494,GENDER_F,HYDROCODONE,SPCLTY_Emergency Medicine,STATE_FL,TRAMADOL,,
1013954742,GENDER_M,HYDROCODONE,SPCLTY_Dermatology,STATE_NC,TRAMADOL,,
1013956861,GENDER_M,HYDROCODONE,OXYCODONE,SPCLTY_General Surgery,STATE_OH,,
1013957026,GENDER_M,HYDROCODONE,SPCLTY_Interventional Pain M,STATE_NV,,,
1013962299,GENDER_M,HYDROCODONE,OXYCODONE,SPCLTY_Internal Medicine,STATE_FL,TRAMADOL,
1013962539,GENDER_M,HYDROCODONE,SPCLTY_Podiatry,STATE_TX,,,
1013962869,GENDER_M,HYDROCODONE,OXYCODONE,SPCLTY_Emergency Medicine,STATE_FL,TRAMADOL,
1013968478,GENDER_M,HYDROCODONE,SPCLTY_Family Practice,STATE_SC,TRAMADOL,,
1013970433,GENDER_M,HYDROCODONE,OXYCODONE,SPCLTY_Emergency Medicine,STATE_SC,TRAMADOL,
1013972660,GENDER_M,OXYCODONE,SPCLTY_Family Practice,STATE_PA,TRAMADOL,,
1013972959,GENDER_M,HYDROCODONE,OXYCODONE,SPCLTY_Plastic and Reconstru,STATE_GA,,
1013973858,GENDER_F,HYDROCODONE,OXYCODONE,SPCLTY_Physician Assistant,STATE_VT,TRAMADOL,
1013978287,GENDER_F,HYDROCODONE,SPCLTY_General Surgery,STATE_MD,,,
1013978626,GENDER_M,SPCLTY_Osteopathic Manipulat,STATE_PA,TRAMADOL,,,
1013979012,GENDER_M,HYDROCODONE,SPCLTY_Orthopedic Surgery,STATE_MD,,,
1013980531,FENTANYL,GENDER_M,HYDROCODONE,OXYCODONE,SPCLTY_Internal Medicine,STATE_MI,TRAMADOL
1013985605,GENDER_F,OXYCODONE,SPCLTY_Internal Medicine,STATE_OH,,,
1013987064,GENDER_M,HYDROCODONE,OXYCODONE,SPCLTY_General Surgery,STATE_MO,TRAMADOL,
1013992478,GENDER_F,HYDROCODONE,OXYCODONE,SPCLTY_Nurse Practitioner,STATE_PA,,
1013993005,GENDER_M,HYDROCODONE,SPCLTY_Otolaryngology,STATE_IL,,,
1013996701,GENDER_M,HYDROCODONE,SPCLTY_Orthopaedic Surgery,STATE_IL,,,
1013997683,FENTANYL,GENDER_M,HYDROCODONE,OXYCODONE,SPCLTY_Family Practice,STATE_FL,TRAMADOL
1013998269,FENTANYL,GENDER_M,HYDROCODONE,OXYCODONE,SPCLTY_Anesthesiology,STATE_MA,
1023000833,GENDER_M,HYDROCODONE,SPCLTY_Podiatry,STATE_OH,TRAMADOL,,
1023000916,GENDER_M,OXYCODONE,SPCLTY_Emergency Medicine,STATE_NY,,,
1023002573,GENDER_M,OXYCODONE,SPCLTY_General Surgery,STATE_MO,,,
1023003407,GENDER_M,HYDROCODONE,SPCLTY_Emergency Medicine,STATE_TX,,,
1023005923,GENDER_M,HYDROCODONE,OXYCODONE,SPCLTY_Oral Surgery (dentist,STATE_CA,,
1023006772,GENDER_M,HYDROCODONE,OXYCODONE,SPCLTY_Internal Medicine,STATE_MA,TRAMADOL,
1023008216,GENDER_M,HYDROCODONE,SPCLTY_Emergency Medicine,STATE_MD,TRAMADOL,,
1023010717,GENDER_F,HYDROCODONE,SPCLTY_Physician Assistant,STATE_MT,,,
1023011897,GENDER_M,HYDROCODONE,OXYCODONE,SPCLTY_General Surgery,STATE_NE,,
1023013356,GENDER_M,HYDROCODONE,SPCLTY_Dentist,STATE_OR,,,
1023014149,GENDER_M,OXYCODONE,SPCLTY_Cardiology,STATE_NC,,,
1023016615,GENDER_M,OXYCODONE,SPCLTY_General Surgery,STATE_DE,,,
1023018009,GENDER_F,HYDROCODONE,SPCLTY_Family Practice,STATE_CA,TRAMADOL,,
1023018728,FENTANYL,GENDER_M,HYDROCODONE,OXYCODONE,SPCLTY_Hematology/Oncology,STATE_TN,TRAMADOL
1023019064,GENDER_M,HYDROCODONE,OXYCODONE,SPCLTY_Hematology/Oncology,STATE_LA,,
1023019825,GENDER_M,HYDROCODONE,SPCLTY_Nephrology,STATE_TN,,,
1023024734,GENDER_F,OXYCODONE,SPCLTY_Physician Assistant,STATE_MD,,,
1023026127,FENTANYL,GENDER_M,HYDROCODONE,OXYCODONE,SPCLTY_Family Practice,STATE_FL,TRAMADOL
1023029790,FENTANYL,GENDER_M,HYDROCODONE,SPCLTY_Internal Medicine,STATE_NY,,
1023031200,GENDER_M,HYDROCODONE,SPCLTY_Family Practice,STATE_NY,,,
1023035094,FENTANYL,GENDER_M,HYDROCODONE,OXYCODONE,SPCLTY_Internal Medicine,STATE_GA,TRAMADOL
1023035458,GENDER_M,HYDROCODONE,SPCLTY_Dentist,STATE_TX,,,
1023037868,GENDER_M,HYDROCODONE,SPCLTY_Physician Assistant,STATE_WA,,,
1023040185,GENDER_F,HYDROCODONE,SPCLTY_General Surgery,STATE_MD,,,
1023040243,GENDER_M,HYDROCODONE,OXYCODONE,SPCLTY_Family Practice,STATE_FL,TRAMADOL,
1023043635,GENDER_M,HYDROCODONE,SPCLTY_Internal Medicine,STATE_CA,,,
1023045135,GENDER_F,HYDROCODONE,SPCLTY_Nurse Practitioner,STATE_NC,TRAMADOL,,
1023049525,GENDER_M,OXYCODONE,SPCLTY_Physician Assistant,STATE_MA,,,
1023051315,GENDER_M,HYDROCODONE,SPCLTY_Dermatology,STATE_IL,,,
1023052271,GENDER_F,HYDROCODONE,SPCLTY_Physician Assistant,STATE_TN,,,
1023053295,GENDER_M,HYDROCODONE,OXYCODONE,SPCLTY_Family Practice,STATE_NC,TRAMADOL,
1023057353,GENDER_M,HYDROCODONE,SPCLTY_General Surgery,STATE_TX,,,
1023058815,GENDER_M,HYDROCODONE,SPCLTY_Internal Medicine,STATE_TX,TRAMADOL,,
1023060233,GENDER_M,SPCLTY_Rheumatology,STATE_CA,TRAMADOL,,,
1023062353,FENTANYL,GENDER_M,SPCLTY_Nephrology,STATE_PA,TRAMADOL,,
1023067972,GENDER_M,HYDROCODONE,SPCLTY_Thoracic Surgery,STATE_TN,,,
1023070364,GENDER_M,HYDROCODONE,SPCLTY_Cardiology,STATE_WI,,,
1023076098,GENDER_M,SPCLTY_Physician Assistant,STATE_FL,TRAMADOL,,,
1023077336,FENTANYL,GENDER_M,HYDROCODONE,OXYCODONE,SPCLTY_Family Practice,STATE_AR,TRAMADOL
1023078722,GENDER_M,HYDROCODONE,SPCLTY_Emergency Medicine,STATE_TX,,,
1023079084,GENDER_F,HYDROCODONE,SPCLTY_Nurse Practitioner,STATE_NJ,,,
1023079225,GENDER_M,HYDROCODONE,SPCLTY_Family Practice,STATE_MI,,,
1023081551,GENDER_F,HYDROCODONE,OXYCODONE,SPCLTY_Nurse Practitioner,STATE_VA,TRAMADOL,
1023084142,GENDER_M,HYDROCODONE,OXYCODONE,SPCLTY_Internal Medicine,STATE_VA,TRAMADOL,
1023084266,GENDER_M,HYDROCODONE,OXYCODONE,SPCLTY_Internal Medicine,STATE_AZ,,
1023085081,GENDER_M,SPCLTY_Endocrinology,STATE_GA,TRAMADOL,,,
1023086725,GENDER_F,HYDROCODONE,OXYCODONE,SPCLTY_Family Practice,STATE_IN,TRAMADOL,
1023087566,GENDER_F,HYDROCODONE,OXYCODONE,SPCLTY_Family Practice,STATE_MA,TRAMADOL,
1023087715,GENDER_M,HYDROCODONE,OXYCODONE,SPCLTY_Hematology/Oncology,STATE_MN,,
1023087921,GENDER_M,HYDROCODONE,SPCLTY_Internal Medicine,STATE_FL,TRAMADOL,,
1023087962,GENDER_M,SPCLTY_Endocrinology,STATE_SC,TRAMADOL,,,
1023088143,GENDER_M,HYDROCODONE,SPCLTY_Oral Surgery (dentist,STATE_TX,,,
1023088960,GENDER_F,HYDROCODONE,SPCLTY_Emergency Medicine,STATE_VA,,,
1023095734,GENDER_M,HYDROCODONE,OXYCODONE,SPCLTY_Oral Surgery (dentist,STATE_AZ,,
1023095775,GENDER_M,HYDROCODONE,SPCLTY_Family Practice,STATE_MN,TRAMADOL,,
1023097847,GENDER_F,HYDROCODONE,SPCLTY_Emergency Medicine,STATE_WA,TRAMADOL,,
1023100690,GENDER_F,SPCLTY_Internal Medicine,STATE_NY,TRAMADOL,,,
1023100773,FENTANYL,GENDER_M,HYDROCODONE,OXYCODONE,SPCLTY_Family Practice,STATE_MO,TRAMADOL
1023100914,GENDER_M,HYDROCODONE,SPCLTY_Rheumatology,STATE_TN,TRAMADOL,,
1023101649,GENDER_F,HYDROCODONE,SPCLTY_Emergency Medicine,STATE_TX,TRAMADOL,,
1023102803,GENDER_F,HYDROCODONE,SPCLTY_Emergency Medicine,STATE_MI,,,
1023109394,GENDER_M,OXYCODONE,SPCLTY_General Surgery,STATE_NY,,,
1023109899,GENDER_M,HYDROCODONE,OXYCODONE,SPCLTY_Cardiac Surgery,STATE_IN,,
1023112752,GENDER_M,OXYCODONE,SPCLTY_Internal Medicine,STATE_NY,TRAMADOL,,
1023115334,GENDER_M,HYDROCODONE,SPCLTY_Family Practice,STATE_MS,,,
1023116373,GENDER_F,HYDROCODONE,SPCLTY_Emergency Medicine,STATE_MN,,,
1023119195,GENDER_F,OXYCODONE,SPCLTY_Rheumatology,STATE_NJ,TRAMADOL,,
1023120060,GENDER_F,HYDROCODONE,SPCLTY_Family Practice,STATE_CA,TRAMADOL,,
1023125127,GENDER_M,HYDROCODONE,SPCLTY_Podiatry,STATE_IL,,,
1023131778,GENDER_F,OXYCODONE,SPCLTY_Rehabilitation Agency,STATE_CA,,,
1023137551,FENTANYL,GENDER_F,HYDROCODONE,OXYCODONE,SPCLTY_Nurse Practitioner,STATE_NY,TRAMADOL
1023142684,FENTANYL,GENDER_F,HYDROCODONE,SPCLTY_Nurse Practitioner,STATE_OH,TRAMADOL,
1023147410,GENDER_M,HYDROCODONE,SPCLTY_General Surgery,STATE_TX,,,
1023149481,FENTANYL,GENDER_F,HYDROCODONE,OXYCODONE,SPCLTY_Nurse Practitioner,STATE_FL,TRAMADOL
1023153723,FENTANYL,GENDER_M,HYDROCODONE,OXYCODONE,SPCLTY_Physician Assistant,STATE_CO,TRAMADOL
1023156791,GENDER_F,HYDROCODONE,SPCLTY_Physician Assistant,STATE_OK,TRAMADOL,,
1023157773,GENDER_F,SPCLTY_Internal Medicine,STATE_IN,TRAMADOL,,,
1023166931,FENTANYL,GENDER_F,HYDROCODONE,OXYCODONE,SPCLTY_Family Practice,STATE_CA,TRAMADOL
1023175320,GENDER_M,HYDROCODONE,SPCLTY_Dentist,STATE_KY,,,
1023178530,GENDER_M,HYDROCODONE,OXYCODONE,SPCLTY_General Surgery,STATE_NM,,
1023185030,GENDER_M,HYDROCODONE,SPCLTY_General Surgery,STATE_CA,,,
1023187622,GENDER_M,HYDROCODONE,OXYCODONE,SPCLTY_Internal Medicine,STATE_WA,,
1023192481,GENDER_M,HYDROCODONE,SPCLTY_Otolaryngology,STATE_LA,,,
1023193786,FENTANYL,GENDER_F,HYDROCODONE,OXYCODONE,SPCLTY_Family Practice,STATE_CA,
1023195807,GENDER_M,HYDROCODONE,OXYCODONE,SPCLTY_General Surgery,STATE_TN,,
1023198967,GENDER_M,SPCLTY_Dentist,STATE_AZ,TRAMADOL,,,
1023199213,GENDER_M,HYDROCODONE,SPCLTY_Dentist,STATE_AL,,,
1023211547,GENDER_M,HYDROCODONE,SPCLTY_Urology,STATE_TX,TRAMADOL,,
1023213238,FENTANYL,GENDER_M,HYDROCODONE,OXYCODONE,SPCLTY_Family Practice,STATE_CO,TRAMADOL
1023213287,GENDER_M,HYDROCODONE,SPCLTY_Dentist,STATE_UT,,,
1023217577,GENDER_F,HYDROCODONE,SPCLTY_General Surgery,STATE_CA,,,
1023223708,GENDER_M,HYDROCODONE,OXYCODONE,SPCLTY_Orthopedic Surgery,STATE_NH,,
1023227493,GENDER_M,HYDROCODONE,OXYCODONE,SPCLTY_General Surgery,STATE_VA,,
1023228624,FENTANYL,GENDER_M,HYDROCODONE,SPCLTY_Physical Medicine and,STATE_AL,TRAMADOL,
1023229770,GENDER_F,HYDROCODONE,SPCLTY_Emergency Medicine,STATE_LA,,,
1023233129,GENDER_F,HYDROCODONE,SPCLTY_Family Practice,STATE_GA,TRAMADOL,,
1023239191,GENDER_F,HYDROCODONE,OXYCODONE,SPCLTY_General Practice,STATE_CA,,
1023240645,GENDER_F,HYDROCODONE,SPCLTY_Nurse Practitioner,STATE_CO,,,
1023241593,GENDER_F,OXYCODONE,SPCLTY_Physician Assistant,STATE_MA,,,
1023246253,GENDER_M,HYDROCODONE,SPCLTY_Dentist,STATE_LA,,,
1023253531,GENDER_M,HYDROCODONE,SPCLTY_Internal Medicine,STATE_IL,TRAMADOL,,
1023259819,GENDER_M,HYDROCODONE,SPCLTY_Family Practice,STATE_CA,,,
1023263811,GENDER_F,OXYCODONE,SPCLTY_Emergency Medicine,STATE_PA,,,
1023267366,FENTANYL,GENDER_F,OXYCODONE,SPCLTY_Hematology/Oncology,STATE_NC,,
1023290533,GENDER_M,OXYCODONE,SPCLTY_Urology,STATE_CA,,,
1023292596,GENDER_M,HYDROCODONE,SPCLTY_Psychiatry,STATE_AL,,,
1023294154,GENDER_F,OXYCODONE,SPCLTY_Nurse Practitioner,STATE_TN,,,
1023297397,GENDER_M,HYDROCODONE,OXYCODONE,SPCLTY_Internal Medicine,STATE_NC,TRAMADOL,
1023307998,GENDER_F,HYDROCODONE,OXYCODONE,SPCLTY_Nurse Practitioner,STATE_TN,TRAMADOL,
1023309986,GENDER_F,OXYCODONE,SPCLTY_Student in an Organiz,STATE_AR,,,
1023316452,GENDER_M,OXYCODONE,SPCLTY_Nurse Practitioner,STATE_AZ,,,
1023324415,FENTANYL,GENDER_F,HYDROCODONE,OXYCODONE,SPCLTY_Nurse Practitioner,STATE_OR,
1023326923,GENDER_M,HYDROCODONE,SPCLTY_Physician Assistant,STATE_CA,,,
1023329877,GENDER_F,OXYCODONE,SPCLTY_Physician Assistant,STATE_DC,TRAMADOL,,
1023336104,GENDER_M,HYDROCODONE,OXYCODONE,SPCLTY_Oral Surgery (dentist,STATE_NE,,
1023336211,GENDER_M,HYDROCODONE,OXYCODONE,SPCLTY_Family Practice,STATE_IN,,
1023336526,FENTANYL,GENDER_F,HYDROCODONE,OXYCODONE,SPCLTY_Family Practice,STATE_NC,TRAMADOL
1023338340,GENDER_F,HYDROCODONE,SPCLTY_Family Practice,STATE_TX,,,
1023360765,GENDER_F,OXYCODONE,SPCLTY_Physician Assistant,STATE_MN,TRAMADOL,,
1023371044,GENDER_M,HYDROCODONE,OXYCODONE,SPCLTY_Family Practice,STATE_SC,,
1023373479,GENDER_F,SPCLTY_Nurse Practitioner,STATE_IL,TRAMADOL,,,
1023379203,GENDER_M,OXYCODONE,SPCLTY_Orthopedic Surgery,STATE_NY,,,
1023379989,GENDER_F,HYDROCODONE,SPCLTY_Nurse Practitioner,STATE_WA,,,
1023380599,GENDER_F,SPCLTY_Physician Assistant,STATE_FL,TRAMADOL,,,
1023392636,GENDER_F,HYDROCODONE,SPCLTY_Physician Assistant,STATE_ID,,,
1023397940,GENDER_M,OXYCODONE,SPCLTY_Physician Assistant,STATE_OR,,,
1023436763,GENDER_F,OXYCODONE,SPCLTY_Student in an Organiz,STATE_NC,,,
1023446473,GENDER_F,HYDROCODONE,SPCLTY_Dentist,STATE_TX,,,
1023451887,GENDER_F,HYDROCODONE,SPCLTY_Physician Assistant,STATE_MI,TRAMADOL,,
1023455805,GENDER_F,HYDROCODONE,OXYCODONE,SPCLTY_Student in an Organiz,STATE_OR,,
1033100334,GENDER_M,HYDROCODONE,SPCLTY_Radiation Oncology,STATE_OH,,,
1033100615,GENDER_M,SPCLTY_Family Medicine,STATE_AZ,TRAMADOL,,,
1033101415,FENTANYL,GENDER_M,HYDROCODONE,SPCLTY_Emergency Medicine,STATE_TX,TRAMADOL,
1033102918,FENTANYL,GENDER_M,HYDROCODONE,OXYCODONE,SPCLTY_Family Practice,STATE_OH,TRAMADOL
1033106331,GENDER_F,HYDROCODONE,SPCLTY_Physician Assistant,STATE_MI,TRAMADOL,,
1033107941,GENDER_M,HYDROCODONE,OXYCODONE,SPCLTY_Interventional Pain M,STATE_MD,TRAMADOL,
1033108436,GENDER_M,HYDROCODONE,OXYCODONE,SPCLTY_General Surgery,STATE_AL,,
1033109236,FENTANYL,GENDER_M,HYDROCODONE,OXYCODONE,SPCLTY_Family Practice,STATE_RI,TRAMADOL
1033109806,GENDER_F,HYDROCODONE,OXYCODONE,SPCLTY_Nurse Practitioner,STATE_CO,TRAMADOL,
1033109939,GENDER_F,HYDROCODONE,OXYCODONE,SPCLTY_Family Practice,STATE_FL,TRAMADOL,
1033114459,GENDER_M,HYDROCODONE,SPCLTY_Medical Oncology,STATE_TX,,,
1033115241,FENTANYL,GENDER_M,HYDROCODONE,OXYCODONE,SPCLTY_Internal Medicine,STATE_PA,TRAMADOL
1033118898,GENDER_M,HYDROCODONE,SPCLTY_Emergency Medicine,STATE_SC,TRAMADOL,,
1033119169,GENDER_F,SPCLTY_Physician Assistant,STATE_TX,TRAMADOL,,,
1033123393,GENDER_M,HYDROCODONE,SPCLTY_Family Practice,STATE_PA,,,
1033128475,GENDER_M,HYDROCODONE,SPCLTY_Podiatry,STATE_WI,,,
1033128574,GENDER_M,HYDROCODONE,OXYCODONE,SPCLTY_Internal Medicine,STATE_MD,TRAMADOL,
1033129671,GENDER_F,HYDROCODONE,SPCLTY_Pediatric Medicine,STATE_VA,,,
1033134382,GENDER_M,HYDROCODONE,SPCLTY_Emergency Medicine,STATE_IN,TRAMADOL,,
1033134796,GENDER_M,HYDROCODONE,OXYCODONE,SPCLTY_General Surgery,STATE_ME,,
1033140918,GENDER_M,SPCLTY_Ophthalmology,STATE_KY,TRAMADOL,,,
1033141189,GENDER_M,OXYCODONE,SPCLTY_Obstetrics/Gynecology,STATE_LA,,,
1033141585,GENDER_M,HYDROCODONE,SPCLTY_Emergency Medicine,STATE_WA,,,
1033142203,GENDER_M,HYDROCODONE,OXYCODONE,SPCLTY_Orthopedic Surgery,STATE_WI,TRAMADOL,
1033142641,GENDER_F,HYDROCODONE,SPCLTY_Podiatry,STATE_TX,TRAMADOL,,
1033143169,GENDER_F,HYDROCODONE,SPCLTY_Nurse Practitioner,STATE_KY,,,
1033143318,GENDER_M,OXYCODONE,SPCLTY_Emergency Medicine,STATE_WI,TRAMADOL,,
1033148473,GENDER_M,HYDROCODONE,SPCLTY_Otolaryngology,STATE_OH,,,
1033149653,GENDER_M,HYDROCODONE,SPCLTY_Dentist,STATE_NC,,,
1033154000,GENDER_M,HYDROCODONE,OXYCODONE,SPCLTY_Family Practice,STATE_GA,TRAMADOL,
1033157144,GENDER_M,HYDROCODONE,SPCLTY_General Surgery,STATE_GA,,,
1033160296,GENDER_M,HYDROCODONE,SPCLTY_Emergency Medicine,STATE_MI,,,
1033160841,GENDER_M,OXYCODONE,SPCLTY_Family Practice,STATE_LA,,,
1033161682,GENDER_M,OXYCODONE,SPCLTY_General Surgery,STATE_PA,,,
1033162110,FENTANYL,GENDER_M,HYDROCODONE,OXYCODONE,SPCLTY_Internal Medicine,STATE_GA,TRAMADOL
1033162474,FENTANYL,GENDER_F,SPCLTY_Pediatric Medicine,STATE_MI,,,
1033164157,GENDER_M,HYDROCODONE,OXYCODONE,SPCLTY_Family Practice,STATE_PA,TRAMADOL,
1033164918,GENDER_M,HYDROCODONE,SPCLTY_Emergency Medicine,STATE_LA,,,
1033165360,GENDER_M,OXYCODONE,SPCLTY_Urology,STATE_PA,,,
1033166293,GENDER_F,HYDROCODONE,SPCLTY_Internal Medicine,STATE_MA,TRAMADOL,,
1033166962,GENDER_M,HYDROCODONE,OXYCODONE,SPCLTY_Orthopedic Surgery,STATE_LA,TRAMADOL,
1033167283,GENDER_M,OXYCODONE,SPCLTY_Internal Medicine,STATE_OH,TRAMADOL,,
1033168059,GENDER_M,HYDROCODONE,SPCLTY_Family Practice,STATE_TN,,,
1033170089,GENDER_M,HYDROCODONE,OXYCODONE,SPCLTY_Dentist,STATE_PA,,
1033172564,GENDER_F,OXYCODONE,SPCLTY_Nurse Practitioner,STATE_PA,,,
1033172978,GENDER_M,OXYCODONE,SPCLTY_Colorectal Surgery (f,STATE_FL,,,
1033173596,GENDER_F,OXYCODONE,SPCLTY_Emergency Medicine,STATE_OH,,,
1033173919,GENDER_M,HYDROCODONE,SPCLTY_General Surgery,STATE_CA,,,
1033174826,FENTANYL,GENDER_M,HYDROCODONE,OXYCODONE,SPCLTY_Internal Medicine,STATE_CA,TRAMADOL
1033175138,GENDER_M,HYDROCODONE,OXYCODONE,SPCLTY_Orthopedic Surgery,STATE_AR,TRAMADOL,
1033176581,GENDER_F,HYDROCODONE,SPCLTY_Hematology/Oncology,STATE_CA,,,
1033177654,GENDER_F,HYDROCODONE,OXYCODONE,SPCLTY_Nurse Practitioner,STATE_TN,TRAMADOL,
1033179817,GENDER_F,HYDROCODONE,OXYCODONE,SPCLTY_Family Practice,STATE_WV,TRAMADOL,
1033180823,GENDER_M,HYDROCODONE,OXYCODONE,SPCLTY_Internal Medicine,STATE_NC,TRAMADOL,
1033181250,GENDER_F,HYDROCODONE,SPCLTY_Internal Medicine,STATE_NY,,,
1033182274,GENDER_F,HYDROCODONE,SPCLTY_Family Practice,STATE_MD,TRAMADOL,,
1033183470,GENDER_M,HYDROCODONE,OXYCODONE,SPCLTY_Emergency Medicine,STATE_NV,,
1033183728,GENDER_M,HYDROCODONE,SPCLTY_Cardiac Surgery,STATE_IL,TRAMADOL,,
1033184213,GENDER_M,HYDROCODONE,OXYCODONE,SPCLTY_Orthopedic Surgery,STATE_MN,,
1033184692,GENDER_M,OXYCODONE,SPCLTY_Hematology/Oncology,STATE_NY,,,
1033185210,GENDER_F,SPCLTY_Physician Assistant,STATE_VA,TRAMADOL,,,
1033186804,GENDER_M,HYDROCODONE,SPCLTY_Podiatry,STATE_NY,,,
1033188461,GENDER_M,OXYCODONE,SPCLTY_Plastic and Reconstru,STATE_NJ,,,
1033189535,GENDER_M,HYDROCODONE,OXYCODONE,SPCLTY_Orthopedic Surgery,STATE_IA,TRAMADOL,
1033190970,GENDER_F,HYDROCODONE,SPCLTY_Vascular Surgery,STATE_CA,,,
1033192497,GENDER_M,HYDROCODONE,OXYCODONE,SPCLTY_Orthopedic Surgery,STATE_PA,TRAMADOL,
1033193826,GENDER_F,HYDROCODONE,SPCLTY_Otolaryngology,STATE_CA,,,
1033195813,FENTANYL,GENDER_F,HYDROCODONE,OXYCODONE,SPCLTY_Internal Medicine,STATE_MN,TRAMADOL
1033195870,GENDER_M,HYDROCODONE,OXYCODONE,SPCLTY_Internal Medicine,STATE_FL,,
1033196423,GENDER_F,HYDROCODONE,SPCLTY_Urology,STATE_CA,,,
1033201298,GENDER_M,OXYCODONE,SPCLTY_Physician Assistant,STATE_CA,,,
1033201462,GENDER_F,OXYCODONE,SPCLTY_General Surgery,STATE_MA,,,
1033205745,FENTANYL,GENDER_M,HYDROCODONE,OXYCODONE,SPCLTY_Internal Medicine,STATE_RI,TRAMADOL
1033214036,GENDER_M,HYDROCODONE,OXYCODONE,SPCLTY_Family Practice,STATE_NC,TRAMADOL,
1033214994,GENDER_M,HYDROCODONE,SPCLTY_General Surgery,STATE_IL,,,
1033227723,GENDER_M,HYDROCODONE,SPCLTY_Family Practice,STATE_TX,TRAMADOL,,
1033228671,FENTANYL,GENDER_M,HYDROCODONE,OXYCODONE,SPCLTY_Hematology/Oncology,STATE_GA,TRAMADOL
1033230016,GENDER_F,HYDROCODONE,SPCLTY_Nurse Practitioner,STATE_IL,,,
1033232095,GENDER_M,HYDROCODONE,OXYCODONE,SPCLTY_Family Practice,STATE_WA,,
1033233895,GENDER_M,HYDROCODONE,SPCLTY_Physician Assistant,STATE_TX,,,
1033235627,GENDER_F,HYDROCODONE,SPCLTY_General Surgery,STATE_TX,,,
1033246061,GENDER_F,HYDROCODONE,OXYCODONE,SPCLTY_Internal Medicine,STATE_CO,TRAMADOL,
1033250428,GENDER_M,HYDROCODONE,SPCLTY_General Surgery,STATE_CA,,,
1033265426,GENDER_M,HYDROCODONE,SPCLTY_Dentist,STATE_FL,,,
1033267679,GENDER_M,HYDROCODONE,SPCLTY_Internal Medicine,STATE_AR,,,
1033270806,GENDER_F,HYDROCODONE,SPCLTY_Internal Medicine,STATE_TX,,,
1033273255,GENDER_F,HYDROCODONE,SPCLTY_Nurse Practitioner,STATE_OR,,,
1033273446,GENDER_M,HYDROCODONE,OXYCODONE,SPCLTY_Obstetrics/Gynecology,STATE_WA,,
1033276456,GENDER_F,HYDROCODONE,OXYCODONE,SPCLTY_Family Practice,STATE_LA,TRAMADOL,
1033276696,GENDER_F,HYDROCODONE,SPCLTY_Family Practice,STATE_CA,,,
1033279625,GENDER_M,HYDROCODONE,OXYCODONE,SPCLTY_Internal Medicine,STATE_MD,TRAMADOL,
1033279906,GENDER_M,HYDROCODONE,OXYCODONE,SPCLTY_Urology,STATE_MI,TRAMADOL,
1033280136,GENDER_M,HYDROCODONE,SPCLTY_Dentist,STATE_ID,,,
1033287164,FENTANYL,GENDER_M,OXYCODONE,SPCLTY_Family Practice,STATE_NJ,TRAMADOL,
1033297734,GENDER_M,HYDROCODONE,SPCLTY_Internal Medicine,STATE_CA,TRAMADOL,,
1033301684,GENDER_M,HYDROCODONE,OXYCODONE,SPCLTY_Internal Medicine,STATE_CO,TRAMADOL,
1033313556,FENTANYL,GENDER_M,HYDROCODONE,SPCLTY_Pain Management,STATE_TX,TRAMADOL,
1033314513,GENDER_M,HYDROCODONE,SPCLTY_Internal Medicine,STATE_MI,,,
1033320148,GENDER_F,HYDROCODONE,SPCLTY_Physician Assistant,STATE_CA,TRAMADOL,,
1033322698,GENDER_M,HYDROCODONE,SPCLTY_Family Practice,STATE_MI,TRAMADOL,,
1033325816,GENDER_F,SPCLTY_Neurology,STATE_NC,TRAMADOL,,,
1033327150,GENDER_M,HYDROCODONE,OXYCODONE,SPCLTY_Orthopedic Surgery,STATE_FL,,
1033341441,GENDER_F,HYDROCODONE,SPCLTY_Physician Assistant,STATE_NY,,,
1033346382,GENDER_F,HYDROCODONE,SPCLTY_Family Practice,STATE_TX,TRAMADOL,,
1033348677,GENDER_F,OXYCODONE,SPCLTY_Nurse Practitioner,STATE_NY,,,
1033349626,GENDER_F,HYDROCODONE,SPCLTY_Family Practice,STATE_MI,,,
1033350103,GENDER_M,HYDROCODONE,SPCLTY_Family Practice,STATE_CA,TRAMADOL,,
1033352463,GENDER_M,HYDROCODONE,OXYCODONE,SPCLTY_Internal Medicine,STATE_MO,,
1033355912,GENDER_F,HYDROCODONE,OXYCODONE,SPCLTY_Internal Medicine,STATE_PA,TRAMADOL,
1033368246,GENDER_M,HYDROCODONE,SPCLTY_General Practice,STATE_AR,TRAMADOL,,
1033372156,GENDER_F,HYDROCODONE,SPCLTY_Family Practice,STATE_MI,,,
1033375191,GENDER_F,HYDROCODONE,SPCLTY_Physician Assistant,STATE_CA,,,
1033395074,GENDER_M,HYDROCODONE,OXYCODONE,SPCLTY_Dermatology,STATE_TX,,
1033396866,GENDER_F,HYDROCODONE,SPCLTY_Emergency Medicine,STATE_GA,TRAMADOL,,
1033401997,GENDER_M,OXYCODONE,SPCLTY_Urology,STATE_FL,,,
1033403381,GENDER_F,HYDROCODONE,OXYCODONE,SPCLTY_Nurse Practitioner,STATE_OH,TRAMADOL,
1033414719,GENDER_F,OXYCODONE,SPCLTY_Physician Assistant,STATE_NJ,,,
1033415732,GENDER_M,OXYCODONE,SPCLTY_General Surgery,STATE_PA,,,
1033420823,FENTANYL,GENDER_F,HYDROCODONE,OXYCODONE,SPCLTY_Physician Assistant,STATE_CO,TRAMADOL
1033438783,GENDER_F,OXYCODONE,SPCLTY_Emergency Medicine,STATE_OH,,,
1033439930,GENDER_F,OXYCODONE,SPCLTY_Nurse Practitioner,STATE_TN,,,
1033446349,GENDER_M,OXYCODONE,SPCLTY_Family Practice,STATE_FL,,,
1033454921,GENDER_M,OXYCODONE,SPCLTY_Physician Assistant,STATE_NJ,,,
1033459193,GENDER_F,HYDROCODONE,SPCLTY_Nurse Practitioner,STATE_LA,TRAMADOL,,
1033466362,GENDER_F,HYDROCODONE,SPCLTY_Physician Assistant,STATE_CA,,,
1033476759,GENDER_F,HYDROCODONE,OXYCODONE,SPCLTY_Family Practice,STATE_KS,TRAMADOL,
1033484357,GENDER_F,HYDROCODONE,SPCLTY_Physician Assistant,STATE_GA,TRAMADOL,,
1033486758,GENDER_F,HYDROCODONE,SPCLTY_Family Practice,STATE_IL,,,
1033489273,GENDER_F,HYDROCODONE,SPCLTY_Physician Assistant,STATE_PA,,,
1033499538,GENDER_F,SPCLTY_Physician Assistant,STATE_IL,TRAMADOL,,,
1033524954,GENDER_F,SPCLTY_Nurse Practitioner,STATE_OH,TRAMADOL,,,
1033538277,GENDER_M,OXYCODONE,SPCLTY_Student in an Organiz,STATE_VA,,,
1043201478,GENDER_M,HYDROCODONE,SPCLTY_Orthopedic Surgery,STATE_IL,TRAMADOL,,
1043203599,FENTANYL,GENDER_F,HYDROCODONE,OXYCODONE,SPCLTY_Family Practice,STATE_GA,TRAMADOL
1043204266,GENDER_F,HYDROCODONE,SPCLTY_Nurse Practitioner,STATE_SC,,,
1043205305,FENTANYL,GENDER_M,HYDROCODONE,OXYCODONE,SPCLTY_Anesthesiology,STATE_FL,TRAMADOL
1043206113,GENDER_M,HYDROCODONE,SPCLTY_Emergency Medicine,STATE_IA,,,
1043207251,FENTANYL,GENDER_F,HYDROCODONE,SPCLTY_Medical Oncology,STATE_IL,TRAMADOL,
1043210263,GENDER_M,HYDROCODONE,OXYCODONE,SPCLTY_Hematology/Oncology,STATE_FL,,
1043210867,GENDER_M,HYDROCODONE,SPCLTY_Physician Assistant,STATE_WA,,,
1043211311,GENDER_M,HYDROCODONE,SPCLTY_Emergency Medicine,STATE_MO,,,
1043211998,GENDER_F,HYDROCODONE,OXYCODONE,SPCLTY_Family Practice,STATE_NC,TRAMADOL,
1043214927,GENDER_M,OXYCODONE,SPCLTY_Family Practice,STATE_WV,,,
1043215809,GENDER_M,HYDROCODONE,SPCLTY_Urology,STATE_AZ,,,
1043217383,GENDER_M,HYDROCODONE,SPCLTY_General Surgery,STATE_IN,,,
1043218951,GENDER_F,HYDROCODONE,SPCLTY_Family Practice,STATE_NY,,,
1043219546,GENDER_M,HYDROCODONE,SPCLTY_Urology,STATE_NE,,,
1043221013,FENTANYL,GENDER_M,HYDROCODONE,OXYCODONE,SPCLTY_Rheumatology,STATE_NC,TRAMADOL
1043223365,GENDER_F,HYDROCODONE,OXYCODONE,SPCLTY_Nurse Practitioner,STATE_KS,TRAMADOL,
1043223639,FENTANYL,GENDER_M,HYDROCODONE,OXYCODONE,SPCLTY_Family Practice,STATE_MS,TRAMADOL
1043223860,GENDER_F,HYDROCODONE,SPCLTY_Family Practice,STATE_OH,TRAMADOL,,
1043224892,GENDER_M,HYDROCODONE,SPCLTY_Emergency Medicine,STATE_TX,TRAMADOL,,
1043227713,GENDER_F,SPCLTY_Nurse Practitioner,STATE_MS,TRAMADOL,,,
1043229677,GENDER_F,HYDROCODONE,SPCLTY_Physician Assistant,STATE_MA,,,
1043231269,GENDER_F,HYDROCODONE,OXYCODONE,SPCLTY_Physician Assistant,STATE_ND,TRAMADOL,
1043233281,GENDER_M,HYDROCODONE,OXYCODONE,SPCLTY_Internal Medicine,STATE_CA,TRAMADOL,
1043235088,GENDER_M,HYDROCODONE,SPCLTY_Plastic and Reconstru,STATE_NY,,,
1043235260,GENDER_M,HYDROCODONE,SPCLTY_Internal Medicine,STATE_PA,,,
1043236045,GENDER_M,OXYCODONE,SPCLTY_Plastic and Reconstru,STATE_NY,,,
1043239544,GENDER_M,HYDROCODONE,OXYCODONE,SPCLTY_Family Practice,STATE_OH,TRAMADOL,
1043240005,GENDER_F,HYDROCODONE,OXYCODONE,SPCLTY_Internal Medicine,STATE_WA,TRAMADOL,
1043240781,GENDER_M,HYDROCODONE,SPCLTY_General Surgery,STATE_IN,,,
1043243629,GENDER_M,HYDROCODONE,OXYCODONE,SPCLTY_Internal Medicine,STATE_NM,TRAMADOL,
1043250392,GENDER_F,HYDROCODONE,SPCLTY_Family Practice,STATE_TX,,,
1043252331,GENDER_M,HYDROCODONE,SPCLTY_Internal Medicine,STATE_AL,TRAMADOL,,
1043252406,GENDER_M,OXYCODONE,SPCLTY_Internal Medicine,STATE_NY,TRAMADOL,,
1043253958,FENTANYL,GENDER_M,HYDROCODONE,OXYCODONE,SPCLTY_Internal Medicine,STATE_CA,TRAMADOL
1043259476,FENTANYL,GENDER_M,HYDROCODONE,SPCLTY_Hematology/Oncology,STATE_TX,TRAMADOL,
1043262819,GENDER_M,HYDROCODONE,OXYCODONE,SPCLTY_Neurology,STATE_NY,,
1043263858,GENDER_M,HYDROCODONE,OXYCODONE,SPCLTY_Oral Surgery (dentist,STATE_KS,,
1043264732,GENDER_M,SPCLTY_Family Practice,STATE_OK,TRAMADOL,,,
1043265655,GENDER_M,HYDROCODONE,OXYCODONE,SPCLTY_Family Practice,STATE_AR,,
1043268741,GENDER_M,OXYCODONE,SPCLTY_Otolaryngology,STATE_AZ,,,
1043269467,GENDER_M,HYDROCODONE,OXYCODONE,SPCLTY_Emergency Medicine,STATE_AZ,TRAMADOL,
1043270440,GENDER_M,HYDROCODONE,SPCLTY_Physician Assistant,STATE_MN,TRAMADOL,,
1043271984,GENDER_M,HYDROCODONE,SPCLTY_Internal Medicine,STATE_NJ,TRAMADOL,,
1043273436,GENDER_F,OXYCODONE,SPCLTY_Nurse Practitioner,STATE_TN,,,
1043273543,GENDER_F,HYDROCODONE,SPCLTY_Cardiology,STATE_NM,TRAMADOL,,
1043275670,FENTANYL,GENDER_F,HYDROCODONE,OXYCODONE,SPCLTY_Internal Medicine,STATE_GA,TRAMADOL
1043277536,GENDER_M,HYDROCODONE,SPCLTY_Emergency Medicine,STATE_OR,,,
1043278427,GENDER_M,HYDROCODONE,SPCLTY_General Surgery,STATE_FL,,,
1043278674,GENDER_M,SPCLTY_Family Practice,STATE_CT,TRAMADOL,,,
1043279029,FENTANYL,GENDER_M,HYDROCODONE,OXYCODONE,SPCLTY_Family Practice,STATE_MI,TRAMADOL
1043280910,FENTANYL,GENDER_M,HYDROCODONE,SPCLTY_Internal Medicine,STATE_TX,TRAMADOL,
1043283674,FENTANYL,GENDER_M,HYDROCODONE,OXYCODONE,SPCLTY_Internal Medicine,STATE_MD,TRAMADOL
1043284714,FENTANYL,GENDER_F,HYDROCODONE,OXYCODONE,SPCLTY_Family Practice,STATE_SD,TRAMADOL
1043285893,GENDER_M,HYDROCODONE,OXYCODONE,SPCLTY_Orthopedic Surgery,STATE_WA,,
1043287329,FENTANYL,GENDER_M,HYDROCODONE,OXYCODONE,SPCLTY_Family Practice,STATE_MI,TRAMADOL
1043287618,GENDER_M,HYDROCODONE,SPCLTY_Orthopedic Surgery,STATE_CA,,,
1043289226,GENDER_M,OXYCODONE,SPCLTY_General Practice,STATE_PR,TRAMADOL,,
1043290596,GENDER_F,HYDROCODONE,OXYCODONE,SPCLTY_Rheumatology,STATE_NH,TRAMADOL,
1043292246,GENDER_M,HYDROCODONE,OXYCODONE,SPCLTY_Medical Oncology,STATE_MO,,
1043293038,GENDER_M,OXYCODONE,SPCLTY_Hematology/Oncology,STATE_FL,TRAMADOL,,
1043294606,GENDER_M,HYDROCODONE,OXYCODONE,SPCLTY_Family Practice,STATE_AZ,TRAMADOL,
1043295306,GENDER_F,HYDROCODONE,SPCLTY_Emergency Medicine,STATE_CO,,,
1043295363,GENDER_M,HYDROCODONE,OXYCODONE,SPCLTY_Internal Medicine,STATE_CA,TRAMADOL,
1043297799,GENDER_M,HYDROCODONE,SPCLTY_Family Practice,STATE_IL,TRAMADOL,,
1043297849,GENDER_F,HYDROCODONE,SPCLTY_Family Practice,STATE_TX,TRAMADOL,,
1043297955,FENTANYL,GENDER_M,HYDROCODONE,OXYCODONE,SPCLTY_Family Practice,STATE_MI,TRAMADOL
1043298342,GENDER_M,HYDROCODONE,SPCLTY_Emergency Medicine,STATE_MI,,,
1043306244,GENDER_M,HYDROCODONE,OXYCODONE,SPCLTY_Family Practice,STATE_NC,TRAMADOL,
1043314164,GENDER_M,SPCLTY_Internal Medicine,STATE_MI,TRAMADOL,,,
1043316854,GENDER_F,HYDROCODONE,SPCLTY_Nurse Practitioner,STATE_OH,,,
1043318173,GENDER_F,HYDROCODONE,SPCLTY_Internal Medicine,STATE_CA,,,
1043318587,GENDER_M,HYDROCODONE,OXYCODONE,SPCLTY_Anesthesiology,STATE_MD,TRAMADOL,
1043321664,GENDER_M,HYDROCODONE,SPCLTY_Internal Medicine,STATE_OK,,,
1043324148,GENDER_F,SPCLTY_Physician Assistant,STATE_FL,TRAMADOL,,,
1043324601,GENDER_M,HYDROCODONE,OXYCODONE,SPCLTY_Physical Medicine and,STATE_WA,TRAMADOL,
1043325483,GENDER_M,HYDROCODONE,OXYCODONE,SPCLTY_Internal Medicine,STATE_AZ,TRAMADOL,
1043326036,FENTANYL,GENDER_F,HYDROCODONE,OXYCODONE,SPCLTY_Pediatric Medicine,STATE_SC,TRAMADOL
1043328370,GENDER_M,HYDROCODONE,SPCLTY_Family Practice,STATE_NC,,,
1043331531,GENDER_M,HYDROCODONE,SPCLTY_Internal Medicine,STATE_FL,TRAMADOL,,
1043332711,GENDER_M,HYDROCODONE,SPCLTY_Emergency Medicine,STATE_DE,TRAMADOL,,
1043338395,GENDER_F,HYDROCODONE,SPCLTY_Gynecological/Oncolog,STATE_IL,,,
1043340938,GENDER_F,HYDROCODONE,SPCLTY_Physician Assistant,STATE_MI,,,
1043347461,GENDER_F,HYDROCODONE,SPCLTY_Nurse Practitioner,STATE_CA,TRAMADOL,,
1043356017,GENDER_F,OXYCODONE,SPCLTY_Internal Medicine,STATE_NC,,,
1043357262,GENDER_M,HYDROCODONE,OXYCODONE,SPCLTY_Family Practice,STATE_CA,TRAMADOL,
1043359177,GENDER_M,HYDROCODONE,SPCLTY_Dentist,STATE_UT,,,
1043362650,GENDER_M,HYDROCODONE,SPCLTY_Dentist,STATE_AZ,,,
1043366917,GENDER_M,OXYCODONE,SPCLTY_Emergency Medicine,STATE_OR,,,
1043367642,GENDER_M,HYDROCODONE,SPCLTY_Oral Surgery (dentist,STATE_HI,,,
1043379605,GENDER_M,HYDROCODONE,OXYCODONE,SPCLTY_Internal Medicine,STATE_CA,TRAMADOL,
1043389307,GENDER_F,HYDROCODONE,SPCLTY_Family Practice,STATE_KY,,,
1043391824,GENDER_F,SPCLTY_Nurse Practitioner,STATE_VA,TRAMADOL,,,
1043394232,GENDER_M,OXYCODONE,SPCLTY_Emergency Medicine,STATE_FL,,,
1043397904,GENDER_F,HYDROCODONE,SPCLTY_General Surgery,STATE_CA,,,
1043399322,GENDER_M,HYDROCODONE,SPCLTY_Urology,STATE_TX,TRAMADOL,,
1043401813,GENDER_F,HYDROCODONE,OXYCODONE,SPCLTY_Internal Medicine,STATE_OR,,
1043410970,GENDER_M,OXYCODONE,SPCLTY_Diagnostic Radiology,STATE_NY,,,
1043419872,GENDER_M,HYDROCODONE,SPCLTY_Urology,STATE_MO,,,
1043419906,GENDER_M,HYDROCODONE,SPCLTY_Internal Medicine,STATE_WA,,,
1043425465,GENDER_F,HYDROCODONE,OXYCODONE,SPCLTY_Internal Medicine,STATE_OH,TRAMADOL,
1043434954,GENDER_M,HYDROCODONE,SPCLTY_Oral Surgery (dentist,STATE_KY,,,
1043437197,GENDER_M,HYDROCODONE,SPCLTY_Dentist,STATE_SC,,,
1043446131,GENDER_M,OXYCODONE,SPCLTY_Podiatry,STATE_AZ,,,
1043448624,GENDER_M,HYDROCODONE,OXYCODONE,SPCLTY_Family Practice,STATE_PA,TRAMADOL,
1043452501,FENTANYL,GENDER_F,HYDROCODONE,OXYCODONE,SPCLTY_Multispecialty Clinic,STATE_TN,TRAMADOL
1043455363,GENDER_M,HYDROCODONE,OXYCODONE,SPCLTY_Internal Medicine,STATE_CA,TRAMADOL,
1043460876,GENDER_F,HYDROCODONE,SPCLTY_Physician Assistant,STATE_NV,TRAMADOL,,
1043462153,GENDER_F,HYDROCODONE,SPCLTY_Physical Medicine and,STATE_IL,,,
1043466709,GENDER_F,HYDROCODONE,SPCLTY_Family Practice,STATE_NY,TRAMADOL,,
1043466774,GENDER_F,HYDROCODONE,OXYCODONE,SPCLTY_Neurology,STATE_NY,TRAMADOL,
1043475155,GENDER_F,HYDROCODONE,SPCLTY_Family Practice,STATE_FL,TRAMADOL,,
1043475684,GENDER_F,SPCLTY_Internal Medicine,STATE_FL,TRAMADOL,,,
1043479462,GENDER_M,HYDROCODONE,SPCLTY_Nurse Practitioner,STATE_TX,TRAMADOL,,
1043491335,GENDER_M,OXYCODONE,SPCLTY_Emergency Medicine,STATE_MN,,,
1043505001,GENDER_F,HYDROCODONE,SPCLTY_Orthopaedic Surgery,STATE_TX,,,
1043506066,GENDER_M,SPCLTY_Family Practice,STATE_GA,TRAMADOL,,,
1043507866,GENDER_M,HYDROCODONE,SPCLTY_Urology,STATE_IL,,,
1043507999,GENDER_M,HYDROCODONE,SPCLTY_Emergency Medicine,STATE_IL,,,
1043522329,FENTANYL,GENDER_M,HYDROCODONE,OXYCODONE,SPCLTY_Osteopathic Manipulat,STATE_VA,TRAMADOL
1043525744,GENDER_M,HYDROCODONE,OXYCODONE,SPCLTY_Nurse Practitioner,STATE_NE,TRAMADOL,
1043531932,GENDER_F,HYDROCODONE,SPCLTY_Internal Medicine,STATE_SC,,,
1043532674,GENDER_F,HYDROCODONE,SPCLTY_Dentist,STATE_CA,,,
1043535602,GENDER_M,HYDROCODONE,OXYCODONE,SPCLTY_Vascular Surgery,STATE_VA,,
1043536790,FENTANYL,GENDER_F,OXYCODONE,SPCLTY_Nurse Practitioner,STATE_MD,,
1043544430,GENDER_F,HYDROCODONE,SPCLTY_Nurse Practitioner,STATE_TX,TRAMADOL,,
1043565062,GENDER_M,HYDROCODONE,OXYCODONE,SPCLTY_Student in an Organiz,STATE_NY,TRAMADOL,
1043565443,GENDER_M,HYDROCODONE,SPCLTY_General Surgery,STATE_MI,,,
1043568652,GENDER_F,SPCLTY_Nurse Practitioner,STATE_FL,TRAMADOL,,,
1043576366,GENDER_F,HYDROCODONE,OXYCODONE,SPCLTY_Student in an Organiz,STATE_OH,,
1043590326,GENDER_F,HYDROCODONE,OXYCODONE,SPCLTY_Internal Medicine,STATE_CO,TRAMADOL,
1043598477,FENTANYL,GENDER_M,HYDROCODONE,OXYCODONE,SPCLTY_Physician Assistant,STATE_ID,TRAMADOL
1043645690,GENDER_F,HYDROCODONE,SPCLTY_Physician Assistant,STATE_MN,,,
1043650633,GENDER_M,HYDROCODONE,SPCLTY_Family Practice,STATE_AK,TRAMADOL,,
1043653009,GENDER_M,OXYCODONE,SPCLTY_Student in an Organiz,STATE_GA,,,
1043656051,GENDER_M,OXYCODONE,SPCLTY_Student in an Organiz,STATE_OH,,,
1043657067,GENDER_M,HYDROCODONE,OXYCODONE,SPCLTY_Urology,STATE_CA,,
1043657505,GENDER_M,HYDROCODONE,SPCLTY_Dentist,STATE_WI,,,
1053301309,FENTANYL,GENDER_M,HYDROCODONE,OXYCODONE,SPCLTY_Anesthesiology,STATE_NJ,TRAMADOL
1053302729,GENDER_M,HYDROCODONE,OXYCODONE,SPCLTY_Hematology/Oncology,STATE_WI,,
1053303214,GENDER_F,HYDROCODONE,OXYCODONE,SPCLTY_Hand Surgery,STATE_TN,,
1053303255,GENDER_M,HYDROCODONE,SPCLTY_Hematology/Oncology,STATE_TX,TRAMADOL,,
1053303404,GENDER_M,HYDROCODONE,SPCLTY_Neurology,STATE_GA,TRAMADOL,,
1053304204,GENDER_M,HYDROCODONE,OXYCODONE,SPCLTY_Neurosurgery,STATE_OK,TRAMADOL,
1053307629,GENDER_M,SPCLTY_Family Practice,STATE_FL,TRAMADOL,,,
1053310292,GENDER_F,SPCLTY_Internal Medicine,STATE_CT,TRAMADOL,,,
1053311985,FENTANYL,GENDER_M,HYDROCODONE,OXYCODONE,SPCLTY_Family Practice,STATE_TX,TRAMADOL
1053314633,GENDER_M,HYDROCODONE,OXYCODONE,SPCLTY_Medical Oncology,STATE_OR,TRAMADOL,
1053315408,GENDER_M,OXYCODONE,SPCLTY_Plastic and Reconstru,STATE_LA,,,
1053315754,FENTANYL,GENDER_M,HYDROCODONE,SPCLTY_Neurology,STATE_IN,TRAMADOL,
1053317693,GENDER_M,HYDROCODONE,OXYCODONE,SPCLTY_Orthopedic Surgery,STATE_LA,TRAMADOL,
1053317719,FENTANYL,GENDER_M,SPCLTY_Family Practice,STATE_FL,TRAMADOL,,
1053317982,GENDER_M,HYDROCODONE,SPCLTY_Physical Medicine and,STATE_CO,TRAMADOL,,
1053318717,FENTANYL,GENDER_M,HYDROCODONE,OXYCODONE,SPCLTY_Hematology/Oncology,STATE_MS,
1053319632,GENDER_M,HYDROCODONE,SPCLTY_Orthopedic Surgery,STATE_TX,TRAMADOL,,
1053321547,GENDER_M,OXYCODONE,SPCLTY_Internal Medicine,STATE_NY,,,
1053322842,FENTANYL,GENDER_M,HYDROCODONE,OXYCODONE,SPCLTY_Internal Medicine,STATE_MS,TRAMADOL
1053323089,GENDER_M,HYDROCODONE,OXYCODONE,SPCLTY_Internal Medicine,STATE_OH,TRAMADOL,
1053323626,FENTANYL,GENDER_M,HYDROCODONE,OXYCODONE,SPCLTY_Osteopathic Manipulat,STATE_CA,TRAMADOL
1053323824,GENDER_M,SPCLTY_Internal Medicine,STATE_GA,TRAMADOL,,,
1053323931,GENDER_M,HYDROCODONE,SPCLTY_Orthopedic Surgery,STATE_CA,,,
1053325233,GENDER_M,HYDROCODONE,SPCLTY_Otolaryngology,STATE_IL,,,
1053331512,GENDER_M,HYDROCODONE,SPCLTY_Pulmonary Disease,STATE_AZ,TRAMADOL,,
1053334201,GENDER_M,OXYCODONE,SPCLTY_Internal Medicine,STATE_PR,TRAMADOL,,
1053334946,GENDER_M,OXYCODONE,SPCLTY_Family Practice,STATE_CO,,,
1053335281,GENDER_M,HYDROCODONE,OXYCODONE,SPCLTY_Internal Medicine,STATE_NC,TRAMADOL,
1053336479,GENDER_F,HYDROCODONE,SPCLTY_Internal Medicine,STATE_MI,,,
1053337709,GENDER_F,SPCLTY_Family Practice,STATE_TX,TRAMADOL,,,
1053340869,GENDER_M,HYDROCODONE,SPCLTY_Internal Medicine,STATE_LA,,,
1053347914,GENDER_M,HYDROCODONE,SPCLTY_Physical Medicine and,STATE_MA,,,
1053353052,GENDER_M,SPCLTY_Rheumatology,STATE_GA,TRAMADOL,,,
1053354654,GENDER_F,HYDROCODONE,SPCLTY_Family Practice,STATE_TX,TRAMADOL,,
1053355057,GENDER_M,HYDROCODONE,SPCLTY_Internal Medicine,STATE_IN,TRAMADOL,,
1053355206,GENDER_M,HYDROCODONE,OXYCODONE,SPCLTY_Family Practice,STATE_MO,TRAMADOL,
1053357871,GENDER_M,HYDROCODONE,SPCLTY_Physical Medicine and,STATE_TX,,,
1053358986,GENDER_F,HYDROCODONE,SPCLTY_Nurse Practitioner,STATE_TX,TRAMADOL,,
1053359919,GENDER_F,HYDROCODONE,SPCLTY_Orthopedic Surgery,STATE_FL,,,
1053363309,GENDER_F,HYDROCODONE,SPCLTY_Physician Assistant,STATE_WI,,,
1053363903,FENTANYL,GENDER_F,HYDROCODONE,SPCLTY_Family Practice,STATE_IL,TRAMADOL,
1053365346,GENDER_M,HYDROCODONE,SPCLTY_Family Practice,STATE_MI,TRAMADOL,,
1053365528,GENDER_M,HYDROCODONE,OXYCODONE,SPCLTY_Orthopedic Surgery,STATE_AZ,,
1053369819,GENDER_M,HYDROCODONE,OXYCODONE,SPCLTY_Internal Medicine,STATE_CT,TRAMADOL,
1053369827,GENDER_F,HYDROCODONE,OXYCODONE,SPCLTY_Internal Medicine,STATE_NV,TRAMADOL,
1053370593,GENDER_F,SPCLTY_Physician Assistant,STATE_SC,TRAMADOL,,,
1053381541,GENDER_M,HYDROCODONE,SPCLTY_Family Practice,STATE_TX,TRAMADOL,,
1053382838,GENDER_M,HYDROCODONE,SPCLTY_Podiatry,STATE_NY,,,
1053383620,GENDER_M,HYDROCODONE,SPCLTY_Urology,STATE_TX,,,
1053383752,GENDER_F,HYDROCODONE,OXYCODONE,SPCLTY_Family Practice,STATE_VA,TRAMADOL,
1053385633,GENDER_M,HYDROCODONE,SPCLTY_Orthopedic Surgery,STATE_MD,,,
1053387175,GENDER_M,HYDROCODONE,SPCLTY_Pediatric Medicine,STATE_IN,,,
1053387506,GENDER_M,OXYCODONE,SPCLTY_Family Practice,STATE_PR,TRAMADOL,,
1053388280,GENDER_M,HYDROCODONE,SPCLTY_Dentist,STATE_VA,,,
1053389429,GENDER_F,HYDROCODONE,SPCLTY_Family Practice,STATE_MN,,,
1053389742,FENTANYL,GENDER_F,HYDROCODONE,OXYCODONE,SPCLTY_Family Practice,STATE_OK,TRAMADOL
1053390823,GENDER_M,HYDROCODONE,OXYCODONE,SPCLTY_General Surgery,STATE_NC,,
1053392571,FENTANYL,GENDER_M,HYDROCODONE,OXYCODONE,SPCLTY_Pain Management,STATE_IN,TRAMADOL
1053393611,GENDER_F,HYDROCODONE,SPCLTY_Internal Medicine,STATE_NC,TRAMADOL,,
1053393678,GENDER_M,HYDROCODONE,OXYCODONE,SPCLTY_Internal Medicine,STATE_VA,TRAMADOL,
1053395020,GENDER_M,OXYCODONE,SPCLTY_Internal Medicine,STATE_MA,,,
1053399261,GENDER_M,HYDROCODONE,OXYCODONE,SPCLTY_Family Practice,STATE_OH,TRAMADOL,
1053401430,GENDER_F,HYDROCODONE,OXYCODONE,SPCLTY_Internal Medicine,STATE_NC,TRAMADOL,
1053402354,GENDER_F,HYDROCODONE,SPCLTY_Family Practice,STATE_KS,TRAMADOL,,
1053402875,GENDER_M,HYDROCODONE,SPCLTY_Family Practice,STATE_NC,TRAMADOL,,
1053403329,GENDER_M,HYDROCODONE,OXYCODONE,SPCLTY_Family Practice,STATE_OH,TRAMADOL,
1053405951,FENTANYL,GENDER_F,HYDROCODONE,OXYCODONE,SPCLTY_Anesthesiology,STATE_OK,TRAMADOL
1053408435,GENDER_M,HYDROCODONE,SPCLTY_Nephrology,STATE_CA,,,
1053417089,FENTANYL,GENDER_M,HYDROCODONE,OXYCODONE,SPCLTY_Internal Medicine,STATE_OR,TRAMADOL
1053417238,GENDER_M,HYDROCODONE,SPCLTY_Pulmonary Disease,STATE_IL,,,
1053426031,GENDER_M,HYDROCODONE,SPCLTY_Gastroenterology,STATE_IL,,,
1053430082,GENDER_M,HYDROCODONE,OXYCODONE,SPCLTY_Emergency Medicine,STATE_SC,TRAMADOL,
1053457531,GENDER_F,HYDROCODONE,OXYCODONE,SPCLTY_Family Practice,STATE_WA,TRAMADOL,
1053457986,GENDER_M,OXYCODONE,SPCLTY_Neurology,STATE_NJ,TRAMADOL,,
1053463901,GENDER_M,HYDROCODONE,SPCLTY_Dentist,STATE_WA,,,
1053467241,GENDER_M,OXYCODONE,SPCLTY_General Surgery,STATE_CA,,,
1053468322,GENDER_M,HYDROCODONE,OXYCODONE,SPCLTY_Family Practice,STATE_SC,TRAMADOL,
1053471045,FENTANYL,GENDER_M,HYDROCODONE,SPCLTY_Family Practice,STATE_CA,TRAMADOL,
1053471771,GENDER_M,HYDROCODONE,SPCLTY_General Surgery,STATE_NY,,,
1053475806,GENDER_M,HYDROCODONE,SPCLTY_Oral Surgery (dentist,STATE_CA,,,
1053479683,GENDER_M,SPCLTY_Cardiology,STATE_TX,TRAMADOL,,,
1053480962,GENDER_M,HYDROCODONE,SPCLTY_Internal Medicine,STATE_NC,TRAMADOL,,
1053482828,GENDER_M,HYDROCODONE,SPCLTY_Emergency Medicine,STATE_AZ,,,
1053486035,GENDER_F,OXYCODONE,SPCLTY_Nurse Practitioner,STATE_HI,TRAMADOL,,
1053486522,GENDER_M,SPCLTY_Family Practice,STATE_WI,TRAMADOL,,,
1053492868,GENDER_M,HYDROCODONE,OXYCODONE,SPCLTY_Family Practice,STATE_IN,,
1053512558,GENDER_M,HYDROCODONE,OXYCODONE,SPCLTY_Orthopedic Surgery,STATE_CA,,
1053522284,GENDER_F,OXYCODONE,SPCLTY_Family Practice,STATE_WA,,,
1053524413,GENDER_F,SPCLTY_Family Practice,STATE_PA,TRAMADOL,,,
1053528307,GENDER_M,SPCLTY_Nephrology,STATE_VA,TRAMADOL,,,
1053533851,GENDER_M,HYDROCODONE,SPCLTY_Family Practice,STATE_WA,,,
1053534479,FENTANYL,GENDER_F,HYDROCODONE,OXYCODONE,SPCLTY_Family Practice,STATE_NC,TRAMADOL
1053534925,GENDER_M,HYDROCODONE,SPCLTY_Nephrology,STATE_CA,TRAMADOL,,
1053536250,GENDER_M,OXYCODONE,SPCLTY_Internal Medicine,STATE_NY,TRAMADOL,,
1053547042,GENDER_M,HYDROCODONE,SPCLTY_Dentist,STATE_NC,,,
1053563965,GENDER_M,HYDROCODONE,OXYCODONE,SPCLTY_Physician Assistant,STATE_AZ,TRAMADOL,
1053570648,GENDER_F,SPCLTY_Nurse Practitioner,STATE_CA,TRAMADOL,,,
1053577882,GENDER_F,HYDROCODONE,SPCLTY_Orthopedic Surgery,STATE_TX,TRAMADOL,,
1053584771,GENDER_M,HYDROCODONE,SPCLTY_Oral Surgery (dentist,STATE_MA,,,
1053587949,GENDER_M,SPCLTY_Family Practice,STATE_GA,TRAMADOL,,,
1053593962,FENTANYL,GENDER_F,HYDROCODONE,OXYCODONE,SPCLTY_Internal Medicine,STATE_ME,TRAMADOL
1053601716,GENDER_M,SPCLTY_Nurse Practitioner,STATE_MO,TRAMADOL,,,
1053604124,GENDER_M,HYDROCODONE,SPCLTY_Internal Medicine,STATE_MI,,,
1053606624,GENDER_M,HYDROCODONE,SPCLTY_Dentist,STATE_OK,,,
1053608893,GENDER_F,HYDROCODONE,SPCLTY_Physician Assistant,STATE_NY,,,
1053610642,GENDER_M,SPCLTY_Internal Medicine,STATE_FL,TRAMADOL,,,
1053618173,GENDER_F,HYDROCODONE,SPCLTY_Physician Assistant,STATE_CA,,,
1053628172,GENDER_M,HYDROCODONE,OXYCODONE,SPCLTY_General Surgery,STATE_OH,,
1053646588,GENDER_M,HYDROCODONE,SPCLTY_Family Practice,STATE_OK,,,
1053648311,GENDER_F,SPCLTY_Internal Medicine,STATE_NJ,TRAMADOL,,,
1053648626,GENDER_F,HYDROCODONE,SPCLTY_Family Practice,STATE_CA,TRAMADOL,,
1053668475,GENDER_F,HYDROCODONE,OXYCODONE,SPCLTY_Physician Assistant,STATE_IA,TRAMADOL,
1053668541,GENDER_F,HYDROCODONE,SPCLTY_Physician Assistant,STATE_OR,TRAMADOL,,
1053671578,GENDER_M,HYDROCODONE,SPCLTY_Emergency Medicine,STATE_MI,,,
1053671701,GENDER_M,HYDROCODONE,SPCLTY_Physician Assistant,STATE_IA,,,
1053678466,FENTANYL,GENDER_M,HYDROCODONE,OXYCODONE,SPCLTY_Physician Assistant,STATE_OH,TRAMADOL
1053683847,GENDER_M,HYDROCODONE,SPCLTY_Internal Medicine,STATE_CA,,,
1053738039,GENDER_F,SPCLTY_Student in an Organiz,STATE_VA,TRAMADOL,,,
1053750349,GENDER_M,HYDROCODONE,SPCLTY_Surgery,STATE_MI,,,
1053751479,FENTANYL,GENDER_F,HYDROCODONE,OXYCODONE,SPCLTY_Physician Assistant,STATE_CA,
1053754226,GENDER_F,OXYCODONE,SPCLTY_Student in an Organiz,STATE_MA,,,
1053756221,GENDER_M,HYDROCODONE,SPCLTY_General Surgery,STATE_MI,,,
1063403202,GENDER_M,OXYCODONE,SPCLTY_Emergency Medicine,STATE_PR,TRAMADOL,,
1063403624,GENDER_M,HYDROCODONE,SPCLTY_Dentist,STATE_NY,,,
1063403905,GENDER_M,HYDROCODONE,OXYCODONE,SPCLTY_Physical Medicine and,STATE_SD,TRAMADOL,
1063404242,GENDER_M,SPCLTY_Cardiology,STATE_NJ,TRAMADOL,,,
1063404689,GENDER_M,HYDROCODONE,SPCLTY_General Surgery,STATE_TX,,,
1063404788,GENDER_M,HYDROCODONE,SPCLTY_Neurosurgery,STATE_MD,,,
1063404903,GENDER_M,HYDROCODONE,OXYCODONE,SPCLTY_Orthopedic Surgery,STATE_KY,TRAMADOL,
1063405165,GENDER_M,OXYCODONE,SPCLTY_Colorectal Surgery (f,STATE_PA,,,
1063405884,GENDER_M,HYDROCODONE,SPCLTY_Dentist,STATE_OK,TRAMADOL,,
1063408235,FENTANYL,GENDER_M,HYDROCODONE,OXYCODONE,SPCLTY_Internal Medicine,STATE_NC,TRAMADOL
1063410116,GENDER_M,HYDROCODONE,OXYCODONE,SPCLTY_Urology,STATE_NM,TRAMADOL,
1063410611,GENDER_M,HYDROCODONE,OXYCODONE,SPCLTY_Urology,STATE_OH,,
1063411924,GENDER_F,HYDROCODONE,SPCLTY_Internal Medicine,STATE_GA,TRAMADOL,,
1063413656,GENDER_M,HYDROCODONE,SPCLTY_Emergency Medicine,STATE_TX,TRAMADOL,,
1063416733,GENDER_M,HYDROCODONE,OXYCODONE,SPCLTY_Family Practice,STATE_OH,TRAMADOL,
1063416964,FENTANYL,GENDER_M,HYDROCODONE,OXYCODONE,SPCLTY_Rheumatology,STATE_CA,TRAMADOL
1063417053,GENDER_M,HYDROCODONE,SPCLTY_General Surgery,STATE_KY,,,
1063417822,GENDER_M,HYDROCODONE,SPCLTY_Internal Medicine,STATE_TX,TRAMADOL,,
1063426286,FENTANYL,GENDER_M,HYDROCODONE,OXYCODONE,SPCLTY_Nurse Practitioner,STATE_TN,TRAMADOL
1063428068,FENTANYL,GENDER_M,HYDROCODONE,OXYCODONE,SPCLTY_Family Practice,STATE_CA,TRAMADOL
1063428704,GENDER_M,HYDROCODONE,OXYCODONE,SPCLTY_Plastic and Reconstru,STATE_GA,,
1063429165,GENDER_F,HYDROCODONE,SPCLTY_Family Practice,STATE_MA,TRAMADOL,,
1063430171,GENDER_M,HYDROCODONE,OXYCODONE,SPCLTY_Obstetrics/Gynecology,STATE_KY,,
1063432607,GENDER_M,HYDROCODONE,OXYCODONE,SPCLTY_Urology,STATE_CA,,
1063437135,GENDER_M,HYDROCODONE,SPCLTY_Physician Assistant,STATE_NC,TRAMADOL,,
1063438471,GENDER_M,HYDROCODONE,OXYCODONE,SPCLTY_Emergency Medicine,STATE_CA,,
1063440907,GENDER_M,HYDROCODONE,OXYCODONE,SPCLTY_Internal Medicine,STATE_AZ,TRAMADOL,
1063444586,GENDER_M,HYDROCODONE,OXYCODONE,SPCLTY_Family Practice,STATE_MA,TRAMADOL,
1063445146,FENTANYL,GENDER_F,HYDROCODONE,SPCLTY_Family Practice,STATE_GA,TRAMADOL,
1063445245,GENDER_F,HYDROCODONE,OXYCODONE,SPCLTY_Family Practice,STATE_PA,TRAMADOL,
1063448546,GENDER_M,HYDROCODONE,SPCLTY_Emergency Medicine,STATE_IN,,,
1063450229,GENDER_M,OXYCODONE,SPCLTY_Vascular Surgery,STATE_WI,,,
1063450559,GENDER_F,OXYCODONE,SPCLTY_Emergency Medicine,STATE_MD,,,
1063452316,GENDER_M,HYDROCODONE,OXYCODONE,SPCLTY_Family Practice,STATE_CA,TRAMADOL,
1063455566,GENDER_F,HYDROCODONE,OXYCODONE,SPCLTY_Physician Assistant,STATE_NY,,
1063456523,GENDER_M,HYDROCODONE,OXYCODONE,SPCLTY_Neurosurgery,STATE_ME,,
1063457596,GENDER_M,HYDROCODONE,OXYCODONE,SPCLTY_Internal Medicine,STATE_PA,TRAMADOL,
1063460251,GENDER_M,OXYCODONE,SPCLTY_Neurology,STATE_DC,TRAMADOL,,
1063466340,GENDER_F,HYDROCODONE,SPCLTY_Emergency Medicine,STATE_NY,TRAMADOL,,
1063466597,GENDER_M,HYDROCODONE,OXYCODONE,SPCLTY_Orthopedic Surgery,STATE_IL,,
1063467157,GENDER_M,HYDROCODONE,OXYCODONE,SPCLTY_Emergency Medicine,STATE_OH,,
1063468312,FENTANYL,GENDER_M,HYDROCODONE,OXYCODONE,SPCLTY_Internal Medicine,STATE_OH,TRAMADOL
1063471456,GENDER_M,HYDROCODONE,SPCLTY_Family Practice,STATE_CA,,,
1063471852,FENTANYL,GENDER_F,HYDROCODONE,OXYCODONE,SPCLTY_Physician Assistant,STATE_OR,TRAMADOL
1063472975,GENDER_F,HYDROCODONE,SPCLTY_Nurse Practitioner,STATE_PA,,,
1063473429,GENDER_M,HYDROCODONE,SPCLTY_Diagnostic Radiology,STATE_CA,,,
1063473932,GENDER_F,SPCLTY_Internal Medicine,STATE_CA,TRAMADOL,,,
1063475432,GENDER_M,HYDROCODONE,SPCLTY_Physician Assistant,STATE_IL,,,
1063476711,GENDER_M,HYDROCODONE,SPCLTY_Family Practice,STATE_OH,TRAMADOL,,
1063476786,GENDER_F,HYDROCODONE,SPCLTY_Family Practice,STATE_FL,TRAMADOL,,
1063476950,GENDER_F,SPCLTY_Physician Assistant,STATE_FL,TRAMADOL,,,
1063477453,GENDER_F,HYDROCODONE,OXYCODONE,SPCLTY_Physician Assistant,STATE_NH,,
1063478253,GENDER_F,HYDROCODONE,SPCLTY_Family Practice,STATE_PA,,,
1063481273,FENTANYL,GENDER_M,HYDROCODONE,OXYCODONE,SPCLTY_Internal Medicine,STATE_AL,TRAMADOL
1063481448,GENDER_M,HYDROCODONE,SPCLTY_Orthopedic Surgery,STATE_ME,,,
1063484053,GENDER_M,HYDROCODONE,SPCLTY_Internal Medicine,STATE_MI,TRAMADOL,,
1063484913,GENDER_M,SPCLTY_General Practice,STATE_FL,TRAMADOL,,,
1063485001,GENDER_M,HYDROCODONE,SPCLTY_Physician Assistant,STATE_VA,TRAMADOL,,
1063487379,GENDER_M,HYDROCODONE,SPCLTY_Family Practice,STATE_NE,TRAMADOL,,
1063491025,GENDER_M,HYDROCODONE,SPCLTY_Physician Assistant,STATE_SC,TRAMADOL,,
1063491157,GENDER_M,HYDROCODONE,SPCLTY_Dentist,STATE_TX,,,
1063491462,GENDER_M,HYDROCODONE,SPCLTY_Oral Surgery (dentist,STATE_TX,,,
1063491504,FENTANYL,GENDER_M,HYDROCODONE,SPCLTY_Family Practice,STATE_GA,TRAMADOL,
1063492809,GENDER_M,HYDROCODONE,SPCLTY_Gynecological/Oncolog,STATE_FL,,,
1063498343,GENDER_M,HYDROCODONE,SPCLTY_Otolaryngology,STATE_TX,,,
1063498582,GENDER_M,HYDROCODONE,OXYCODONE,SPCLTY_Family Practice,STATE_OH,TRAMADOL,
1063500163,GENDER_M,HYDROCODONE,OXYCODONE,SPCLTY_Family Practice,STATE_UT,TRAMADOL,
1063500247,GENDER_F,HYDROCODONE,OXYCODONE,SPCLTY_Physician Assistant,STATE_MN,TRAMADOL,
1063501856,GENDER_M,HYDROCODONE,SPCLTY_Dentist,STATE_NC,,,
1063502870,FENTANYL,GENDER_M,HYDROCODONE,OXYCODONE,SPCLTY_Internal Medicine,STATE_NY,TRAMADOL
1063505238,GENDER_M,HYDROCODONE,OXYCODONE,SPCLTY_Podiatry,STATE_OH,,
1063512986,GENDER_F,HYDROCODONE,SPCLTY_Family Practice,STATE_IL,TRAMADOL,,
1063513141,GENDER_M,HYDROCODONE,SPCLTY_Neurosurgery,STATE_MS,TRAMADOL,,
1063519577,GENDER_M,HYDROCODONE,SPCLTY_Physician Assistant,STATE_NY,,,
1063520690,GENDER_F,HYDROCODONE,SPCLTY_Family Practice,STATE_CA,,,
1063524023,GENDER_F,HYDROCODONE,SPCLTY_Physician Assistant,STATE_GA,,,
1063524387,GENDER_M,HYDROCODONE,OXYCODONE,SPCLTY_Anesthesiology,STATE_MN,,
1063526705,GENDER_M,HYDROCODONE,SPCLTY_Physician Assistant,STATE_MI,TRAMADOL,,
1063529154,FENTANYL,GENDER_F,HYDROCODONE,OXYCODONE,SPCLTY_Nurse Practitioner,STATE_CO,TRAMADOL
1063529287,GENDER_M,HYDROCODONE,OXYCODONE,SPCLTY_Orthopedic Surgery,STATE_NY,TRAMADOL,
1063531960,GENDER_M,HYDROCODONE,SPCLTY_Physician Assistant,STATE_MI,TRAMADOL,,
1063532034,GENDER_F,OXYCODONE,SPCLTY_Geriatric Medicine,STATE_NY,,,
1063537017,GENDER_F,HYDROCODONE,SPCLTY_Emergency Medicine,STATE_CA,,,
1063545242,GENDER_M,HYDROCODONE,OXYCODONE,SPCLTY_Dentist,STATE_FL,,
1063559797,FENTANYL,GENDER_F,SPCLTY_Internal Medicine,STATE_NY,,,
1063564284,GENDER_M,HYDROCODONE,OXYCODONE,SPCLTY_Family Practice,STATE_CA,TRAMADOL,
1063566727,GENDER_F,HYDROCODONE,SPCLTY_Podiatry,STATE_IL,,,
1063566743,GENDER_F,HYDROCODONE,SPCLTY_Physician Assistant,STATE_OK,,,
1063567626,GENDER_F,HYDROCODONE,SPCLTY_Physician Assistant,STATE_NC,TRAMADOL,,
1063568541,GENDER_F,HYDROCODONE,SPCLTY_Internal Medicine,STATE_NC,TRAMADOL,,
1063570182,GENDER_M,SPCLTY_Internal Medicine,STATE_MD,TRAMADOL,,,
1063581593,GENDER_M,HYDROCODONE,SPCLTY_Dentist,STATE_VA,,,
1063585271,GENDER_M,SPCLTY_Nephrology,STATE_TX,TRAMADOL,,,
1063588903,GENDER_M,HYDROCODONE,SPCLTY_Emergency Medicine,STATE_KY,TRAMADOL,,
1063590743,GENDER_M,HYDROCODONE,OXYCODONE,SPCLTY_Internal Medicine,STATE_CA,,
1063598373,GENDER_M,HYDROCODONE,SPCLTY_General Surgery,STATE_TN,,,
1063599983,GENDER_F,HYDROCODONE,SPCLTY_Nurse Practitioner,STATE_VA,TRAMADOL,,
1063604940,FENTANYL,GENDER_M,HYDROCODONE,OXYCODONE,SPCLTY_Nurse Practitioner,STATE_KS,TRAMADOL
1063614188,FENTANYL,GENDER_F,OXYCODONE,SPCLTY_Physician Assistant,STATE_MA,TRAMADOL,
1063617348,FENTANYL,GENDER_M,HYDROCODONE,OXYCODONE,SPCLTY_Hematology,STATE_MD,TRAMADOL
1063617975,GENDER_M,OXYCODONE,SPCLTY_Family Practice,STATE_MD,TRAMADOL,,
1063642122,GENDER_M,HYDROCODONE,SPCLTY_Emergency Medicine,STATE_TX,TRAMADOL,,
1063646826,GENDER_M,HYDROCODONE,SPCLTY_Emergency Medicine,STATE_AL,TRAMADOL,,
1063647527,FENTANYL,GENDER_M,HYDROCODONE,OXYCODONE,SPCLTY_Family Practice,STATE_KS,
1063657740,GENDER_F,HYDROCODONE,SPCLTY_Internal Medicine,STATE_TX,,,
1063659779,GENDER_F,HYDROCODONE,OXYCODONE,SPCLTY_Family Practice,STATE_NY,TRAMADOL,
1063661049,GENDER_F,HYDROCODONE,SPCLTY_Physician Assistant,STATE_VA,TRAMADOL,,
1063667889,GENDER_M,OXYCODONE,SPCLTY_Family Practice,STATE_NC,,,
1063667897,GENDER_F,OXYCODONE,SPCLTY_Nurse Practitioner,STATE_MA,,,
1063670339,GENDER_M,SPCLTY_Hematology/Oncology,STATE_FL,TRAMADOL,,,
1063690931,GENDER_M,HYDROCODONE,SPCLTY_Physician Assistant,STATE_CA,TRAMADOL,,
1063698629,GENDER_M,HYDROCODONE,SPCLTY_Dentist,STATE_CA,,,
1063699163,GENDER_M,OXYCODONE,SPCLTY_Emergency Medicine,STATE_MO,,,
1063708923,GENDER_F,HYDROCODONE,SPCLTY_Emergency Medicine,STATE_MI,,,
1063715373,GENDER_F,OXYCODONE,SPCLTY_Nurse Practitioner,STATE_MD,,,
1063730372,GENDER_M,HYDROCODONE,SPCLTY_Urology,STATE_KY,,,
1063740702,GENDER_F,HYDROCODONE,SPCLTY_Internal Medicine,STATE_CA,,,
1063748531,GENDER_M,HYDROCODONE,SPCLTY_Internal Medicine,STATE_MD,,,
1063760627,FENTANYL,GENDER_F,HYDROCODONE,OXYCODONE,SPCLTY_Nurse Practitioner,STATE_TN,TRAMADOL
1063764504,GENDER_F,HYDROCODONE,SPCLTY_Physician Assistant,STATE_AK,,,
1063772572,GENDER_F,HYDROCODONE,SPCLTY_Student in an Organiz,STATE_MI,,,
1063772747,FENTANYL,GENDER_F,OXYCODONE,SPCLTY_Nurse Practitioner,STATE_NY,,
1063772770,GENDER_M,OXYCODONE,SPCLTY_Student in an Organiz,STATE_FL,,,
1063778058,GENDER_M,HYDROCODONE,SPCLTY_Student in an Organiz,STATE_NC,,,
1063792026,GENDER_F,HYDROCODONE,SPCLTY_Nurse Practitioner,STATE_IA,,,
1063825081,GENDER_F,HYDROCODONE,SPCLTY_Dentist,STATE_OK,,,
1073500260,FENTANYL,GENDER_F,HYDROCODONE,OXYCODONE,SPCLTY_Nurse Practitioner,STATE_WA,TRAMADOL
1073500336,GENDER_M,HYDROCODONE,SPCLTY_Plastic and Reconstru,STATE_MT,,,
1073501292,GENDER_M,HYDROCODONE,SPCLTY_Hematology/Oncology,STATE_CO,,,
1073501912,GENDER_M,SPCLTY_Dermatology,STATE_MD,TRAMADOL,,,
1073502233,GENDER_M,HYDROCODONE,OXYCODONE,SPCLTY_Hematology/Oncology,STATE_FL,,
1073503371,GENDER_M,HYDROCODONE,OXYCODONE,SPCLTY_Emergency Medicine,STATE_PA,,
1073505491,GENDER_M,HYDROCODONE,OXYCODONE,SPCLTY_Orthopedic Surgery,STATE_FL,TRAMADOL,
1073505749,GENDER_M,SPCLTY_Allergy/Immunology,STATE_PR,TRAMADOL,,,
1073507828,FENTANYL,GENDER_M,HYDROCODONE,SPCLTY_Internal Medicine,STATE_GA,TRAMADOL,
1073508180,GENDER_M,HYDROCODONE,SPCLTY_Hematology/Oncology,STATE_FL,,,
1073509311,GENDER_M,HYDROCODONE,SPCLTY_Internal Medicine,STATE_CA,TRAMADOL,,
1073510038,GENDER_M,HYDROCODONE,OXYCODONE,SPCLTY_Orthopedic Surgery,STATE_PA,TRAMADOL,
1073510426,GENDER_M,HYDROCODONE,OXYCODONE,SPCLTY_Family Practice,STATE_OR,TRAMADOL,
1073510996,GENDER_M,HYDROCODONE,SPCLTY_Nephrology,STATE_IL,,,
1073512703,FENTANYL,GENDER_M,HYDROCODONE,OXYCODONE,SPCLTY_Family Practice,STATE_IN,TRAMADOL
1073514238,FENTANYL,GENDER_M,HYDROCODONE,OXYCODONE,SPCLTY_Internal Medicine,STATE_VA,TRAMADOL
1073517892,FENTANYL,GENDER_M,HYDROCODONE,SPCLTY_Family Practice,STATE_TN,,
1073517983,GENDER_M,SPCLTY_Allergy/Immunology,STATE_WV,TRAMADOL,,,
1073519963,FENTANYL,GENDER_F,HYDROCODONE,OXYCODONE,SPCLTY_Nurse Practitioner,STATE_MD,TRAMADOL
1073520300,GENDER_M,HYDROCODONE,SPCLTY_Dentist,STATE_AR,,,
1073524906,GENDER_M,HYDROCODONE,SPCLTY_Physician Assistant,STATE_TN,,,
1073524989,GENDER_F,HYDROCODONE,OXYCODONE,SPCLTY_Nurse Practitioner,STATE_ID,,
1073526364,GENDER_F,HYDROCODONE,OXYCODONE,SPCLTY_Internal Medicine,STATE_NC,TRAMADOL,
1073526570,GENDER_M,HYDROCODONE,OXYCODONE,SPCLTY_Family Practice,STATE_PA,TRAMADOL,
1073526794,GENDER_F,HYDROCODONE,SPCLTY_Dentist,STATE_CA,,,
1073527768,GENDER_M,HYDROCODONE,OXYCODONE,SPCLTY_Family Practice,STATE_ME,TRAMADOL,
1073534681,GENDER_M,HYDROCODONE,SPCLTY_Gastroenterology,STATE_IL,TRAMADOL,,
1073535605,GENDER_M,HYDROCODONE,SPCLTY_Physician Assistant,STATE_SC,TRAMADOL,,
1073536934,FENTANYL,GENDER_M,HYDROCODONE,OXYCODONE,SPCLTY_Internal Medicine,STATE_PA,TRAMADOL
1073539003,GENDER_F,HYDROCODONE,SPCLTY_Internal Medicine,STATE_MD,,,
1073539201,FENTANYL,GENDER_M,HYDROCODONE,OXYCODONE,SPCLTY_Infectious Disease,STATE_AL,TRAMADOL
1073541603,FENTANYL,GENDER_M,HYDROCODONE,OXYCODONE,SPCLTY_Family Practice,STATE_VA,TRAMADOL
1073541843,GENDER_M,SPCLTY_Obstetrics/Gynecology,STATE_WA,TRAMADOL,,,
1073542635,GENDER_M,HYDROCODONE,SPCLTY_Physician Assistant,STATE_MI,,,
1073542866,GENDER_M,OXYCODONE,SPCLTY_Internal Medicine,STATE_NY,TRAMADOL,,
1073543559,GENDER_M,HYDROCODONE,SPCLTY_Podiatry,STATE_PA,,,
1073549135,GENDER_M,OXYCODONE,SPCLTY_Cardiology,STATE_NJ,,,
1073550984,FENTANYL,GENDER_F,HYDROCODONE,OXYCODONE,SPCLTY_Family Practice,STATE_PA,TRAMADOL
1073556452,GENDER_M,HYDROCODONE,OXYCODONE,SPCLTY_Emergency Medicine,STATE_GA,,
1073559241,FENTANYL,GENDER_M,HYDROCODONE,OXYCODONE,SPCLTY_Anesthesiology,STATE_CA,TRAMADOL
1073563987,GENDER_M,HYDROCODONE,OXYCODONE,SPCLTY_Emergency Medicine,STATE_DE,,
1073568713,GENDER_M,HYDROCODONE,SPCLTY_Internal Medicine,STATE_TX,TRAMADOL,,
1073572038,GENDER_F,SPCLTY_Family Practice,STATE_MN,TRAMADOL,,,
1073572210,GENDER_F,HYDROCODONE,SPCLTY_Family Practice,STATE_NC,TRAMADOL,,
1073572780,GENDER_M,HYDROCODONE,SPCLTY_Emergency Medicine,STATE_TX,TRAMADOL,,
1073576526,GENDER_M,HYDROCODONE,OXYCODONE,SPCLTY_General Practice,STATE_OH,TRAMADOL,
1073577037,GENDER_M,HYDROCODONE,OXYCODONE,SPCLTY_Orthopedic Surgery,STATE_SC,TRAMADOL,
1073581856,GENDER_M,HYDROCODONE,SPCLTY_Dentist,STATE_CA,,,
1073581914,GENDER_M,HYDROCODONE,OXYCODONE,SPCLTY_Emergency Medicine,STATE_CA,TRAMADOL,
1073586186,GENDER_M,OXYCODONE,SPCLTY_Physician Assistant,STATE_VA,,,
1073588414,GENDER_M,HYDROCODONE,SPCLTY_Neurology,STATE_OH,,,
1073588844,FENTANYL,GENDER_M,HYDROCODONE,OXYCODONE,SPCLTY_Nurse Practitioner,STATE_IN,TRAMADOL
1073589834,GENDER_F,HYDROCODONE,SPCLTY_Nurse Practitioner,STATE_SD,TRAMADOL,,
1073590774,GENDER_M,OXYCODONE,SPCLTY_Gastroenterology,STATE_MA,,,
1073596003,GENDER_M,SPCLTY_Family Practice,STATE_AZ,TRAMADOL,,,
1073598462,GENDER_F,SPCLTY_Nurse Practitioner,STATE_MD,TRAMADOL,,,
1073611265,GENDER_F,HYDROCODONE,SPCLTY_Physician Assistant,STATE_WI,,,
1073613246,GENDER_F,HYDROCODONE,OXYCODONE,SPCLTY_Interventional Pain M,STATE_NY,,
1073617585,GENDER_F,HYDROCODONE,SPCLTY_Otolaryngology,STATE_FL,,,
1073619458,GENDER_F,HYDROCODONE,OXYCODONE,SPCLTY_Internal Medicine,STATE_NE,TRAMADOL,
1073623377,GENDER_M,HYDROCODONE,SPCLTY_Dentist,STATE_GA,,,
1073624482,GENDER_F,HYDROCODONE,SPCLTY_Dentist,STATE_TN,,,
1073625455,FENTANYL,GENDER_F,HYDROCODONE,OXYCODONE,SPCLTY_Nurse Practitioner,STATE_NY,TRAMADOL
1073626065,GENDER_M,HYDROCODONE,OXYCODONE,SPCLTY_Urology,STATE_KS,,
1073626560,GENDER_M,HYDROCODONE,SPCLTY_Cardiology,STATE_CA,,,
1073629820,GENDER_M,HYDROCODONE,SPCLTY_Dentist,STATE_MI,,,
1073632451,GENDER_M,HYDROCODONE,SPCLTY_Dentist,STATE_WA,,,
1073639712,GENDER_M,OXYCODONE,SPCLTY_General Surgery,STATE_OR,,,
1073642781,GENDER_F,HYDROCODONE,SPCLTY_Dentist,STATE_SC,,,
1073650826,GENDER_M,HYDROCODONE,SPCLTY_Emergency Medicine,STATE_NC,,,
1073666095,GENDER_M,HYDROCODONE,OXYCODONE,SPCLTY_Neurosurgery,STATE_FL,TRAMADOL,
1073675112,GENDER_M,HYDROCODONE,OXYCODONE,SPCLTY_Family Practice,STATE_UT,TRAMADOL,
1073681466,GENDER_M,HYDROCODONE,SPCLTY_General Surgery,STATE_CA,,,
1073684122,FENTANYL,GENDER_M,HYDROCODONE,OXYCODONE,SPCLTY_Nephrology,STATE_ND,TRAMADOL
1073690327,FENTANYL,GENDER_M,HYDROCODONE,OXYCODONE,SPCLTY_Internal Medicine,STATE_MN,TRAMADOL
1073694014,GENDER_M,OXYCODONE,SPCLTY_Emergency Medicine,STATE_NJ,TRAMADOL,,
1073698379,GENDER_M,HYDROCODONE,SPCLTY_Dentist,STATE_AR,,,
1073703344,GENDER_F,HYDROCODONE,SPCLTY_Physician Assistant,STATE_SD,,,
1073706651,GENDER_M,HYDROCODONE,SPCLTY_Emergency Medicine,STATE_KY,,,
1073717732,GENDER_F,HYDROCODONE,SPCLTY_Emergency Medicine,STATE_NV,,,
1073738928,GENDER_F,OXYCODONE,SPCLTY_Nurse Practitioner,STATE_VA,,,
1073739827,GENDER_M,OXYCODONE,SPCLTY_Physician Assistant,STATE_PA,,,
1073739843,FENTANYL,GENDER_F,HYDROCODONE,OXYCODONE,SPCLTY_Nurse Practitioner,STATE_NC,TRAMADOL
1073743233,GENDER_M,HYDROCODONE,SPCLTY_Physical Medicine and,STATE_CA,TRAMADOL,,
1073750865,GENDER_F,OXYCODONE,SPCLTY_Internal Medicine,STATE_MD,TRAMADOL,,
1073752986,GENDER_F,HYDROCODONE,OXYCODONE,SPCLTY_Physician Assistant,STATE_NY,,
1073757993,GENDER_F,HYDROCODONE,OXYCODONE,SPCLTY_Internal Medicine,STATE_AZ,TRAMADOL,
1073760187,GENDER_M,HYDROCODONE,SPCLTY_Radiation Oncology,STATE_TX,,,
1073761557,FENTANYL,GENDER_F,HYDROCODONE,SPCLTY_Nurse Practitioner,STATE_MN,TRAMADOL,
1073771671,GENDER_M,HYDROCODONE,SPCLTY_Orthopedic Surgery,STATE_AR,TRAMADOL,,
1073771887,GENDER_F,OXYCODONE,SPCLTY_Nurse Practitioner,STATE_MA,,,
1073776753,GENDER_F,HYDROCODONE,SPCLTY_Emergency Medicine,STATE_OK,,,
1073783130,FENTANYL,GENDER_F,HYDROCODONE,OXYCODONE,SPCLTY_Nurse Practitioner,STATE_TN,TRAMADOL
1073790622,GENDER_M,HYDROCODONE,OXYCODONE,SPCLTY_General Surgery,STATE_GA,,
1073801015,GENDER_M,HYDROCODONE,SPCLTY_Family Practice,STATE_TX,TRAMADOL,,
1073809117,GENDER_F,HYDROCODONE,SPCLTY_Dentist,STATE_OK,,,
1073809133,GENDER_M,HYDROCODONE,SPCLTY_Dentist,STATE_TN,,,
1073821286,GENDER_M,HYDROCODONE,OXYCODONE,SPCLTY_Oral Surgery (dentist,STATE_WA,,
1073826517,GENDER_M,HYDROCODONE,OXYCODONE,SPCLTY_Physician Assistant,STATE_VA,TRAMADOL,
1073832382,GENDER_M,HYDROCODONE,OXYCODONE,SPCLTY_Podiatry,STATE_PA,,
1073833877,GENDER_M,SPCLTY_Internal Medicine,STATE_NY,TRAMADOL,,,
1073836680,GENDER_M,OXYCODONE,SPCLTY_Internal Medicine,STATE_NY,,,
1073840799,FENTANYL,GENDER_M,HYDROCODONE,SPCLTY_Nurse Practitioner,STATE_IL,TRAMADOL,
1073853446,GENDER_F,OXYCODONE,SPCLTY_Physician Assistant,STATE_CO,,,
1073854360,GENDER_F,HYDROCODONE,SPCLTY_Physician Assistant,STATE_TX,,,
1073868899,GENDER_F,OXYCODONE,SPCLTY_Physical Medicine and,STATE_NY,TRAMADOL,,
1073876025,GENDER_M,HYDROCODONE,SPCLTY_Orthopaedic Surgery,STATE_IL,,,
1073879631,GENDER_M,HYDROCODONE,SPCLTY_Nurse Practitioner,STATE_LA,TRAMADOL,,
1073940755,GENDER_F,HYDROCODONE,SPCLTY_Physician Assistant,STATE_NY,,,
1073950622,GENDER_F,SPCLTY_Internal Medicine,STATE_IL,TRAMADOL,,,
1083027973,GENDER_F,OXYCODONE,SPCLTY_Student in an Organiz,STATE_FL,,,
1083059729,GENDER_F,HYDROCODONE,OXYCODONE,SPCLTY_Physician Assistant,STATE_PA,TRAMADOL,
1083601041,GENDER_M,HYDROCODONE,SPCLTY_Podiatry,STATE_IL,,,
1083601934,GENDER_M,OXYCODONE,SPCLTY_Family Practice,STATE_NJ,TRAMADOL,,
1083603278,GENDER_M,HYDROCODONE,SPCLTY_Podiatry,STATE_IA,,,
1083604292,GENDER_F,HYDROCODONE,OXYCODONE,SPCLTY_Internal Medicine,STATE_OH,TRAMADOL,
1083605190,FENTANYL,GENDER_M,HYDROCODONE,OXYCODONE,SPCLTY_Internal Medicine,STATE_AL,TRAMADOL
1083610505,GENDER_M,HYDROCODONE,SPCLTY_Ophthalmology,STATE_AR,,,
1083610588,GENDER_F,SPCLTY_Family Practice,STATE_CA,TRAMADOL,,,
1083612352,GENDER_M,HYDROCODONE,OXYCODONE,SPCLTY_General Surgery,STATE_GA,,
1083615462,GENDER_M,OXYCODONE,SPCLTY_Internal Medicine,STATE_MA,TRAMADOL,,
1083616072,GENDER_M,HYDROCODONE,SPCLTY_Otolaryngology,STATE_WA,,,
1083621320,GENDER_M,SPCLTY_Family Practice,STATE_CT,TRAMADOL,,,
1083629455,GENDER_F,HYDROCODONE,SPCLTY_Family Practice,STATE_CA,,,
1083630305,GENDER_M,HYDROCODONE,SPCLTY_Neurology,STATE_AL,,,
1083631089,GENDER_F,HYDROCODONE,SPCLTY_Internal Medicine,STATE_LA,TRAMADOL,,
1083631543,FENTANYL,GENDER_F,HYDROCODONE,OXYCODONE,SPCLTY_Internal Medicine,STATE_IL,TRAMADOL
1083632673,GENDER_M,HYDROCODONE,SPCLTY_Sports Medicine,STATE_ND,,,
1083637664,GENDER_M,HYDROCODONE,SPCLTY_Dentist,STATE_PA,,,
1083641195,GENDER_M,HYDROCODONE,OXYCODONE,SPCLTY_Physician Assistant,STATE_MN,,
1083641708,GENDER_M,HYDROCODONE,SPCLTY_Emergency Medicine,STATE_CA,,,
1083644702,GENDER_M,HYDROCODONE,OXYCODONE,SPCLTY_Urology,STATE_WV,TRAMADOL,
1083647457,GENDER_M,OXYCODONE,SPCLTY_Emergency Medicine,STATE_MA,,,
1083649495,GENDER_F,HYDROCODONE,OXYCODONE,SPCLTY_Nurse Practitioner,STATE_KY,,
1083650386,FENTANYL,GENDER_F,HYDROCODONE,SPCLTY_Hematology/Oncology,STATE_TX,TRAMADOL,
1083652416,GENDER_F,HYDROCODONE,SPCLTY_Family Practice,STATE_MO,TRAMADOL,,
1083653505,GENDER_F,OXYCODONE,SPCLTY_Internal Medicine,STATE_PA,TRAMADOL,,
1083653596,GENDER_M,HYDROCODONE,OXYCODONE,SPCLTY_Internal Medicine,STATE_AZ,TRAMADOL,
1083657084,GENDER_M,HYDROCODONE,SPCLTY_Family Practice,STATE_IA,TRAMADOL,,
1083658405,GENDER_M,HYDROCODONE,OXYCODONE,SPCLTY_Family Practice,STATE_TN,TRAMADOL,
1083661912,GENDER_M,HYDROCODONE,OXYCODONE,SPCLTY_Orthopedic Surgery,STATE_NH,,
1083662613,GENDER_M,HYDROCODONE,SPCLTY_Neurology,STATE_IL,TRAMADOL,,
1083662951,GENDER_M,HYDROCODONE,OXYCODONE,SPCLTY_Family Practice,STATE_OH,TRAMADOL,
1083664320,GENDER_M,HYDROCODONE,SPCLTY_General Surgery,STATE_TX,TRAMADOL,,
1083664643,GENDER_F,HYDROCODONE,OXYCODONE,SPCLTY_Nurse Practitioner,STATE_IN,TRAMADOL,
1083666002,FENTANYL,GENDER_F,HYDROCODONE,OXYCODONE,SPCLTY_Internal Medicine,STATE_WA,TRAMADOL
1083666945,GENDER_M,HYDROCODONE,OXYCODONE,SPCLTY_Internal Medicine,STATE_OR,TRAMADOL,
1083670038,GENDER_M,SPCLTY_Cardiology,STATE_PR,TRAMADOL,,,
1083671184,GENDER_M,HYDROCODONE,OXYCODONE,SPCLTY_Preventive Medicine,STATE_OH,,
1083672752,FENTANYL,GENDER_M,HYDROCODONE,OXYCODONE,SPCLTY_Internal Medicine,STATE_MA,TRAMADOL
1083672919,FENTANYL,GENDER_M,HYDROCODONE,OXYCODONE,SPCLTY_Family Practice,STATE_IN,TRAMADOL
1083676191,GENDER_M,HYDROCODONE,OXYCODONE,SPCLTY_Orthopedic Surgery,STATE_PA,,
1083676571,GENDER_M,HYDROCODONE,OXYCODONE,SPCLTY_Orthopedic Surgery,STATE_MN,TRAMADOL,
1083686133,GENDER_M,OXYCODONE,SPCLTY_Emergency Medicine,STATE_PA,,,
1083686687,GENDER_M,HYDROCODONE,SPCLTY_Otolaryngology,STATE_FL,,,
1083687669,GENDER_F,HYDROCODONE,OXYCODONE,SPCLTY_Internal Medicine,STATE_MO,,
1083688683,GENDER_F,OXYCODONE,SPCLTY_Nurse Practitioner,STATE_CT,,,
1083688782,GENDER_M,HYDROCODONE,SPCLTY_General Surgery,STATE_FL,,,
1083689046,GENDER_M,OXYCODONE,SPCLTY_Emergency Medicine,STATE_MN,,,
1083689335,GENDER_M,HYDROCODONE,OXYCODONE,SPCLTY_Gastroenterology,STATE_VA,,
1083692800,GENDER_M,SPCLTY_Orthopaedic Surgery,STATE_CA,TRAMADOL,,,
1083695852,GENDER_F,HYDROCODONE,OXYCODONE,SPCLTY_Emergency Medicine,STATE_VA,TRAMADOL,
1083697486,GENDER_M,HYDROCODONE,OXYCODONE,SPCLTY_Family Practice,STATE_MA,TRAMADOL,
1083697536,FENTANYL,GENDER_F,OXYCODONE,SPCLTY_Nurse Practitioner,STATE_CT,,
1083706113,GENDER_M,HYDROCODONE,SPCLTY_Cardiology,STATE_TN,,,
1083706485,GENDER_F,HYDROCODONE,SPCLTY_Radiation Oncology,STATE_MI,,,
1083708564,GENDER_M,HYDROCODONE,SPCLTY_Psychiatry,STATE_GA,,,
1083709794,GENDER_M,SPCLTY_Endocrinology,STATE_NY,TRAMADOL,,,
1083724595,FENTANYL,GENDER_M,HYDROCODONE,OXYCODONE,SPCLTY_Family Practice,STATE_KS,TRAMADOL
1083725782,GENDER_M,OXYCODONE,SPCLTY_General Surgery,STATE_NC,,,
1083740377,GENDER_M,HYDROCODONE,OXYCODONE,SPCLTY_Family Practice,STATE_KY,TRAMADOL,
1083740542,GENDER_F,HYDROCODONE,OXYCODONE,SPCLTY_Physician Assistant,STATE_CA,TRAMADOL,
1083753321,GENDER_M,SPCLTY_General Practice,STATE_CA,TRAMADOL,,,
1083753636,GENDER_M,HYDROCODONE,OXYCODONE,SPCLTY_Clinical Pharmacology,STATE_TN,,
1083754329,GENDER_M,HYDROCODONE,SPCLTY_Dentist,STATE_AL,,,
1083756803,GENDER_F,HYDROCODONE,SPCLTY_Nurse Practitioner,STATE_AR,TRAMADOL,,
1083763353,GENDER_M,HYDROCODONE,SPCLTY_Emergency Medicine,STATE_CA,,,
1083765721,GENDER_M,OXYCODONE,SPCLTY_General Surgery,STATE_NY,,,
1083771455,GENDER_M,HYDROCODONE,SPCLTY_Dentist,STATE_TX,,,
1083771562,GENDER_F,HYDROCODONE,SPCLTY_Dentist,STATE_MI,,,
1083784136,GENDER_F,HYDROCODONE,OXYCODONE,SPCLTY_General Surgery,STATE_CA,TRAMADOL,
1083786222,GENDER_M,HYDROCODONE,SPCLTY_Dentist,STATE_MN,,,
1083786362,FENTANYL,GENDER_F,SPCLTY_Internal Medicine,STATE_NY,TRAMADOL,,
1083788673,GENDER_M,HYDROCODONE,OXYCODONE,SPCLTY_Urology,STATE_SC,,
1083790802,GENDER_M,HYDROCODONE,SPCLTY_Orthopedic Surgery,STATE_WA,TRAMADOL,,
1083791917,GENDER_M,HYDROCODONE,SPCLTY_Otolaryngology,STATE_CA,,,
1083793699,FENTANYL,GENDER_M,HYDROCODONE,SPCLTY_Physician Assistant,STATE_ID,,
1083795124,GENDER_F,HYDROCODONE,SPCLTY_Geriatric Medicine,STATE_CA,TRAMADOL,,
1083795215,GENDER_F,HYDROCODONE,OXYCODONE,SPCLTY_Internal Medicine,STATE_AZ,TRAMADOL,
1083796080,GENDER_M,OXYCODONE,SPCLTY_Urology,STATE_WI,TRAMADOL,,
1083797716,GENDER_F,HYDROCODONE,OXYCODONE,SPCLTY_Family Practice,STATE_WI,TRAMADOL,
1083804058,GENDER_F,HYDROCODONE,SPCLTY_Physical Medicine and,STATE_NC,TRAMADOL,,
1083804884,GENDER_M,HYDROCODONE,OXYCODONE,SPCLTY_Family Practice,STATE_MN,TRAMADOL,
1083812127,GENDER_M,SPCLTY_Family Practice,STATE_IL,TRAMADOL,,,
1083814800,GENDER_F,HYDROCODONE,SPCLTY_Emergency Medicine,STATE_CA,,,
1083818348,GENDER_M,OXYCODONE,SPCLTY_Emergency Medicine,STATE_MA,,,
1083827232,GENDER_F,HYDROCODONE,SPCLTY_Internal Medicine,STATE_GA,,,
1083838916,GENDER_M,HYDROCODONE,OXYCODONE,SPCLTY_Family Practice,STATE_PA,,
1083839930,GENDER_M,HYDROCODONE,OXYCODONE,SPCLTY_Orthopedic Surgery,STATE_FL,TRAMADOL,
1083841753,FENTANYL,GENDER_F,HYDROCODONE,OXYCODONE,SPCLTY_Family Practice,STATE_MO,TRAMADOL
1083842868,GENDER_M,HYDROCODONE,SPCLTY_Internal Medicine,STATE_IL,,,
1083844526,GENDER_F,SPCLTY_Nurse Practitioner,STATE_MS,TRAMADOL,,,
1083860761,GENDER_M,HYDROCODONE,OXYCODONE,SPCLTY_Physician Assistant,STATE_CT,,
1083866081,FENTANYL,GENDER_F,HYDROCODONE,OXYCODONE,SPCLTY_Family Practice,STATE_MD,TRAMADOL
1083866248,GENDER_M,HYDROCODONE,SPCLTY_Dentist,STATE_OR,,,
1083872857,GENDER_F,HYDROCODONE,OXYCODONE,SPCLTY_Family Practice,STATE_AL,TRAMADOL,
1083875629,GENDER_F,HYDROCODONE,OXYCODONE,SPCLTY_Family Practice,STATE_AR,TRAMADOL,
1083876072,FENTANYL,GENDER_F,HYDROCODONE,OXYCODONE,SPCLTY_Physician Assistant,STATE_CA,TRAMADOL
1083877609,GENDER_M,HYDROCODONE,SPCLTY_Dentist,STATE_TX,,,
1083879480,GENDER_M,HYDROCODONE,SPCLTY_Emergency Medicine,STATE_WI,,,
1083880470,GENDER_F,HYDROCODONE,SPCLTY_Internal Medicine,STATE_AZ,,,
1083882294,GENDER_M,HYDROCODONE,SPCLTY_Oral Surgery (dentist,STATE_PA,,,
1083884043,GENDER_F,HYDROCODONE,OXYCODONE,SPCLTY_Emergency Medicine,STATE_MO,,
1083888481,GENDER_M,SPCLTY_Physician Assistant,STATE_MD,TRAMADOL,,,
1083906473,GENDER_F,SPCLTY_Family Practice,STATE_PA,TRAMADOL,,,
1083907059,GENDER_M,OXYCODONE,SPCLTY_Obstetrics/Gynecology,STATE_UT,,,
1083914550,FENTANYL,GENDER_F,OXYCODONE,SPCLTY_Nurse Practitioner,STATE_OH,,
1083915581,FENTANYL,GENDER_F,HYDROCODONE,OXYCODONE,SPCLTY_Nurse Practitioner,STATE_IN,TRAMADOL
1083925663,GENDER_M,HYDROCODONE,SPCLTY_Student in an Organiz,STATE_CT,,,
1083926067,GENDER_M,HYDROCODONE,SPCLTY_Internal Medicine,STATE_MI,,,
1083932198,GENDER_M,HYDROCODONE,SPCLTY_Family Practice,STATE_CA,,,
1083940308,GENDER_F,HYDROCODONE,SPCLTY_Physician Assistant,STATE_OH,,,
1083949721,FENTANYL,GENDER_F,HYDROCODONE,OXYCODONE,SPCLTY_Family Practice,STATE_CA,
1083954275,GENDER_M,HYDROCODONE,SPCLTY_Physician Assistant,STATE_UT,TRAMADOL,,
1083963664,GENDER_F,HYDROCODONE,SPCLTY_Physician Assistant,STATE_CA,TRAMADOL,,
1083965651,GENDER_F,HYDROCODONE,SPCLTY_Physician Assistant,STATE_TN,,,
1083984306,GENDER_F,HYDROCODONE,OXYCODONE,SPCLTY_Nurse Practitioner,STATE_IL,,
1083998157,GENDER_F,HYDROCODONE,OXYCODONE,SPCLTY_Physician Assistant,STATE_AZ,TRAMADOL,
1093008237,GENDER_M,OXYCODONE,SPCLTY_General Surgery,STATE_AZ,,,
1093020513,GENDER_M,SPCLTY_Internal Medicine,STATE_NY,TRAMADOL,,,
1093022568,GENDER_M,SPCLTY_Physician Assistant,STATE_TX,TRAMADOL,,,
1093024200,GENDER_F,HYDROCODONE,SPCLTY_Nurse Practitioner,STATE_IL,TRAMADOL,,
1093033185,GENDER_M,HYDROCODONE,SPCLTY_Emergency Medicine,STATE_CO,,,
1093035453,GENDER_M,HYDROCODONE,OXYCODONE,SPCLTY_Oral Surgery (dentist,STATE_WA,,
1093038390,GENDER_F,OXYCODONE,SPCLTY_Physician Assistant,STATE_NY,,,
1093040735,GENDER_M,HYDROCODONE,SPCLTY_Family Practice,STATE_MN,TRAMADOL,,
1093044752,GENDER_F,HYDROCODONE,SPCLTY_Nurse Practitioner,STATE_LA,TRAMADOL,,
1093054959,GENDER_F,SPCLTY_Nurse Practitioner,STATE_MO,TRAMADOL,,,
1093071359,GENDER_M,HYDROCODONE,SPCLTY_Emergency Medicine,STATE_OK,,,
1093074932,GENDER_M,OXYCODONE,SPCLTY_Family Practice,STATE_MO,,,
1093078537,GENDER_M,OXYCODONE,SPCLTY_Emergency Medicine,STATE_OR,,,
1093080830,GENDER_F,OXYCODONE,SPCLTY_Physician Assistant,STATE_MA,,,
1093156838,GENDER_M,HYDROCODONE,OXYCODONE,SPCLTY_Dentist,STATE_WA,,
1093700403,GENDER_M,HYDROCODONE,OXYCODONE,SPCLTY_Family Practice,STATE_WI,TRAMADOL,
1093700965,GENDER_M,HYDROCODONE,OXYCODONE,SPCLTY_Orthopedic Surgery,STATE_FL,TRAMADOL,
1093701732,FENTANYL,GENDER_M,HYDROCODONE,OXYCODONE,SPCLTY_Family Practice,STATE_FL,TRAMADOL
1093703720,GENDER_F,HYDROCODONE,SPCLTY_Emergency Medicine,STATE_TX,,,
1093705626,GENDER_F,HYDROCODONE,SPCLTY_Internal Medicine,STATE_MA,TRAMADOL,,
1093706871,GENDER_M,HYDROCODONE,SPCLTY_Endocrinology,STATE_MD,TRAMADOL,,
1093707465,GENDER_M,HYDROCODONE,SPCLTY_Orthopedic Surgery,STATE_IA,,,
1093707812,GENDER_F,SPCLTY_Family Practice,STATE_NJ,TRAMADOL,,,
1093711012,GENDER_M,HYDROCODONE,SPCLTY_General Surgery,STATE_TX,TRAMADOL,,
1093711442,GENDER_F,HYDROCODONE,SPCLTY_Nurse Practitioner,STATE_TX,TRAMADOL,,
1093711467,GENDER_M,OXYCODONE,SPCLTY_Cardiology,STATE_NY,TRAMADOL,,
1093712028,GENDER_M,HYDROCODONE,SPCLTY_Cardiology,STATE_LA,TRAMADOL,,
1093712176,FENTANYL,GENDER_M,HYDROCODONE,OXYCODONE,SPCLTY_Internal Medicine,STATE_FL,TRAMADOL
1093714982,GENDER_M,HYDROCODONE,OXYCODONE,SPCLTY_Neurosurgery,STATE_NC,TRAMADOL,
1093716185,FENTANYL,GENDER_M,HYDROCODONE,OXYCODONE,SPCLTY_Family Practice,STATE_GA,TRAMADOL
1093717696,GENDER_M,HYDROCODONE,OXYCODONE,SPCLTY_Family Practice,STATE_AL,TRAMADOL,
1093718876,FENTANYL,GENDER_F,HYDROCODONE,OXYCODONE,SPCLTY_Nurse Practitioner,STATE_CT,TRAMADOL
1093721334,GENDER_M,HYDROCODONE,OXYCODONE,SPCLTY_Cardiology,STATE_SC,,
1093723454,GENDER_M,HYDROCODONE,SPCLTY_Physician Assistant,STATE_GA,TRAMADOL,,
1093725996,GENDER_M,HYDROCODONE,OXYCODONE,SPCLTY_Emergency Medicine,STATE_FL,TRAMADOL,
1093731788,GENDER_M,HYDROCODONE,SPCLTY_Urology,STATE_TX,TRAMADOL,,
1093732943,FENTANYL,GENDER_M,HYDROCODONE,OXYCODONE,SPCLTY_Family Practice,STATE_KS,TRAMADOL
1093734949,GENDER_M,HYDROCODONE,SPCLTY_Cardiology,STATE_MS,TRAMADOL,,
1093737264,GENDER_M,HYDROCODONE,SPCLTY_Dentist,STATE_MO,,,
1093742272,FENTANYL,GENDER_M,HYDROCODONE,OXYCODONE,SPCLTY_Interventional Pain M,STATE_NY,TRAMADOL
1093742942,GENDER_M,HYDROCODONE,OXYCODONE,SPCLTY_Emergency Medicine,STATE_NY,TRAMADOL,
1093746364,FENTANYL,GENDER_M,HYDROCODONE,SPCLTY_Family Practice,STATE_CA,TRAMADOL,
1093747842,GENDER_M,HYDROCODONE,SPCLTY_Family Practice,STATE_TX,TRAMADOL,,
1093753352,GENDER_M,HYDROCODONE,OXYCODONE,SPCLTY_Physician Assistant,STATE_CO,TRAMADOL,
1093758757,GENDER_M,HYDROCODONE,SPCLTY_Family Practice,STATE_CA,,,
1093758765,GENDER_M,HYDROCODONE,SPCLTY_Physician Assistant,STATE_AZ,TRAMADOL,,
1093760910,GENDER_F,HYDROCODONE,OXYCODONE,SPCLTY_Internal Medicine,STATE_MI,TRAMADOL,
1093763047,GENDER_F,HYDROCODONE,OXYCODONE,SPCLTY_Nurse Practitioner,STATE_NY,TRAMADOL,
1093768707,FENTANYL,GENDER_F,HYDROCODONE,OXYCODONE,SPCLTY_Family Practice,STATE_ID,TRAMADOL
1093769002,GENDER_M,HYDROCODONE,OXYCODONE,SPCLTY_Emergency Medicine,STATE_SC,TRAMADOL,
1093769754,GENDER_M,HYDROCODONE,OXYCODONE,SPCLTY_Emergency Medicine,STATE_NC,TRAMADOL,
1093770075,GENDER_M,HYDROCODONE,OXYCODONE,SPCLTY_Internal Medicine,STATE_FL,TRAMADOL,
1093770315,GENDER_M,HYDROCODONE,SPCLTY_Family Practice,STATE_TX,TRAMADOL,,
1093771610,GENDER_M,OXYCODONE,SPCLTY_Orthopedic Surgery,STATE_OH,,,
1093772378,GENDER_F,HYDROCODONE,SPCLTY_Infectious Disease,STATE_IN,TRAMADOL,,
1093773996,GENDER_F,HYDROCODONE,SPCLTY_Podiatry,STATE_IN,,,
1093776502,GENDER_M,HYDROCODONE,OXYCODONE,SPCLTY_Urology,STATE_NC,,
1093779555,GENDER_F,HYDROCODONE,SPCLTY_Internal Medicine,STATE_TX,TRAMADOL,,
1093780009,GENDER_M,OXYCODONE,SPCLTY_General Surgery,STATE_NC,,,
1093781494,GENDER_F,SPCLTY_Internal Medicine,STATE_NC,TRAMADOL,,,
1093781957,GENDER_M,OXYCODONE,SPCLTY_Family Practice,STATE_NJ,,,
1093783466,GENDER_M,HYDROCODONE,OXYCODONE,SPCLTY_Podiatry,STATE_OH,,
1093785214,GENDER_M,HYDROCODONE,SPCLTY_Interventional Pain M,STATE_CA,TRAMADOL,,
1093787319,FENTANYL,GENDER_F,HYDROCODONE,OXYCODONE,SPCLTY_Internal Medicine,STATE_NY,TRAMADOL
1093790883,FENTANYL,GENDER_M,HYDROCODONE,OXYCODONE,SPCLTY_Family Practice,STATE_MO,TRAMADOL
1093792574,FENTANYL,GENDER_M,HYDROCODONE,OXYCODONE,SPCLTY_Internal Medicine,STATE_IL,TRAMADOL
1093793184,GENDER_F,HYDROCODONE,SPCLTY_Podiatry,STATE_CA,,,
1093793531,GENDER_M,HYDROCODONE,OXYCODONE,SPCLTY_Orthopedic Surgery,STATE_PA,TRAMADOL,
1093793671,GENDER_M,HYDROCODONE,SPCLTY_Family Practice,STATE_MD,TRAMADOL,,
1093794257,GENDER_F,HYDROCODONE,SPCLTY_Family Practice,STATE_VA,,,
1093797185,GENDER_F,HYDROCODONE,SPCLTY_Family Practice,STATE_KY,,,
1093797250,GENDER_F,OXYCODONE,SPCLTY_Physician Assistant,STATE_WI,TRAMADOL,,
1093797987,FENTANYL,GENDER_M,HYDROCODONE,SPCLTY_Hematology/Oncology,STATE_IL,,
1093798225,GENDER_M,HYDROCODONE,OXYCODONE,SPCLTY_Internal Medicine,STATE_NC,TRAMADOL,
1093801359,GENDER_M,OXYCODONE,SPCLTY_Hematology/Oncology,STATE_ND,,,
1093808255,GENDER_M,SPCLTY_Internal Medicine,STATE_NY,TRAMADOL,,,
1093814527,GENDER_M,HYDROCODONE,OXYCODONE,SPCLTY_General Surgery,STATE_NV,,
1093817728,GENDER_M,HYDROCODONE,OXYCODONE,SPCLTY_Internal Medicine,STATE_CA,TRAMADOL,
1093818668,FENTANYL,GENDER_F,HYDROCODONE,OXYCODONE,SPCLTY_Nurse Practitioner,STATE_RI,
1093819161,GENDER_M,HYDROCODONE,SPCLTY_General Surgery,STATE_VA,TRAMADOL,,
1093820821,FENTANYL,GENDER_F,OXYCODONE,SPCLTY_Internal Medicine,STATE_NH,TRAMADOL,
1093821019,GENDER_F,HYDROCODONE,OXYCODONE,SPCLTY_Family Practice,STATE_GA,,
1093822595,GENDER_M,HYDROCODONE,SPCLTY_Family Practice,STATE_IL,TRAMADOL,,
1093823585,GENDER_F,HYDROCODONE,SPCLTY_Dentist,STATE_TN,,,
1093828675,GENDER_M,HYDROCODONE,SPCLTY_Emergency Medicine,STATE_IL,,,
1093835217,GENDER_M,HYDROCODONE,OXYCODONE,SPCLTY_Oral Surgery (dentist,STATE_FL,,
1093838153,GENDER_M,HYDROCODONE,SPCLTY_Dentist,STATE_VA,,,
1093850059,GENDER_F,OXYCODONE,SPCLTY_Internal Medicine,STATE_ME,,,
1093856767,GENDER_F,SPCLTY_Nurse Practitioner,STATE_GA,TRAMADOL,,,
1093859407,GENDER_M,HYDROCODONE,OXYCODONE,SPCLTY_Internal Medicine,STATE_MA,TRAMADOL,
1093867137,GENDER_F,OXYCODONE,SPCLTY_Internal Medicine,STATE_AE,,,
1093882953,GENDER_M,HYDROCODONE,SPCLTY_Family Practice,STATE_CA,,,
1093885568,GENDER_M,HYDROCODONE,OXYCODONE,SPCLTY_Internal Medicine,STATE_GA,TRAMADOL,
1093886467,GENDER_M,HYDROCODONE,OXYCODONE,SPCLTY_Orthopedic Surgery,STATE_OH,TRAMADOL,
1093887929,GENDER_M,HYDROCODONE,SPCLTY_Family Practice,STATE_MI,TRAMADOL,,
1093888687,FENTANYL,GENDER_M,HYDROCODONE,OXYCODONE,SPCLTY_Family Practice,STATE_GA,TRAMADOL
1093890154,GENDER_M,HYDROCODONE,SPCLTY_Dentist,STATE_TX,,,
1093893596,GENDER_M,HYDROCODONE,SPCLTY_Internal Medicine,STATE_CA,,,
1093893612,GENDER_F,HYDROCODONE,SPCLTY_Otolaryngology,STATE_CA,,,
1093893703,GENDER_F,HYDROCODONE,SPCLTY_Family Practice,STATE_CA,TRAMADOL,,
1093894784,FENTANYL,GENDER_M,HYDROCODONE,SPCLTY_Internal Medicine,STATE_CA,TRAMADOL,
1093895450,GENDER_F,SPCLTY_Internal Medicine,STATE_IN,TRAMADOL,,,
1093896938,GENDER_M,HYDROCODONE,SPCLTY_Internal Medicine,STATE_TX,TRAMADOL,,
1093898397,GENDER_M,HYDROCODONE,OXYCODONE,SPCLTY_Family Practice,STATE_FL,TRAMADOL,
1093901357,GENDER_M,HYDROCODONE,SPCLTY_Internal Medicine,STATE_OH,,,
1093904658,GENDER_M,HYDROCODONE,SPCLTY_Dentist,STATE_OH,,,
1093911083,GENDER_F,HYDROCODONE,OXYCODONE,SPCLTY_Family Practice,STATE_MN,TRAMADOL,
1093911802,GENDER_M,OXYCODONE,SPCLTY_Obstetrics/Gynecology,STATE_VA,,,
1093917296,GENDER_F,HYDROCODONE,SPCLTY_Physician Assistant,STATE_RI,TRAMADOL,,
1093918203,GENDER_M,HYDROCODONE,OXYCODONE,SPCLTY_Orthopedic Surgery,STATE_IL,,
1093918617,FENTANYL,GENDER_M,HYDROCODONE,SPCLTY_Medical Oncology,STATE_TX,,
1093926396,GENDER_F,OXYCODONE,SPCLTY_Obstetrics/Gynecology,STATE_AR,,,
1093926446,GENDER_M,HYDROCODONE,OXYCODONE,SPCLTY_Internal Medicine,STATE_LA,,
1093927048,GENDER_M,HYDROCODONE,SPCLTY_Oral Surgery (dentist,STATE_MD,,,
1093928418,FENTANYL,GENDER_F,HYDROCODONE,OXYCODONE,SPCLTY_Physician Assistant,STATE_WI,
1093931057,GENDER_M,HYDROCODONE,SPCLTY_Dentist,STATE_LA,,,
1093941221,GENDER_F,HYDROCODONE,SPCLTY_Emergency Medicine,STATE_CA,,,
1093942799,GENDER_M,HYDROCODONE,SPCLTY_Family Practice,STATE_WA,,,
1093944647,GENDER_M,HYDROCODONE,OXYCODONE,SPCLTY_Physical Medicine and,STATE_NY,TRAMADOL,
1093951907,FENTANYL,GENDER_M,HYDROCODONE,OXYCODONE,SPCLTY_Nurse Practitioner,STATE_PA,TRAMADOL
1093955817,GENDER_F,HYDROCODONE,SPCLTY_Nurse Practitioner,STATE_AZ,,,
1093970535,GENDER_M,HYDROCODONE,SPCLTY_Vascular Surgery,STATE_CA,,,
1093976995,GENDER_M,HYDROCODONE,OXYCODONE,SPCLTY_Neurosurgery,STATE_NE,,
1093978793,GENDER_F,HYDROCODONE,OXYCODONE,SPCLTY_Physician Assistant,STATE_NJ,TRAMADOL,
1093987885,GENDER_M,SPCLTY_Internal Medicine,STATE_TX,TRAMADOL,,,
1093988487,FENTANYL,GENDER_M,HYDROCODONE,OXYCODONE,SPCLTY_Medical Oncology,STATE_PA,
1093989899,FENTANYL,GENDER_F,HYDROCODONE,OXYCODONE,SPCLTY_Family Practice,STATE_WI,
1093996647,GENDER_M,HYDROCODONE,SPCLTY_Physician Assistant,STATE_ME,TRAMADOL,,
1104005560,GENDER_F,SPCLTY_Nurse Practitioner,STATE_MI,TRAMADOL,,,
1104007665,GENDER_M,OXYCODONE,SPCLTY_Radiation Oncology,STATE_OH,,,
1104008226,GENDER_M,HYDROCODONE,OXYCODONE,SPCLTY_Ophthalmology,STATE_VA,TRAMADOL,
1104009745,GENDER_F,HYDROCODONE,SPCLTY_Neurology,STATE_NC,,,
1104035237,GENDER_M,OXYCODONE,SPCLTY_Nephrology,STATE_NY,,,
1104037464,FENTANYL,GENDER_F,OXYCODONE,SPCLTY_Physician Assistant,STATE_MD,,
1104038306,GENDER_M,HYDROCODONE,SPCLTY_Internal Medicine,STATE_AL,,,
1104045376,GENDER_F,HYDROCODONE,SPCLTY_Dentist,STATE_LA,,,
1104046002,GENDER_F,OXYCODONE,SPCLTY_Nurse Practitioner,STATE_NY,,,
1104053560,GENDER_F,HYDROCODONE,SPCLTY_Nurse Practitioner,STATE_KS,,,
1104057165,GENDER_M,HYDROCODONE,SPCLTY_Internal Medicine,STATE_NY,,,
1104058072,GENDER_F,HYDROCODONE,SPCLTY_Student in an Organiz,STATE_CA,,,
1104065473,GENDER_M,OXYCODONE,SPCLTY_Physician Assistant,STATE_MD,,,
1104067420,GENDER_F,HYDROCODONE,SPCLTY_Internal Medicine,STATE_CA,,,
1104067552,GENDER_M,HYDROCODONE,SPCLTY_General Surgery,STATE_MI,,,
1104074780,GENDER_F,HYDROCODONE,SPCLTY_Nurse Practitioner,STATE_NC,TRAMADOL,,
1104077197,GENDER_F,HYDROCODONE,SPCLTY_Internal Medicine,STATE_PA,TRAMADOL,,
1104087634,GENDER_M,HYDROCODONE,SPCLTY_General Surgery,STATE_LA,,,
1104088772,GENDER_F,HYDROCODONE,SPCLTY_Emergency Medicine,STATE_MD,,,
1104089630,GENDER_F,SPCLTY_Nurse Practitioner,STATE_TX,TRAMADOL,,,
1104090323,GENDER_M,HYDROCODONE,SPCLTY_Internal Medicine,STATE_MA,,,
1104092899,GENDER_M,OXYCODONE,SPCLTY_General Practice,STATE_LA,,,
1104093202,GENDER_M,HYDROCODONE,SPCLTY_General Surgery,STATE_IN,,,
1104099969,GENDER_F,HYDROCODONE,SPCLTY_General Surgery,STATE_GA,,,
1104104199,GENDER_F,HYDROCODONE,SPCLTY_Family Practice,STATE_CO,TRAMADOL,,
1104109370,GENDER_F,HYDROCODONE,SPCLTY_Physician Assistant,STATE_WA,,,
1104113570,GENDER_M,HYDROCODONE,OXYCODONE,SPCLTY_Internal Medicine,STATE_PA,,
1104121730,GENDER_F,HYDROCODONE,SPCLTY_Nurse Practitioner,STATE_SC,TRAMADOL,,
1104123751,GENDER_F,SPCLTY_Nurse Practitioner,STATE_KY,TRAMADOL,,,
1104126481,GENDER_M,HYDROCODONE,SPCLTY_Nurse Practitioner,STATE_NM,TRAMADOL,,
1104128552,GENDER_M,HYDROCODONE,SPCLTY_Internal Medicine,STATE_CA,TRAMADOL,,
1104147800,GENDER_M,HYDROCODONE,SPCLTY_Emergency Medicine,STATE_MI,,,
1104151729,FENTANYL,GENDER_F,HYDROCODONE,OXYCODONE,SPCLTY_Physician Assistant,STATE_NC,TRAMADOL
1104169077,GENDER_F,HYDROCODONE,SPCLTY_Physician Assistant,STATE_IL,,,
1104171362,GENDER_F,OXYCODONE,SPCLTY_Physician Assistant,STATE_ME,,,
1104176262,GENDER_F,HYDROCODONE,SPCLTY_Physician Assistant,STATE_IL,TRAMADOL,,
1104177641,GENDER_F,HYDROCODONE,OXYCODONE,SPCLTY_Nurse Practitioner,STATE_MA,,
1104179795,GENDER_M,HYDROCODONE,SPCLTY_Physician Assistant,STATE_IL,,,
1104180827,GENDER_F,SPCLTY_Family Practice,STATE_MI,TRAMADOL,,,
1104182427,GENDER_M,OXYCODONE,SPCLTY_Thoracic Surgery,STATE_FL,,,
1104187756,GENDER_M,HYDROCODONE,OXYCODONE,SPCLTY_Student in an Organiz,STATE_WV,TRAMADOL,
1104192533,GENDER_F,SPCLTY_Nurse Practitioner,STATE_NC,TRAMADOL,,,
1104192947,GENDER_M,HYDROCODONE,SPCLTY_Student in an Organiz,STATE_IL,,,
1104230697,GENDER_F,HYDROCODONE,SPCLTY_Nurse Practitioner,STATE_AZ,,,
1104249275,GENDER_F,HYDROCODONE,SPCLTY_Physician Assistant,STATE_OK,TRAMADOL,,
1104800796,GENDER_F,HYDROCODONE,OXYCODONE,SPCLTY_Family Practice,STATE_WI,TRAMADOL,
1104802909,GENDER_M,HYDROCODONE,OXYCODONE,SPCLTY_Family Practice,STATE_TN,TRAMADOL,
1104803865,GENDER_M,SPCLTY_Physician Assistant,STATE_NC,TRAMADOL,,,
1104804632,GENDER_M,HYDROCODONE,SPCLTY_Dermatology,STATE_WV,,,
1104805126,GENDER_M,HYDROCODONE,OXYCODONE,SPCLTY_Internal Medicine,STATE_PA,TRAMADOL,
1104808641,GENDER_M,HYDROCODONE,OXYCODONE,SPCLTY_Nephrology,STATE_TN,,
1104811892,FENTANYL,GENDER_M,HYDROCODONE,OXYCODONE,SPCLTY_Nurse Practitioner,STATE_AZ,TRAMADOL
1104815802,GENDER_M,HYDROCODONE,OXYCODONE,SPCLTY_Hematology/Oncology,STATE_TX,,
1104818004,GENDER_M,HYDROCODONE,OXYCODONE,SPCLTY_Family Practice,STATE_MD,TRAMADOL,
1104819309,GENDER_M,OXYCODONE,SPCLTY_Internal Medicine,STATE_PA,TRAMADOL,,
1104819887,FENTANYL,GENDER_M,HYDROCODONE,SPCLTY_Family Practice,STATE_IN,TRAMADOL,
1104820570,GENDER_M,SPCLTY_Family Practice,STATE_CO,TRAMADOL,,,
1104822857,FENTANYL,GENDER_M,HYDROCODONE,OXYCODONE,SPCLTY_Emergency Medicine,STATE_PA,TRAMADOL
1104823020,GENDER_F,HYDROCODONE,SPCLTY_Family Practice,STATE_TN,TRAMADOL,,
1104824119,FENTANYL,GENDER_M,HYDROCODONE,OXYCODONE,SPCLTY_Family Practice,STATE_PA,TRAMADOL
1104824598,GENDER_M,HYDROCODONE,SPCLTY_Family Practice,STATE_IL,,,
1104825892,GENDER_M,HYDROCODONE,OXYCODONE,SPCLTY_Neurosurgery,STATE_ID,,
1104828185,GENDER_M,HYDROCODONE,SPCLTY_Physician Assistant,STATE_TX,TRAMADOL,,
1104828896,GENDER_M,HYDROCODONE,OXYCODONE,SPCLTY_Family Practice,STATE_OR,TRAMADOL,
1104829837,GENDER_M,HYDROCODONE,SPCLTY_Cardiology,STATE_LA,,,
1104830355,FENTANYL,GENDER_F,HYDROCODONE,OXYCODONE,SPCLTY_Nurse Practitioner,STATE_IN,TRAMADOL
1104830959,GENDER_M,HYDROCODONE,SPCLTY_Family Practice,STATE_FL,,,
1104834209,GENDER_M,HYDROCODONE,SPCLTY_Neurology,STATE_IL,,,
1104837863,GENDER_M,SPCLTY_Family Practice,STATE_MN,TRAMADOL,,,
1104838754,GENDER_M,HYDROCODONE,SPCLTY_Internal Medicine,STATE_CA,,,
1104841394,FENTANYL,GENDER_M,HYDROCODONE,OXYCODONE,SPCLTY_Family Practice,STATE_PA,TRAMADOL
1104843069,GENDER_F,HYDROCODONE,SPCLTY_General Surgery,STATE_MD,,,
1104844554,GENDER_M,HYDROCODONE,SPCLTY_Oral Surgery (dentist,STATE_OH,,,
1104845866,GENDER_M,OXYCODONE,SPCLTY_Emergency Medicine,STATE_CT,,,
1104847557,GENDER_M,OXYCODONE,SPCLTY_Internal Medicine,STATE_NY,,,
1104850569,GENDER_M,OXYCODONE,SPCLTY_Infectious Disease,STATE_PA,,,
1104850957,GENDER_M,HYDROCODONE,SPCLTY_General Surgery,STATE_AL,,,
1104853860,GENDER_M,HYDROCODONE,OXYCODONE,SPCLTY_Family Practice,STATE_AR,TRAMADOL,
1104856921,GENDER_M,HYDROCODONE,OXYCODONE,SPCLTY_Internal Medicine,STATE_CT,TRAMADOL,
1104858380,GENDER_M,HYDROCODONE,SPCLTY_Family Practice,STATE_TX,TRAMADOL,,
1104861343,GENDER_M,HYDROCODONE,OXYCODONE,SPCLTY_Family Practice,STATE_PA,TRAMADOL,
1104864073,GENDER_M,HYDROCODONE,OXYCODONE,SPCLTY_Neurosurgery,STATE_NV,TRAMADOL,
1104864214,GENDER_M,HYDROCODONE,OXYCODONE,SPCLTY_Family Practice,STATE_PA,TRAMADOL,
1104864339,FENTANYL,GENDER_M,HYDROCODONE,OXYCODONE,SPCLTY_Anesthesiology,STATE_CA,TRAMADOL
1104869684,GENDER_M,OXYCODONE,SPCLTY_Urology,STATE_NJ,,,
1104869734,GENDER_M,HYDROCODONE,SPCLTY_Physician Assistant,STATE_CA,TRAMADOL,,
1104870591,FENTANYL,GENDER_M,HYDROCODONE,OXYCODONE,SPCLTY_Family Practice,STATE_LA,TRAMADOL
1104872316,GENDER_F,HYDROCODONE,OXYCODONE,SPCLTY_Family Practice,STATE_NC,TRAMADOL,
1104872431,GENDER_F,HYDROCODONE,SPCLTY_Emergency Medicine,STATE_CA,,,
1104873918,GENDER_M,HYDROCODONE,OXYCODONE,SPCLTY_Orthopedic Surgery,STATE_NE,TRAMADOL,
1104875020,GENDER_M,HYDROCODONE,SPCLTY_Dentist,STATE_GA,,,
1104875871,FENTANYL,GENDER_M,SPCLTY_Hematology,STATE_PA,,,
1104876754,GENDER_M,HYDROCODONE,OXYCODONE,SPCLTY_Family Practice,STATE_LA,TRAMADOL,
1104877588,GENDER_M,OXYCODONE,SPCLTY_Internal Medicine,STATE_FL,TRAMADOL,,
1104878669,GENDER_M,HYDROCODONE,OXYCODONE,SPCLTY_Orthopedic Surgery,STATE_MS,TRAMADOL,
1104878776,GENDER_M,HYDROCODONE,SPCLTY_Family Practice,STATE_TX,TRAMADOL,,
1104881044,GENDER_M,OXYCODONE,SPCLTY_Obstetrics/Gynecology,STATE_FL,,,
1104882661,GENDER_M,HYDROCODONE,OXYCODONE,SPCLTY_Family Practice,STATE_OH,TRAMADOL,
1104882968,GENDER_M,OXYCODONE,SPCLTY_General Surgery,STATE_FL,,,
1104884600,GENDER_F,OXYCODONE,SPCLTY_Emergency Medicine,STATE_MA,,,
1104886324,GENDER_M,HYDROCODONE,SPCLTY_Emergency Medicine,STATE_VA,TRAMADOL,,
1104889815,GENDER_F,SPCLTY_Internal Medicine,STATE_PA,TRAMADOL,,,
1104892199,GENDER_M,HYDROCODONE,SPCLTY_Internal Medicine,STATE_SC,TRAMADOL,,
1104893858,GENDER_F,HYDROCODONE,SPCLTY_Geriatric Medicine,STATE_AR,,,
1104894203,GENDER_M,OXYCODONE,SPCLTY_Emergency Medicine,STATE_PA,TRAMADOL,,
1104894401,FENTANYL,GENDER_M,HYDROCODONE,OXYCODONE,SPCLTY_Internal Medicine,STATE_TN,TRAMADOL
1104894567,GENDER_F,HYDROCODONE,SPCLTY_General Surgery,STATE_FL,,,
1104895382,GENDER_M,HYDROCODONE,OXYCODONE,SPCLTY_Family Practice,STATE_CT,TRAMADOL,
1104899582,GENDER_F,HYDROCODONE,OXYCODONE,SPCLTY_Internal Medicine,STATE_NJ,TRAMADOL,
1104901040,GENDER_M,HYDROCODONE,SPCLTY_Dentist,STATE_OR,,,
1104901909,FENTANYL,GENDER_M,HYDROCODONE,OXYCODONE,SPCLTY_Pain Management,STATE_WA,
1104904879,GENDER_F,HYDROCODONE,SPCLTY_Emergency Medicine,STATE_CA,,,
1104905561,GENDER_F,HYDROCODONE,OXYCODONE,SPCLTY_Nurse Practitioner,STATE_WA,,
1104905843,GENDER_M,HYDROCODONE,SPCLTY_Urology,STATE_CA,,,
1104906965,GENDER_M,HYDROCODONE,SPCLTY_Dentist,STATE_SC,,,
1104906981,GENDER_F,HYDROCODONE,OXYCODONE,SPCLTY_Nurse Practitioner,STATE_OR,,
1104911585,FENTANYL,GENDER_F,HYDROCODONE,OXYCODONE,SPCLTY_Nurse Practitioner,STATE_MT,TRAMADOL
1104918002,GENDER_F,HYDROCODONE,OXYCODONE,SPCLTY_Family Practice,STATE_HI,,
1104926526,GENDER_M,OXYCODONE,SPCLTY_Family Practice,STATE_PA,TRAMADOL,,
1104930056,GENDER_F,HYDROCODONE,SPCLTY_Dentist,STATE_NJ,,,
1104934603,GENDER_M,HYDROCODONE,SPCLTY_Plastic and Reconstru,STATE_MI,,,
1104938638,GENDER_M,HYDROCODONE,SPCLTY_Pulmonary Disease,STATE_MI,,,
1104938737,GENDER_M,HYDROCODONE,OXYCODONE,SPCLTY_Emergency Medicine,STATE_OR,,
1104951235,GENDER_F,HYDROCODONE,SPCLTY_Rheumatology,STATE_MO,TRAMADOL,,
1104958743,FENTANYL,GENDER_M,HYDROCODONE,OXYCODONE,SPCLTY_Internal Medicine,STATE_NY,TRAMADOL
1104963230,GENDER_M,SPCLTY_Nephrology,STATE_NJ,TRAMADOL,,,
1104965573,GENDER_M,HYDROCODONE,SPCLTY_Dentist,STATE_KY,,,
1104967272,GENDER_M,HYDROCODONE,OXYCODONE,SPCLTY_Family Practice,STATE_OH,TRAMADOL,
1104970102,GENDER_F,HYDROCODONE,SPCLTY_Nurse Practitioner,STATE_NC,TRAMADOL,,
1104974328,GENDER_M,HYDROCODONE,SPCLTY_General Surgery,STATE_PA,,,
1104974963,GENDER_F,HYDROCODONE,SPCLTY_Nurse Practitioner,STATE_WV,,,
1104978048,FENTANYL,GENDER_M,HYDROCODONE,OXYCODONE,SPCLTY_Rheumatology,STATE_IN,TRAMADOL
1104979038,GENDER_M,HYDROCODONE,OXYCODONE,SPCLTY_Family Practice,STATE_KY,TRAMADOL,
1104982628,FENTANYL,GENDER_M,HYDROCODONE,OXYCODONE,SPCLTY_Physician Assistant,STATE_FL,TRAMADOL
1104984046,GENDER_M,OXYCODONE,SPCLTY_Vascular Surgery,STATE_PA,,,
1104994102,GENDER_F,HYDROCODONE,SPCLTY_General Practice,STATE_CA,,,
1104995638,GENDER_M,OXYCODONE,SPCLTY_Emergency Medicine,STATE_AZ,,,
1104999853,GENDER_M,HYDROCODONE,SPCLTY_Dentist,STATE_WA,,,
1114001708,GENDER_M,HYDROCODONE,SPCLTY_Dentist,STATE_TX,,,
1114003233,GENDER_M,HYDROCODONE,SPCLTY_Dentist,STATE_TX,,,
1114007218,GENDER_M,HYDROCODONE,OXYCODONE,SPCLTY_Psychiatry,STATE_TX,,
1114014958,GENDER_M,HYDROCODONE,OXYCODONE,SPCLTY_Family Practice,STATE_WV,TRAMADOL,
1114024379,GENDER_F,SPCLTY_Rheumatology,STATE_MA,TRAMADOL,,,
1114028735,GENDER_M,SPCLTY_Family Practice,STATE_MT,TRAMADOL,,,
1114028743,GENDER_M,HYDROCODONE,OXYCODONE,SPCLTY_Family Practice,STATE_IN,TRAMADOL,
1114031085,GENDER_M,SPCLTY_Family Practice,STATE_FL,TRAMADOL,,,
1114031937,FENTANYL,GENDER_M,HYDROCODONE,OXYCODONE,SPCLTY_Family Practice,STATE_KY,TRAMADOL
1114032562,GENDER_F,HYDROCODONE,SPCLTY_Family Practice,STATE_ME,,,
1114037264,GENDER_F,HYDROCODONE,SPCLTY_Family Practice,STATE_TX,TRAMADOL,,
1114042272,GENDER_M,HYDROCODONE,SPCLTY_Dentist,STATE_FL,,,
1114044393,FENTANYL,GENDER_M,HYDROCODONE,OXYCODONE,SPCLTY_General Practice,STATE_OR,
1114052180,FENTANYL,GENDER_M,HYDROCODONE,OXYCODONE,SPCLTY_Physical Medicine and,STATE_MD,TRAMADOL
1114053956,GENDER_M,HYDROCODONE,SPCLTY_Dentist,STATE_MO,,,
1114054673,GENDER_M,HYDROCODONE,SPCLTY_Family Practice,STATE_TX,TRAMADOL,,
1114062809,GENDER_M,HYDROCODONE,OXYCODONE,SPCLTY_Family Practice,STATE_MT,TRAMADOL,
1114066784,GENDER_M,HYDROCODONE,OXYCODONE,SPCLTY_Orthopedic Surgery,STATE_NC,TRAMADOL,
1114070505,GENDER_M,HYDROCODONE,SPCLTY_Physical Medicine and,STATE_GA,,,
1114075140,GENDER_F,SPCLTY_Internal Medicine,STATE_PR,TRAMADOL,,,
1114081429,GENDER_M,HYDROCODONE,OXYCODONE,SPCLTY_Physical Medicine and,STATE_CA,TRAMADOL,
1114086089,GENDER_M,HYDROCODONE,SPCLTY_Dentist,STATE_ID,,,
1114087731,GENDER_M,HYDROCODONE,SPCLTY_Internal Medicine,STATE_IL,TRAMADOL,,
1114091246,GENDER_M,SPCLTY_Family Practice,STATE_FL,TRAMADOL,,,
1114093580,GENDER_M,HYDROCODONE,OXYCODONE,SPCLTY_Orthopedic Surgery,STATE_MI,,
1114102910,FENTANYL,GENDER_M,HYDROCODONE,OXYCODONE,SPCLTY_Anesthesiology,STATE_PA,TRAMADOL
1114109782,GENDER_M,HYDROCODONE,OXYCODONE,SPCLTY_Emergency Medicine,STATE_MD,TRAMADOL,
1114114238,GENDER_M,HYDROCODONE,OXYCODONE,SPCLTY_Orthopedic Surgery,STATE_CA,,
1114117223,GENDER_M,OXYCODONE,SPCLTY_Physical Medicine and,STATE_CA,,,
1114117405,GENDER_M,HYDROCODONE,SPCLTY_Dentist,STATE_IN,,,
1114117991,GENDER_F,HYDROCODONE,OXYCODONE,SPCLTY_Family Practice,STATE_CA,TRAMADOL,
1114118676,GENDER_M,HYDROCODONE,SPCLTY_Physical Medicine and,STATE_NV,,,
1114122785,GENDER_M,OXYCODONE,SPCLTY_General Surgery,STATE_NY,,,
1114127867,GENDER_M,HYDROCODONE,OXYCODONE,SPCLTY_Physical Medicine and,STATE_TX,TRAMADOL,
1114134954,GENDER_M,HYDROCODONE,SPCLTY_Dentist,STATE_TX,,,
1114136686,GENDER_M,HYDROCODONE,OXYCODONE,SPCLTY_Physical Medicine and,STATE_MO,TRAMADOL,
1114149523,GENDER_M,HYDROCODONE,OXYCODONE,SPCLTY_Specialist,STATE_PA,,
1114149770,GENDER_M,HYDROCODONE,SPCLTY_Vascular Surgery,STATE_IL,,,
1114167756,GENDER_M,HYDROCODONE,OXYCODONE,SPCLTY_Physician Assistant,STATE_OR,TRAMADOL,
1114168440,GENDER_F,OXYCODONE,SPCLTY_Nurse Practitioner,STATE_MD,TRAMADOL,,
1114168499,GENDER_F,HYDROCODONE,SPCLTY_Family Practice,STATE_NY,TRAMADOL,,
1114173721,GENDER_M,HYDROCODONE,SPCLTY_Maxillofacial Surgery,STATE_CA,,,
1114180007,GENDER_F,HYDROCODONE,SPCLTY_Internal Medicine,STATE_IL,TRAMADOL,,
1114180288,GENDER_F,HYDROCODONE,OXYCODONE,SPCLTY_Physician Assistant,STATE_WI,,
1114182359,GENDER_M,HYDROCODONE,OXYCODONE,SPCLTY_Neurology,STATE_NC,,
1114187366,GENDER_M,HYDROCODONE,OXYCODONE,SPCLTY_Emergency Medicine,STATE_LA,TRAMADOL,
1114188497,GENDER_M,HYDROCODONE,SPCLTY_Family Practice,STATE_TX,TRAMADOL,,
1114190469,GENDER_F,HYDROCODONE,SPCLTY_Neurosurgery,STATE_MI,TRAMADOL,,
1114240009,GENDER_F,OXYCODONE,SPCLTY_Physician Assistant,STATE_VT,TRAMADOL,,
1114245958,GENDER_F,HYDROCODONE,SPCLTY_Nurse Practitioner,STATE_IL,,,
1114248655,GENDER_M,HYDROCODONE,SPCLTY_Dentist,STATE_AR,,,
1114250966,FENTANYL,GENDER_F,HYDROCODONE,SPCLTY_Nurse Practitioner,STATE_IL,TRAMADOL,
1114254620,GENDER_M,HYDROCODONE,SPCLTY_Physician Assistant,STATE_TX,TRAMADOL,,
1114271970,GENDER_F,HYDROCODONE,SPCLTY_Nurse Practitioner,STATE_NY,,,
1114285624,GENDER_F,HYDROCODONE,SPCLTY_Student in an Organiz,STATE_DC,TRAMADOL,,
1114288933,GENDER_F,SPCLTY_Family Practice,STATE_ND,TRAMADOL,,,
1114289519,GENDER_M,HYDROCODONE,SPCLTY_Internal Medicine,STATE_SC,,,
1114331808,GENDER_M,HYDROCODONE,SPCLTY_Family Practice,STATE_NE,,,
1114354578,GENDER_F,OXYCODONE,SPCLTY_Nurse Practitioner,STATE_MD,,,
1114359395,GENDER_F,HYDROCODONE,SPCLTY_Nurse Practitioner,STATE_NY,,,
1114360831,GENDER_M,HYDROCODONE,OXYCODONE,SPCLTY_Internal Medicine,STATE_FL,TRAMADOL,
1114361847,GENDER_F,HYDROCODONE,SPCLTY_Physician Assistant,STATE_TX,,,
1114361961,GENDER_M,HYDROCODONE,OXYCODONE,SPCLTY_Student in an Organiz,STATE_WV,TRAMADOL,
1114363579,GENDER_M,HYDROCODONE,SPCLTY_Student in an Organiz,STATE_IL,,,
1114367299,FENTANYL,GENDER_F,HYDROCODONE,OXYCODONE,SPCLTY_Nurse Practitioner,STATE_PA,
1114900255,GENDER_F,HYDROCODONE,SPCLTY_Emergency Medicine,STATE_CA,,,
1114901063,GENDER_M,HYDROCODONE,SPCLTY_General Surgery,STATE_MS,,,
1114901089,GENDER_M,HYDROCODONE,OXYCODONE,SPCLTY_Physician Assistant,STATE_NC,TRAMADOL,
1114902822,GENDER_M,HYDROCODONE,SPCLTY_General Practice,STATE_CA,TRAMADOL,,
1114903309,GENDER_M,OXYCODONE,SPCLTY_Hematology/Oncology,STATE_NH,,,
1114910346,GENDER_F,OXYCODONE,SPCLTY_Internal Medicine,STATE_PR,TRAMADOL,,
1114910767,GENDER_M,HYDROCODONE,OXYCODONE,SPCLTY_Physician Assistant,STATE_NC,TRAMADOL,
1114911823,FENTANYL,GENDER_M,HYDROCODONE,OXYCODONE,SPCLTY_Family Practice,STATE_NC,TRAMADOL
1114913605,GENDER_M,HYDROCODONE,OXYCODONE,SPCLTY_Neurosurgery,STATE_TX,TRAMADOL,
1114914421,GENDER_F,HYDROCODONE,SPCLTY_Rheumatology,STATE_NY,TRAMADOL,,
1114916343,FENTANYL,GENDER_F,HYDROCODONE,OXYCODONE,SPCLTY_Anesthesiology,STATE_VA,TRAMADOL
1114919362,GENDER_M,HYDROCODONE,SPCLTY_Emergency Medicine,STATE_LA,,,
1114920246,GENDER_M,HYDROCODONE,SPCLTY_Orthopedic Surgery,STATE_TN,,,
1114921467,GENDER_M,HYDROCODONE,OXYCODONE,SPCLTY_General Surgery,STATE_AZ,,
1114921483,GENDER_M,HYDROCODONE,SPCLTY_Podiatry,STATE_IL,,,
1114921590,GENDER_F,HYDROCODONE,OXYCODONE,SPCLTY_Family Practice,STATE_CO,TRAMADOL,
1114922317,GENDER_M,HYDROCODONE,OXYCODONE,SPCLTY_Emergency Medicine,STATE_AL,TRAMADOL,
1114923331,FENTANYL,GENDER_M,HYDROCODONE,OXYCODONE,SPCLTY_Family Practice,STATE_TX,TRAMADOL
1114924925,GENDER_M,HYDROCODONE,SPCLTY_Endocrinology,STATE_GA,,,
1114925385,GENDER_M,HYDROCODONE,OXYCODONE,SPCLTY_Internal Medicine,STATE_CA,TRAMADOL,
1114925781,GENDER_F,HYDROCODONE,OXYCODONE,SPCLTY_Family Practice,STATE_OK,TRAMADOL,
1114926631,GENDER_M,HYDROCODONE,SPCLTY_Family Practice,STATE_TX,TRAMADOL,,
1114927878,GENDER_M,HYDROCODONE,OXYCODONE,SPCLTY_Family Practice,STATE_MA,TRAMADOL,
1114933660,FENTANYL,GENDER_F,HYDROCODONE,OXYCODONE,SPCLTY_Physical Medicine and,STATE_IL,TRAMADOL
1114935053,GENDER_M,HYDROCODONE,SPCLTY_Dentist,STATE_FL,,,
1114935178,GENDER_M,OXYCODONE,SPCLTY_General Surgery,STATE_FL,,,
1114935368,GENDER_F,OXYCODONE,SPCLTY_Nurse Practitioner,STATE_MN,,,
1114936317,FENTANYL,GENDER_F,HYDROCODONE,OXYCODONE,SPCLTY_Family Practice,STATE_NY,
1114937687,GENDER_F,HYDROCODONE,SPCLTY_General Surgery,STATE_IL,,,
1114940111,GENDER_F,HYDROCODONE,SPCLTY_Nurse Practitioner,STATE_CA,TRAMADOL,,
1114940129,GENDER_M,HYDROCODONE,SPCLTY_Internal Medicine,STATE_AL,TRAMADOL,,
1114940459,GENDER_M,SPCLTY_General Practice,STATE_FL,TRAMADOL,,,
1114951431,FENTANYL,GENDER_M,HYDROCODONE,OXYCODONE,SPCLTY_Family Practice,STATE_ND,TRAMADOL
1114953304,GENDER_M,HYDROCODONE,SPCLTY_Family Practice,STATE_MI,TRAMADOL,,
1114956745,GENDER_M,HYDROCODONE,SPCLTY_Diagnostic Radiology,STATE_CA,,,
1114958618,FENTANYL,GENDER_M,HYDROCODONE,OXYCODONE,SPCLTY_Physical Medicine and,STATE_PA,TRAMADOL
1114959442,FENTANYL,GENDER_M,HYDROCODONE,SPCLTY_Family Practice,STATE_LA,TRAMADOL,
1114961422,FENTANYL,GENDER_M,HYDROCODONE,SPCLTY_Rheumatology,STATE_KS,TRAMADOL,
1114963212,GENDER_F,HYDROCODONE,SPCLTY_Internal Medicine,STATE_IL,,,
1114965233,GENDER_M,HYDROCODONE,SPCLTY_Emergency Medicine,STATE_TX,,,
1114969219,FENTANYL,GENDER_M,HYDROCODONE,SPCLTY_Medical Oncology,STATE_TX,TRAMADOL,
1114970373,GENDER_M,HYDROCODONE,SPCLTY_Emergency Medicine,STATE_MI,,,
1114972254,GENDER_M,OXYCODONE,SPCLTY_Hematology/Oncology,STATE_FL,,,
1114973450,GENDER_M,HYDROCODONE,OXYCODONE,SPCLTY_Emergency Medicine,STATE_NJ,TRAMADOL,
1114974441,FENTANYL,GENDER_M,HYDROCODONE,OXYCODONE,SPCLTY_Gastroenterology,STATE_IL,TRAMADOL
1114975315,GENDER_F,HYDROCODONE,SPCLTY_Nurse Practitioner,STATE_TX,TRAMADOL,,
1114977758,GENDER_M,HYDROCODONE,SPCLTY_Emergency Medicine,STATE_NE,TRAMADOL,,
1114977949,GENDER_F,HYDROCODONE,SPCLTY_Neurology,STATE_TX,,,
1114978657,GENDER_M,SPCLTY_Physician Assistant,STATE_FL,TRAMADOL,,,
1114983616,FENTANYL,GENDER_M,HYDROCODONE,OXYCODONE,SPCLTY_Internal Medicine,STATE_PA,TRAMADOL
1114984648,GENDER_F,HYDROCODONE,SPCLTY_Internal Medicine,STATE_CA,TRAMADOL,,
1114985041,GENDER_M,HYDROCODONE,OXYCODONE,SPCLTY_Orthopedic Surgery,STATE_RI,TRAMADOL,
1114986239,GENDER_M,HYDROCODONE,SPCLTY_Orthopedic Surgery,STATE_AL,TRAMADOL,,
1114987765,GENDER_M,HYDROCODONE,SPCLTY_Physician Assistant,STATE_PA,TRAMADOL,,
1114991189,GENDER_F,OXYCODONE,SPCLTY_Neurology,STATE_FL,,,
1114992054,GENDER_M,HYDROCODONE,SPCLTY_General Surgery,STATE_OK,,,
1114992351,GENDER_M,HYDROCODONE,SPCLTY_Family Practice,STATE_PA,TRAMADOL,,
1114993003,FENTANYL,GENDER_F,HYDROCODONE,OXYCODONE,SPCLTY_Nurse Practitioner,STATE_OH,TRAMADOL
1114993227,FENTANYL,GENDER_M,HYDROCODONE,OXYCODONE,SPCLTY_Internal Medicine,STATE_PA,TRAMADOL
1114998127,GENDER_M,HYDROCODONE,OXYCODONE,SPCLTY_Orthopedic Surgery,STATE_NC,TRAMADOL,
1114998606,GENDER_F,OXYCODONE,SPCLTY_Internal Medicine,STATE_FL,,,
1114999786,GENDER_F,OXYCODONE,SPCLTY_Family Practice,STATE_MA,,,
1124001458,GENDER_M,HYDROCODONE,SPCLTY_Family Practice,STATE_IN,TRAMADOL,,
1124001771,GENDER_M,HYDROCODONE,SPCLTY_Physician Assistant,STATE_MI,,,
1124002472,GENDER_F,HYDROCODONE,OXYCODONE,SPCLTY_Nurse Practitioner,STATE_OR,TRAMADOL,
1124005541,GENDER_F,HYDROCODONE,OXYCODONE,SPCLTY_Family Practice,STATE_SC,TRAMADOL,
1124005731,GENDER_M,HYDROCODONE,OXYCODONE,SPCLTY_Family Practice,STATE_AK,,
1124006259,GENDER_F,HYDROCODONE,OXYCODONE,SPCLTY_Family Practice,STATE_MI,,
1124006887,FENTANYL,GENDER_M,HYDROCODONE,OXYCODONE,SPCLTY_Physician Assistant,STATE_IA,TRAMADOL
1124007232,GENDER_M,HYDROCODONE,OXYCODONE,SPCLTY_Emergency Medicine,STATE_MD,TRAMADOL,
1124009410,FENTANYL,GENDER_M,HYDROCODONE,OXYCODONE,SPCLTY_Internal Medicine,STATE_PA,TRAMADOL
1124010616,GENDER_M,HYDROCODONE,SPCLTY_Pulmonary Disease,STATE_TX,,,
1124013966,GENDER_M,OXYCODONE,SPCLTY_Emergency Medicine,STATE_NJ,,,
1124017165,GENDER_F,HYDROCODONE,OXYCODONE,SPCLTY_Nurse Practitioner,STATE_NY,TRAMADOL,
1124017256,GENDER_M,HYDROCODONE,SPCLTY_Hematology/Oncology,STATE_SD,,,
1124017553,FENTANYL,GENDER_F,HYDROCODONE,OXYCODONE,SPCLTY_Nurse Practitioner,STATE_OR,
1124018460,GENDER_M,HYDROCODONE,OXYCODONE,SPCLTY_Oral Surgery (dentist,STATE_MD,,
1124019427,GENDER_M,HYDROCODONE,OXYCODONE,SPCLTY_Medical Oncology,STATE_FL,,
1124020185,GENDER_M,HYDROCODONE,SPCLTY_Orthopedic Surgery,STATE_TX,,,
1124020664,GENDER_M,HYDROCODONE,SPCLTY_Internal Medicine,STATE_MI,TRAMADOL,,
1124020706,GENDER_M,HYDROCODONE,SPCLTY_Physician Assistant,STATE_CA,TRAMADOL,,
1124022066,GENDER_M,HYDROCODONE,OXYCODONE,SPCLTY_Emergency Medicine,STATE_OH,TRAMADOL,
1124024625,GENDER_M,OXYCODONE,SPCLTY_Internal Medicine,STATE_OH,,,
1124026117,GENDER_M,SPCLTY_Clinic/Center,STATE_FL,TRAMADOL,,,
1124028618,GENDER_F,HYDROCODONE,SPCLTY_Otolaryngology,STATE_FL,,,
1124029822,GENDER_F,HYDROCODONE,SPCLTY_Physician Assistant,STATE_NC,TRAMADOL,,
1124036744,GENDER_F,HYDROCODONE,SPCLTY_Nurse Practitioner,STATE_OK,,,
1124040449,FENTANYL,GENDER_F,HYDROCODONE,OXYCODONE,SPCLTY_Internal Medicine,STATE_PA,TRAMADOL
1124041041,GENDER_M,SPCLTY_General Practice,STATE_PR,TRAMADOL,,,
1124041355,GENDER_M,HYDROCODONE,SPCLTY_Oral Surgery (dentist,STATE_TX,,,
1124041983,GENDER_F,HYDROCODONE,SPCLTY_Family Practice,STATE_CA,TRAMADOL,,
1124042007,GENDER_M,HYDROCODONE,SPCLTY_Internal Medicine,STATE_AL,TRAMADOL,,
1124043203,FENTANYL,GENDER_F,HYDROCODONE,OXYCODONE,SPCLTY_Nurse Practitioner,STATE_OH,TRAMADOL
1124043427,GENDER_F,SPCLTY_Physician Assistant,STATE_MD,TRAMADOL,,,
1124045125,FENTANYL,GENDER_F,HYDROCODONE,SPCLTY_Family Practice,STATE_MN,TRAMADOL,
1124045877,GENDER_M,HYDROCODONE,SPCLTY_Podiatry,STATE_ID,,,
1124048236,GENDER_M,HYDROCODONE,OXYCODONE,SPCLTY_Orthopedic Surgery,STATE_FL,TRAMADOL,
1124048608,GENDER_M,HYDROCODONE,SPCLTY_Internal Medicine,STATE_CA,TRAMADOL,,
1124050554,GENDER_M,OXYCODONE,SPCLTY_Physician Assistant,STATE_WA,,,
1124052782,FENTANYL,GENDER_M,HYDROCODONE,SPCLTY_Family Practice,STATE_MN,TRAMADOL,
1124053061,GENDER_M,OXYCODONE,SPCLTY_Cardiac Electrophysio,STATE_FL,,,
1124053202,GENDER_M,HYDROCODONE,OXYCODONE,SPCLTY_Family Practice,STATE_WI,TRAMADOL,
1124057690,GENDER_M,HYDROCODONE,SPCLTY_Ophthalmology,STATE_MI,,,
1124059399,GENDER_F,HYDROCODONE,SPCLTY_Family Practice,STATE_AL,TRAMADOL,,
1124060280,GENDER_M,HYDROCODONE,OXYCODONE,SPCLTY_Orthopedic Surgery,STATE_WI,,
1124065727,FENTANYL,GENDER_M,HYDROCODONE,OXYCODONE,SPCLTY_Internal Medicine,STATE_MI,
1124066444,GENDER_M,HYDROCODONE,OXYCODONE,SPCLTY_Emergency Medicine,STATE_KY,TRAMADOL,
1124067319,FENTANYL,GENDER_M,HYDROCODONE,OXYCODONE,SPCLTY_Internal Medicine,STATE_MN,TRAMADOL
1124068630,GENDER_M,SPCLTY_Nephrology,STATE_MO,TRAMADOL,,,
1124068986,GENDER_F,HYDROCODONE,OXYCODONE,SPCLTY_Family Practice,STATE_ME,TRAMADOL,
1124069455,GENDER_M,HYDROCODONE,SPCLTY_Family Practice,STATE_IL,TRAMADOL,,
1124071949,GENDER_M,HYDROCODONE,SPCLTY_Obstetrics/Gynecology,STATE_FL,,,
1124073861,FENTANYL,GENDER_M,HYDROCODONE,OXYCODONE,SPCLTY_Anesthesiology,STATE_IL,TRAMADOL
1124074588,GENDER_F,HYDROCODONE,SPCLTY_Physician Assistant,STATE_SD,,,
1124077805,GENDER_M,HYDROCODONE,SPCLTY_Family Practice,STATE_FL,TRAMADOL,,
1124083217,GENDER_M,OXYCODONE,SPCLTY_General Practice,STATE_PR,TRAMADOL,,
1124083514,FENTANYL,GENDER_F,HYDROCODONE,OXYCODONE,SPCLTY_Internal Medicine,STATE_IN,TRAMADOL
1124084413,GENDER_M,HYDROCODONE,SPCLTY_Colorectal Surgery (f,STATE_FL,,,
1124085667,GENDER_M,HYDROCODONE,SPCLTY_General Surgery,STATE_PA,,,
1124087044,GENDER_M,HYDROCODONE,SPCLTY_Internal Medicine,STATE_TX,TRAMADOL,,
1124087275,GENDER_F,HYDROCODONE,SPCLTY_Emergency Medicine,STATE_MN,,,
1124089461,FENTANYL,GENDER_M,HYDROCODONE,OXYCODONE,SPCLTY_Family Practice,STATE_CA,TRAMADOL
1124090857,GENDER_F,HYDROCODONE,SPCLTY_Internal Medicine,STATE_GA,TRAMADOL,,
1124092325,GENDER_M,SPCLTY_Cardiology,STATE_IN,TRAMADOL,,,
1124092739,GENDER_M,SPCLTY_Cardiology,STATE_PA,TRAMADOL,,,
1124092994,GENDER_M,OXYCODONE,SPCLTY_Internal Medicine,STATE_NY,,,
1124093679,GENDER_M,HYDROCODONE,SPCLTY_Family Practice,STATE_MI,TRAMADOL,,
1124096185,FENTANYL,GENDER_F,HYDROCODONE,OXYCODONE,SPCLTY_Medical Oncology,STATE_WI,
1124097589,GENDER_M,HYDROCODONE,SPCLTY_Ophthalmology,STATE_OK,,,
1124098603,FENTANYL,GENDER_M,HYDROCODONE,OXYCODONE,SPCLTY_Family Practice,STATE_MS,TRAMADOL
1124108774,GENDER_M,OXYCODONE,SPCLTY_Thoracic Surgery,STATE_NY,,,
1124109319,GENDER_M,OXYCODONE,SPCLTY_Pulmonary Disease,STATE_NJ,TRAMADOL,,
1124115720,FENTANYL,GENDER_M,HYDROCODONE,OXYCODONE,SPCLTY_General Surgery,STATE_AL,TRAMADOL
1124117528,GENDER_M,HYDROCODONE,OXYCODONE,SPCLTY_Dentist,STATE_WA,,
1124118724,GENDER_M,HYDROCODONE,OXYCODONE,SPCLTY_Emergency Medicine,STATE_VA,,
1124120035,GENDER_F,HYDROCODONE,SPCLTY_Nurse Practitioner,STATE_KY,TRAMADOL,,
1124120977,GENDER_M,HYDROCODONE,SPCLTY_Family Practice,STATE_CA,TRAMADOL,,
1124121710,GENDER_F,HYDROCODONE,SPCLTY_Dentist,STATE_IA,,,
1124128145,GENDER_M,HYDROCODONE,SPCLTY_Rheumatology,STATE_CA,TRAMADOL,,
1124130570,GENDER_F,HYDROCODONE,OXYCODONE,SPCLTY_Family Practice,STATE_WI,TRAMADOL,
1124131321,GENDER_M,HYDROCODONE,SPCLTY_Orthopedic Surgery,STATE_CA,TRAMADOL,,
1124132766,GENDER_M,SPCLTY_Neurology,STATE_GA,TRAMADOL,,,
1124135025,GENDER_F,HYDROCODONE,OXYCODONE,SPCLTY_Internal Medicine,STATE_NY,,
1124136601,FENTANYL,GENDER_M,HYDROCODONE,SPCLTY_Family Practice,STATE_IL,,
1124142443,GENDER_F,HYDROCODONE,SPCLTY_Physician Assistant,STATE_NE,,,
1124143607,GENDER_M,HYDROCODONE,SPCLTY_Dentist,STATE_CA,,,
1124146626,GENDER_F,HYDROCODONE,SPCLTY_Nurse Practitioner,STATE_VA,,,
1124151972,GENDER_M,HYDROCODONE,SPCLTY_Dentist,STATE_LA,,,
1124160320,GENDER_M,SPCLTY_Gastroenterology,STATE_FL,TRAMADOL,,,
1124171418,GENDER_M,HYDROCODONE,OXYCODONE,SPCLTY_Family Practice,STATE_CO,TRAMADOL,
1124173174,GENDER_M,HYDROCODONE,SPCLTY_Dentist,STATE_TX,,,
1124173547,GENDER_F,HYDROCODONE,OXYCODONE,SPCLTY_Nurse Practitioner,STATE_OH,TRAMADOL,
1124179098,GENDER_M,HYDROCODONE,SPCLTY_Dentist,STATE_NC,,,
1124182779,FENTANYL,GENDER_M,HYDROCODONE,OXYCODONE,SPCLTY_Internal Medicine,STATE_SC,TRAMADOL
1124184841,GENDER_M,HYDROCODONE,OXYCODONE,SPCLTY_Physician Assistant,STATE_MD,TRAMADOL,
1124188198,GENDER_F,HYDROCODONE,OXYCODONE,SPCLTY_Nurse Practitioner,STATE_OR,,
1124190079,FENTANYL,GENDER_M,HYDROCODONE,OXYCODONE,SPCLTY_Anesthesiology,STATE_GA,TRAMADOL
1124190723,GENDER_M,HYDROCODONE,SPCLTY_Orthopedic Surgery,STATE_IL,TRAMADOL,,
1124206388,GENDER_F,HYDROCODONE,OXYCODONE,SPCLTY_Rheumatology,STATE_NC,TRAMADOL,
1124217971,FENTANYL,GENDER_F,OXYCODONE,SPCLTY_Hematology,STATE_PA,,
1124218540,GENDER_F,OXYCODONE,SPCLTY_General Surgery,STATE_NJ,,,
1124222898,GENDER_M,HYDROCODONE,OXYCODONE,SPCLTY_Emergency Medicine,STATE_NC,,
1124223664,GENDER_F,OXYCODONE,SPCLTY_Physician Assistant,STATE_MD,,,
1124225313,GENDER_M,HYDROCODONE,SPCLTY_Pediatric Medicine,STATE_MS,,,
1124229521,GENDER_M,HYDROCODONE,SPCLTY_Emergency Medicine,STATE_CO,TRAMADOL,,
1124233317,GENDER_F,HYDROCODONE,OXYCODONE,SPCLTY_Internal Medicine,STATE_OR,TRAMADOL,
1124236815,GENDER_M,HYDROCODONE,SPCLTY_Oral Surgery (dentist,STATE_NC,,,
1124258835,GENDER_F,HYDROCODONE,SPCLTY_Dentist,STATE_NC,,,
1124278668,GENDER_M,HYDROCODONE,OXYCODONE,SPCLTY_Orthopedic Surgery,STATE_OH,TRAMADOL,
1124279385,GENDER_M,HYDROCODONE,SPCLTY_Emergency Medicine,STATE_IL,,,
1124281951,GENDER_F,OXYCODONE,SPCLTY_Physician Assistant,STATE_MD,,,
1124282082,GENDER_M,HYDROCODONE,SPCLTY_Internal Medicine,STATE_IL,TRAMADOL,,
1124286968,GENDER_M,HYDROCODONE,SPCLTY_Emergency Medicine,STATE_OH,,,
1124287693,GENDER_M,HYDROCODONE,SPCLTY_Dentist,STATE_AR,TRAMADOL,,
1124289814,GENDER_F,HYDROCODONE,SPCLTY_Family Practice,STATE_CA,,,
1124294913,GENDER_M,OXYCODONE,SPCLTY_Neurosurgery,STATE_OH,,,
1124297395,GENDER_M,HYDROCODONE,SPCLTY_Urology,STATE_CA,,,
1124302567,GENDER_F,HYDROCODONE,SPCLTY_Emergency Medicine,STATE_MI,TRAMADOL,,
1124316674,GENDER_M,SPCLTY_Physician Assistant,STATE_TX,TRAMADOL,,,
1124332002,GENDER_F,OXYCODONE,SPCLTY_Obstetrics/Gynecology,STATE_OH,,,
1124341771,GENDER_M,OXYCODONE,SPCLTY_Internal Medicine,STATE_NV,,,
1124348321,GENDER_F,HYDROCODONE,SPCLTY_Family Practice,STATE_MI,,,
1124368154,GENDER_F,SPCLTY_Nurse Practitioner,STATE_MN,TRAMADOL,,,
1124375761,GENDER_F,HYDROCODONE,SPCLTY_Emergency Medicine,STATE_TX,,,
1124377858,GENDER_F,HYDROCODONE,SPCLTY_General Surgery,STATE_PA,,,
1124379474,GENDER_M,HYDROCODONE,SPCLTY_Nurse Practitioner,STATE_MD,,,
1124381181,GENDER_F,SPCLTY_Internal Medicine,STATE_IL,TRAMADOL,,,
1124383690,GENDER_F,OXYCODONE,SPCLTY_Student in an Organiz,STATE_CO,,,
1124385752,GENDER_F,HYDROCODONE,OXYCODONE,SPCLTY_Physician Assistant,STATE_TN,TRAMADOL,
1124389366,GENDER_M,HYDROCODONE,OXYCODONE,SPCLTY_Family Practice,STATE_FL,TRAMADOL,
1124442488,GENDER_F,HYDROCODONE,OXYCODONE,SPCLTY_Nurse Practitioner,STATE_NC,TRAMADOL,
1124445168,GENDER_M,OXYCODONE,SPCLTY_Student in an Organiz,STATE_OH,,,
1124456926,GENDER_F,HYDROCODONE,SPCLTY_Dentist,STATE_IN,,,
1124468335,FENTANYL,GENDER_F,HYDROCODONE,SPCLTY_Nurse Practitioner,STATE_KS,TRAMADOL,
1134110356,GENDER_M,HYDROCODONE,OXYCODONE,SPCLTY_Physician Assistant,STATE_TN,,
1134113210,GENDER_M,HYDROCODONE,SPCLTY_General Surgery,STATE_VA,,,
1134114184,GENDER_M,HYDROCODONE,SPCLTY_Orthopedic Surgery,STATE_OK,,,
1134120025,GENDER_M,OXYCODONE,SPCLTY_Otolaryngology,STATE_PA,,,
1134122906,FENTANYL,GENDER_M,HYDROCODONE,OXYCODONE,SPCLTY_Internal Medicine,STATE_MO,TRAMADOL
1134123672,GENDER_F,HYDROCODONE,SPCLTY_Nurse Practitioner,STATE_CA,TRAMADOL,,
1134123813,GENDER_M,HYDROCODONE,SPCLTY_Gastroenterology,STATE_AR,,,
1134129125,GENDER_M,HYDROCODONE,OXYCODONE,SPCLTY_Internal Medicine,STATE_NJ,TRAMADOL,
1134130495,GENDER_M,HYDROCODONE,SPCLTY_Dentist,STATE_TX,,,
1134131360,FENTANYL,GENDER_M,HYDROCODONE,OXYCODONE,SPCLTY_Pulmonary Disease,STATE_IL,TRAMADOL
1134133796,GENDER_M,OXYCODONE,SPCLTY_General Surgery,STATE_WV,,,
1134138969,GENDER_F,HYDROCODONE,OXYCODONE,SPCLTY_Emergency Medicine,STATE_SC,,
1134139892,GENDER_M,HYDROCODONE,SPCLTY_Dentist,STATE_CA,,,
1134140130,GENDER_M,HYDROCODONE,OXYCODONE,SPCLTY_Emergency Medicine,STATE_VT,,
1134140734,GENDER_M,HYDROCODONE,SPCLTY_Family Practice,STATE_AL,,,
1134141617,GENDER_M,HYDROCODONE,SPCLTY_Podiatry,STATE_FL,,,
1134144421,GENDER_M,HYDROCODONE,OXYCODONE,SPCLTY_Family Practice,STATE_VT,TRAMADOL,
1134145980,GENDER_F,HYDROCODONE,OXYCODONE,SPCLTY_Family Practice,STATE_CA,TRAMADOL,
1134151327,GENDER_M,HYDROCODONE,OXYCODONE,SPCLTY_Family Practice,STATE_WI,TRAMADOL,
1134155021,GENDER_F,HYDROCODONE,SPCLTY_Nurse Practitioner,STATE_CA,,,
1134156649,GENDER_F,HYDROCODONE,SPCLTY_Emergency Medicine,STATE_CA,TRAMADOL,,
1134157985,FENTANYL,GENDER_F,HYDROCODONE,SPCLTY_Family Practice,STATE_MI,TRAMADOL,
1134159163,GENDER_M,SPCLTY_Internal Medicine,STATE_FL,TRAMADOL,,,
1134159171,GENDER_M,HYDROCODONE,SPCLTY_Family Practice,STATE_SC,TRAMADOL,,
1134159791,FENTANYL,GENDER_F,HYDROCODONE,SPCLTY_Physician Assistant,STATE_SD,TRAMADOL,
1134160146,FENTANYL,GENDER_M,OXYCODONE,SPCLTY_Medical Oncology,STATE_CT,,
1134161409,FENTANYL,GENDER_M,HYDROCODONE,OXYCODONE,SPCLTY_Physician Assistant,STATE_NC,TRAMADOL
1134162381,GENDER_F,HYDROCODONE,SPCLTY_Family Practice,STATE_TX,TRAMADOL,,
1134165178,GENDER_M,HYDROCODONE,SPCLTY_Family Practice,STATE_TN,TRAMADOL,,
1134166929,GENDER_M,HYDROCODONE,OXYCODONE,SPCLTY_Orthopedic Surgery,STATE_VA,TRAMADOL,
1134167695,GENDER_M,HYDROCODONE,SPCLTY_Orthopedic Surgery,STATE_TN,TRAMADOL,,
1134168545,GENDER_F,HYDROCODONE,OXYCODONE,SPCLTY_Family Practice,STATE_LA,TRAMADOL,
1134169352,FENTANYL,GENDER_M,HYDROCODONE,OXYCODONE,SPCLTY_Family Practice,STATE_OH,TRAMADOL
1134170194,GENDER_M,OXYCODONE,SPCLTY_General Practice,STATE_MA,TRAMADOL,,
1134174352,GENDER_M,HYDROCODONE,SPCLTY_Orthopedic Surgery,STATE_IL,TRAMADOL,,
1134174782,GENDER_M,OXYCODONE,SPCLTY_Internal Medicine,STATE_NY,TRAMADOL,,
1134176878,FENTANYL,GENDER_M,HYDROCODONE,SPCLTY_Internal Medicine,STATE_MI,TRAMADOL,
1134177561,GENDER_F,OXYCODONE,SPCLTY_Nurse Practitioner,STATE_MN,,,
1134177827,FENTANYL,GENDER_F,HYDROCODONE,OXYCODONE,SPCLTY_General Practice,STATE_NY,TRAMADOL
1134178684,GENDER_M,HYDROCODONE,OXYCODONE,SPCLTY_Emergency Medicine,STATE_PA,TRAMADOL,
1134178726,GENDER_M,SPCLTY_Nephrology,STATE_OH,TRAMADOL,,,
1134180425,GENDER_M,HYDROCODONE,OXYCODONE,SPCLTY_Family Practice,STATE_MA,TRAMADOL,
1134181829,FENTANYL,GENDER_M,HYDROCODONE,SPCLTY_Internal Medicine,STATE_IL,TRAMADOL,
1134181910,GENDER_M,SPCLTY_Endocrinology,STATE_TN,TRAMADOL,,,
1134182223,GENDER_M,HYDROCODONE,SPCLTY_Cardiac Surgery,STATE_LA,,,
1134185978,GENDER_M,HYDROCODONE,OXYCODONE,SPCLTY_Internal Medicine,STATE_AZ,TRAMADOL,
1134186067,GENDER_M,HYDROCODONE,SPCLTY_Pulmonary Disease,STATE_RI,,,
1134186935,GENDER_M,HYDROCODONE,OXYCODONE,SPCLTY_Nuclear Medicine,STATE_FL,,
1134188113,GENDER_M,HYDROCODONE,OXYCODONE,SPCLTY_Orthopedic Surgery,STATE_NJ,,
1134192610,FENTANYL,GENDER_M,HYDROCODONE,OXYCODONE,SPCLTY_Physical Medicine and,STATE_PA,TRAMADOL
1134198849,FENTANYL,GENDER_M,HYDROCODONE,OXYCODONE,SPCLTY_Internal Medicine,STATE_NY,TRAMADOL
1134203839,GENDER_M,SPCLTY_Family Practice,STATE_IN,TRAMADOL,,,
1134203904,FENTANYL,GENDER_M,HYDROCODONE,OXYCODONE,SPCLTY_Family Practice,STATE_GA,TRAMADOL
1134204076,GENDER_M,HYDROCODONE,SPCLTY_Dentist,STATE_IN,,,
1134206378,GENDER_F,HYDROCODONE,OXYCODONE,SPCLTY_Family Practice,STATE_WA,,
1134206402,GENDER_M,HYDROCODONE,OXYCODONE,SPCLTY_Family Practice,STATE_CO,TRAMADOL,
1134215098,GENDER_F,HYDROCODONE,SPCLTY_Emergency Medicine,STATE_IL,,,
1134221096,GENDER_F,HYDROCODONE,OXYCODONE,SPCLTY_Family Practice,STATE_NC,TRAMADOL,
1134233182,GENDER_M,SPCLTY_Internal Medicine,STATE_FL,TRAMADOL,,,
1134235302,FENTANYL,GENDER_M,HYDROCODONE,OXYCODONE,SPCLTY_Internal Medicine,STATE_NY,TRAMADOL
1134236284,GENDER_M,OXYCODONE,SPCLTY_Orthopedic Surgery,STATE_MN,,,
1134237183,GENDER_M,HYDROCODONE,SPCLTY_Emergency Medicine,STATE_SC,TRAMADOL,,
1134239767,GENDER_M,HYDROCODONE,OXYCODONE,SPCLTY_Family Practice,STATE_RI,TRAMADOL,
1134241318,GENDER_M,HYDROCODONE,SPCLTY_Dentist,STATE_IN,,,
1134258908,GENDER_M,HYDROCODONE,SPCLTY_Dentist,STATE_TX,,,
1134260607,GENDER_F,SPCLTY_Nurse Practitioner,STATE_NH,TRAMADOL,,,
1134262777,GENDER_M,HYDROCODONE,SPCLTY_Dentist,STATE_GA,,,
1134265275,GENDER_M,HYDROCODONE,SPCLTY_Dentist,STATE_AZ,,,
1134269954,GENDER_M,SPCLTY_Internal Medicine,STATE_NJ,TRAMADOL,,,
1134271570,GENDER_F,HYDROCODONE,SPCLTY_Internal Medicine,STATE_ID,TRAMADOL,,
1134279946,FENTANYL,GENDER_M,HYDROCODONE,OXYCODONE,SPCLTY_Family Practice,STATE_CA,TRAMADOL
1134280126,GENDER_M,HYDROCODONE,SPCLTY_Orthopedic Surgery,STATE_TX,TRAMADOL,,
1134282957,GENDER_M,HYDROCODONE,SPCLTY_Otolaryngology,STATE_LA,,,
1134284508,GENDER_M,HYDROCODONE,SPCLTY_Dentist,STATE_IN,,,
1134292220,GENDER_M,SPCLTY_Neurology,STATE_NY,TRAMADOL,,,
1134295132,GENDER_M,HYDROCODONE,SPCLTY_Family Practice,STATE_CA,TRAMADOL,,
1134298219,GENDER_M,SPCLTY_Internal Medicine,STATE_TX,TRAMADOL,,,
1134298581,GENDER_M,HYDROCODONE,OXYCODONE,SPCLTY_Family Practice,STATE_TX,TRAMADOL,
1134304645,FENTANYL,GENDER_F,OXYCODONE,SPCLTY_Nurse Practitioner,STATE_NY,,
1134306517,GENDER_M,OXYCODONE,SPCLTY_Hematology/Oncology,STATE_PA,,,
1134313265,GENDER_F,HYDROCODONE,SPCLTY_Family Practice,STATE_TN,TRAMADOL,,
1134314909,GENDER_F,HYDROCODONE,SPCLTY_Dentist,STATE_CA,,,
1134324536,FENTANYL,GENDER_M,HYDROCODONE,OXYCODONE,SPCLTY_Hematology/Oncology,STATE_PA,
1134330061,GENDER_M,HYDROCODONE,OXYCODONE,SPCLTY_Hematology/Oncology,STATE_IN,,
1134334006,GENDER_M,HYDROCODONE,OXYCODONE,SPCLTY_Orthopedic Surgery,STATE_MI,TRAMADOL,
1134335151,FENTANYL,GENDER_F,HYDROCODONE,SPCLTY_Physician Assistant,STATE_PA,TRAMADOL,
1134336761,GENDER_M,HYDROCODONE,SPCLTY_Podiatry,STATE_OH,TRAMADOL,,
1134342413,GENDER_M,HYDROCODONE,OXYCODONE,SPCLTY_Emergency Medicine,STATE_WA,,
1134344666,GENDER_M,HYDROCODONE,SPCLTY_Dentist,STATE_TX,,,
1134344922,GENDER_M,SPCLTY_Orthopedic Surgery,STATE_MO,TRAMADOL,,,
1134347271,GENDER_F,HYDROCODONE,SPCLTY_Podiatry,STATE_AL,,,
1134355845,FENTANYL,GENDER_F,HYDROCODONE,OXYCODONE,SPCLTY_Physical Medicine and,STATE_AL,TRAMADOL
1134359045,FENTANYL,GENDER_M,HYDROCODONE,OXYCODONE,SPCLTY_Family Practice,STATE_NC,TRAMADOL
1134359854,GENDER_M,HYDROCODONE,OXYCODONE,SPCLTY_Family Practice,STATE_FL,TRAMADOL,
1134360159,GENDER_F,HYDROCODONE,SPCLTY_Family Practice,STATE_CA,,,
1134361116,GENDER_F,OXYCODONE,SPCLTY_Physician Assistant,STATE_PA,,,
1134372857,GENDER_F,HYDROCODONE,OXYCODONE,SPCLTY_Emergency Medicine,STATE_OH,,
1134377187,GENDER_F,HYDROCODONE,SPCLTY_Nurse Practitioner,STATE_MS,TRAMADOL,,
1134380686,GENDER_M,HYDROCODONE,SPCLTY_Internal Medicine,STATE_MN,TRAMADOL,,
1134381825,GENDER_F,HYDROCODONE,OXYCODONE,SPCLTY_Internal Medicine,STATE_CO,TRAMADOL,
1134382484,GENDER_F,SPCLTY_Nurse Practitioner,STATE_NY,TRAMADOL,,,
1134383631,GENDER_M,HYDROCODONE,SPCLTY_Dentist,STATE_AZ,,,
1134393069,GENDER_F,HYDROCODONE,SPCLTY_Nurse Practitioner,STATE_CA,TRAMADOL,,
1134393945,GENDER_M,HYDROCODONE,SPCLTY_Maxillofacial Surgery,STATE_PA,,,
1134398233,GENDER_M,HYDROCODONE,SPCLTY_Internal Medicine,STATE_CA,TRAMADOL,,
1134412927,GENDER_M,HYDROCODONE,SPCLTY_Internal Medicine,STATE_IL,,,
1134414709,GENDER_M,HYDROCODONE,SPCLTY_Ophthalmology,STATE_OK,,,
1134421910,GENDER_F,HYDROCODONE,OXYCODONE,SPCLTY_Nurse Practitioner,STATE_NY,TRAMADOL,
1134426257,GENDER_F,HYDROCODONE,SPCLTY_Physician Assistant,STATE_TN,,,
1134430671,GENDER_F,HYDROCODONE,OXYCODONE,SPCLTY_Family Practice,STATE_PA,TRAMADOL,
1134435027,GENDER_F,HYDROCODONE,OXYCODONE,SPCLTY_Nurse Practitioner,STATE_OH,TRAMADOL,
1134449549,GENDER_M,HYDROCODONE,SPCLTY_Dentist,STATE_VA,,,
1134449671,GENDER_F,HYDROCODONE,SPCLTY_Emergency Medicine,STATE_IA,,,
1134454630,GENDER_M,HYDROCODONE,SPCLTY_Emergency Medicine,STATE_IL,,,
1134462393,GENDER_M,OXYCODONE,SPCLTY_Student in an Organiz,STATE_NC,,,
1134471626,GENDER_F,SPCLTY_Physician Assistant,STATE_TX,TRAMADOL,,,
1134478324,FENTANYL,GENDER_F,HYDROCODONE,OXYCODONE,SPCLTY_Nurse Practitioner,STATE_MD,
1134488174,GENDER_F,HYDROCODONE,OXYCODONE,SPCLTY_Student in an Organiz,STATE_AL,TRAMADOL,
1134492689,GENDER_F,HYDROCODONE,SPCLTY_Nurse Practitioner,STATE_CO,TRAMADOL,,
1134494339,GENDER_M,OXYCODONE,SPCLTY_Student in an Organiz,STATE_PA,,,
1134495476,FENTANYL,GENDER_F,OXYCODONE,SPCLTY_Nurse Practitioner,STATE_PA,,
1134530827,GENDER_M,HYDROCODONE,SPCLTY_Dentist,STATE_IN,,,
1134551492,GENDER_F,HYDROCODONE,SPCLTY_Nurse Practitioner,STATE_MI,TRAMADOL,,
1134552482,GENDER_F,HYDROCODONE,OXYCODONE,SPCLTY_Nurse Practitioner,STATE_PA,,
1134562960,GENDER_M,HYDROCODONE,SPCLTY_Student in an Organiz,STATE_MI,,,
1144201666,GENDER_M,HYDROCODONE,SPCLTY_Family Practice,STATE_OH,TRAMADOL,,
1144205303,FENTANYL,GENDER_M,HYDROCODONE,OXYCODONE,SPCLTY_Family Practice,STATE_CO,TRAMADOL
1144206251,GENDER_M,HYDROCODONE,SPCLTY_Family Practice,STATE_KY,TRAMADOL,,
1144211459,FENTANYL,GENDER_M,HYDROCODONE,OXYCODONE,SPCLTY_Family Practice,STATE_VA,TRAMADOL
1144211475,GENDER_F,HYDROCODONE,SPCLTY_Physician Assistant,STATE_MI,TRAMADOL,,
1144211855,GENDER_M,HYDROCODONE,OXYCODONE,SPCLTY_Emergency Medicine,STATE_AZ,TRAMADOL,
1144214438,GENDER_F,HYDROCODONE,OXYCODONE,SPCLTY_Emergency Medicine,STATE_GA,TRAMADOL,
1144217787,GENDER_F,HYDROCODONE,OXYCODONE,SPCLTY_Family Practice,STATE_NM,TRAMADOL,
1144219312,GENDER_F,HYDROCODONE,OXYCODONE,SPCLTY_Family Practice,STATE_CO,TRAMADOL,
1144222100,GENDER_M,HYDROCODONE,SPCLTY_Urology,STATE_TX,,,
1144226317,GENDER_M,HYDROCODONE,SPCLTY_Otolaryngology,STATE_IN,,,
1144226952,GENDER_M,HYDROCODONE,SPCLTY_Family Practice,STATE_KY,,,
1144229972,GENDER_M,HYDROCODONE,OXYCODONE,SPCLTY_Orthopedic Surgery,STATE_MD,,
1144230335,GENDER_M,HYDROCODONE,SPCLTY_Internal Medicine,STATE_IL,TRAMADOL,,
1144240532,GENDER_M,HYDROCODONE,SPCLTY_Orthopedic Surgery,STATE_ND,,,
1144243932,GENDER_M,HYDROCODONE,SPCLTY_Dentist,STATE_IN,,,
1144245424,FENTANYL,GENDER_M,HYDROCODONE,OXYCODONE,SPCLTY_Internal Medicine,STATE_FL,TRAMADOL
1144246042,FENTANYL,GENDER_M,OXYCODONE,SPCLTY_Internal Medicine,STATE_NJ,TRAMADOL,
1144248857,GENDER_M,OXYCODONE,SPCLTY_Physician Assistant,STATE_NY,,,
1144249327,FENTANYL,GENDER_M,HYDROCODONE,OXYCODONE,SPCLTY_Internal Medicine,STATE_OK,TRAMADOL
1144250143,GENDER_F,HYDROCODONE,SPCLTY_Dentist,STATE_NM,,,
1144252552,FENTANYL,GENDER_M,HYDROCODONE,SPCLTY_Family Practice,STATE_IN,TRAMADOL,
1144256124,GENDER_F,HYDROCODONE,OXYCODONE,SPCLTY_Physician Assistant,STATE_NY,TRAMADOL,
1144256983,GENDER_F,HYDROCODONE,SPCLTY_Physician Assistant,STATE_CA,,,
1144257544,GENDER_F,OXYCODONE,SPCLTY_Emergency Medicine,STATE_PA,,,
1144259763,GENDER_M,HYDROCODONE,OXYCODONE,SPCLTY_General Surgery,STATE_SC,,
1144260407,GENDER_M,HYDROCODONE,SPCLTY_Emergency Medicine,STATE_IN,TRAMADOL,,
1144261637,GENDER_M,HYDROCODONE,OXYCODONE,SPCLTY_Emergency Medicine,STATE_CA,,
1144262072,GENDER_M,OXYCODONE,SPCLTY_Internal Medicine,STATE_AZ,,,
1144262239,FENTANYL,GENDER_F,HYDROCODONE,OXYCODONE,SPCLTY_Nurse Practitioner,STATE_WA,
1144264581,GENDER_F,HYDROCODONE,SPCLTY_Internal Medicine,STATE_CA,,,
1144265562,GENDER_M,HYDROCODONE,SPCLTY_Psychiatry,STATE_TX,TRAMADOL,,
1144268616,GENDER_M,HYDROCODONE,OXYCODONE,SPCLTY_Internal Medicine,STATE_NC,TRAMADOL,
1144269275,GENDER_F,HYDROCODONE,SPCLTY_Nurse Practitioner,STATE_PA,,,
1144274747,GENDER_F,HYDROCODONE,SPCLTY_Orthopedic Surgery,STATE_CA,,,
1144277559,FENTANYL,GENDER_M,HYDROCODONE,OXYCODONE,SPCLTY_Family Practice,STATE_OR,
1144279621,FENTANYL,GENDER_F,HYDROCODONE,OXYCODONE,SPCLTY_Nurse Practitioner,STATE_WI,
1144286360,FENTANYL,GENDER_M,HYDROCODONE,OXYCODONE,SPCLTY_Internal Medicine,STATE_MS,TRAMADOL
1144290081,GENDER_M,HYDROCODONE,SPCLTY_Cardiology,STATE_CA,TRAMADOL,,
1144291329,GENDER_F,HYDROCODONE,OXYCODONE,SPCLTY_Medical Oncology,STATE_PA,,
1144293010,GENDER_F,HYDROCODONE,SPCLTY_Internal Medicine,STATE_CO,,,
1144293093,GENDER_F,HYDROCODONE,SPCLTY_Family Practice,STATE_GA,TRAMADOL,,
1144295312,GENDER_M,SPCLTY_Cardiology,STATE_NY,TRAMADOL,,,
1144295858,GENDER_M,HYDROCODONE,OXYCODONE,SPCLTY_Orthopedic Surgery,STATE_MD,TRAMADOL,
1144296245,FENTANYL,GENDER_M,HYDROCODONE,OXYCODONE,SPCLTY_Family Practice,STATE_WY,TRAMADOL
1144303728,GENDER_M,SPCLTY_Family Practice,STATE_SC,TRAMADOL,,,
1144304205,GENDER_M,HYDROCODONE,OXYCODONE,SPCLTY_Internal Medicine,STATE_CO,TRAMADOL,
1144304841,GENDER_F,HYDROCODONE,OXYCODONE,SPCLTY_Hematology/Oncology,STATE_OH,,
1144305251,GENDER_F,OXYCODONE,SPCLTY_Family Practice,STATE_NY,,,
1144306671,GENDER_M,HYDROCODONE,SPCLTY_Emergency Medicine,STATE_CA,,,
1144314584,GENDER_F,SPCLTY_Nurse Practitioner,STATE_TX,TRAMADOL,,,
1144317157,GENDER_M,HYDROCODONE,OXYCODONE,SPCLTY_Neurosurgery,STATE_OH,TRAMADOL,
1144324690,GENDER_M,OXYCODONE,SPCLTY_Psychiatry,STATE_PR,TRAMADOL,,
1144327818,GENDER_M,HYDROCODONE,SPCLTY_Family Practice,STATE_IL,TRAMADOL,,
1144330333,GENDER_M,HYDROCODONE,SPCLTY_Internal Medicine,STATE_IL,,,
1144331398,FENTANYL,GENDER_F,SPCLTY_Dermatology,STATE_MI,,,
1144333055,GENDER_M,HYDROCODONE,SPCLTY_Family Practice,STATE_TX,,,
1144334749,FENTANYL,GENDER_M,HYDROCODONE,OXYCODONE,SPCLTY_General Practice,STATE_FL,TRAMADOL
1144336215,GENDER_M,HYDROCODONE,SPCLTY_Emergency Medicine,STATE_NY,,,
1144337627,GENDER_M,HYDROCODONE,SPCLTY_Infectious Disease,STATE_TX,,,
1144348798,GENDER_F,SPCLTY_Physician Assistant,STATE_TX,TRAMADOL,,,
1144350125,GENDER_M,HYDROCODONE,OXYCODONE,SPCLTY_Podiatry,STATE_IN,,
1144361593,GENDER_M,OXYCODONE,SPCLTY_Family Practice,STATE_NY,TRAMADOL,,
1144367913,GENDER_F,OXYCODONE,SPCLTY_Emergency Medicine,STATE_CT,,,
1144370974,FENTANYL,GENDER_M,HYDROCODONE,OXYCODONE,SPCLTY_Internal Medicine,STATE_CA,TRAMADOL
1144374281,GENDER_M,SPCLTY_Family Practice,STATE_AZ,TRAMADOL,,,
1144391046,GENDER_M,HYDROCODONE,SPCLTY_General Surgery,STATE_CA,,,
1144391921,GENDER_M,HYDROCODONE,OXYCODONE,SPCLTY_Orthopedic Surgery,STATE_CT,TRAMADOL,
1144393752,GENDER_F,HYDROCODONE,OXYCODONE,SPCLTY_Nurse Practitioner,STATE_CA,TRAMADOL,
1144395948,GENDER_M,HYDROCODONE,SPCLTY_Dentist,STATE_TN,,,
1144397092,GENDER_M,HYDROCODONE,SPCLTY_Dermatology,STATE_CA,,,
1144398074,FENTANYL,GENDER_M,HYDROCODONE,OXYCODONE,SPCLTY_Family Practice,STATE_OH,TRAMADOL
1144399502,FENTANYL,GENDER_M,HYDROCODONE,OXYCODONE,SPCLTY_Family Practice,STATE_WA,TRAMADOL
1144411653,GENDER_M,OXYCODONE,SPCLTY_Orthopedic Surgery,STATE_AZ,TRAMADOL,,
1144418104,GENDER_M,HYDROCODONE,SPCLTY_Family Practice,STATE_CA,TRAMADOL,,
1144422528,GENDER_F,HYDROCODONE,SPCLTY_Nurse Practitioner,STATE_TX,TRAMADOL,,
1144425687,GENDER_M,HYDROCODONE,SPCLTY_Urology,STATE_CA,,,
1144429218,FENTANYL,GENDER_F,HYDROCODONE,OXYCODONE,SPCLTY_Internal Medicine,STATE_NJ,TRAMADOL
1144433905,GENDER_M,HYDROCODONE,SPCLTY_Internal Medicine,STATE_AL,TRAMADOL,,
1144434069,GENDER_M,HYDROCODONE,SPCLTY_Dentist,STATE_TN,,,
1144435579,FENTANYL,GENDER_F,HYDROCODONE,SPCLTY_Family Practice,STATE_MO,TRAMADOL,
1144437062,GENDER_F,HYDROCODONE,OXYCODONE,SPCLTY_Internal Medicine,STATE_LA,TRAMADOL,
1144439555,GENDER_M,HYDROCODONE,OXYCODONE,SPCLTY_Orthopedic Surgery,STATE_AZ,TRAMADOL,
1144439894,GENDER_F,SPCLTY_Dentist,STATE_MO,TRAMADOL,,,
1144456575,GENDER_F,SPCLTY_Nurse Practitioner,STATE_FL,TRAMADOL,,,
1144478801,GENDER_M,HYDROCODONE,SPCLTY_Physician Assistant,STATE_CA,TRAMADOL,,
1144480302,GENDER_M,HYDROCODONE,OXYCODONE,SPCLTY_Physical Medicine and,STATE_TX,TRAMADOL,
1144481383,GENDER_M,HYDROCODONE,SPCLTY_General Surgery,STATE_SC,,,
1144483215,GENDER_M,HYDROCODONE,OXYCODONE,SPCLTY_Family Practice,STATE_ND,TRAMADOL,
1144488685,GENDER_M,HYDROCODONE,SPCLTY_Emergency Medicine,STATE_TX,,,
1144489543,GENDER_F,HYDROCODONE,OXYCODONE,SPCLTY_Family Practice,STATE_FL,,
1144497181,GENDER_F,HYDROCODONE,OXYCODONE,SPCLTY_Emergency Medicine,STATE_VA,,
1144503491,GENDER_M,SPCLTY_Physician Assistant,STATE_MI,TRAMADOL,,,
1144508177,GENDER_F,HYDROCODONE,OXYCODONE,SPCLTY_Physician Assistant,STATE_NY,TRAMADOL,
1144525924,FENTANYL,GENDER_F,HYDROCODONE,OXYCODONE,SPCLTY_Nurse Practitioner,STATE_RI,TRAMADOL
1144528498,GENDER_F,HYDROCODONE,SPCLTY_Family Practice,STATE_CA,TRAMADOL,,
1144531088,GENDER_F,HYDROCODONE,SPCLTY_Family Practice,STATE_MN,,,
1144532870,GENDER_F,HYDROCODONE,SPCLTY_Physician Assistant,STATE_ME,,,
1144535576,GENDER_F,SPCLTY_Family Practice,STATE_GA,TRAMADOL,,,
1144540774,GENDER_F,HYDROCODONE,OXYCODONE,SPCLTY_Internal Medicine,STATE_WA,TRAMADOL,
1144541822,GENDER_F,HYDROCODONE,SPCLTY_Family Practice,STATE_SC,TRAMADOL,,
1144551300,GENDER_F,HYDROCODONE,SPCLTY_Physician Assistant,STATE_NE,,,
1144573197,GENDER_M,HYDROCODONE,OXYCODONE,SPCLTY_Nurse Practitioner,STATE_NC,TRAMADOL,
1144577768,GENDER_F,OXYCODONE,SPCLTY_Nurse Practitioner,STATE_CT,,,
1144580820,GENDER_F,HYDROCODONE,OXYCODONE,SPCLTY_Nurse Practitioner,STATE_TN,,
1144596602,GENDER_F,HYDROCODONE,OXYCODONE,SPCLTY_Nurse Practitioner,STATE_TN,,
1144635301,GENDER_F,HYDROCODONE,SPCLTY_Physician Assistant,STATE_NY,,,
1144656851,GENDER_F,HYDROCODONE,SPCLTY_Nurse Practitioner,STATE_WI,,,
1144666322,GENDER_F,HYDROCODONE,SPCLTY_General Surgery,STATE_MI,,,
1144669367,GENDER_M,HYDROCODONE,SPCLTY_Dentist,STATE_TX,,,
1154300903,GENDER_M,HYDROCODONE,SPCLTY_Thoracic Surgery,STATE_TX,,,
1154301968,GENDER_F,HYDROCODONE,SPCLTY_Nurse Practitioner,STATE_VA,,,
1154307338,GENDER_F,HYDROCODONE,SPCLTY_Internal Medicine,STATE_OK,,,
1154308211,GENDER_F,HYDROCODONE,SPCLTY_Family Practice,STATE_CT,,,
1154309615,GENDER_M,HYDROCODONE,OXYCODONE,SPCLTY_Orthopedic Surgery,STATE_SC,TRAMADOL,
1154310662,GENDER_M,HYDROCODONE,OXYCODONE,SPCLTY_General Surgery,STATE_MA,,
1154313005,FENTANYL,GENDER_F,HYDROCODONE,SPCLTY_Family Practice,STATE_TX,TRAMADOL,
1154316099,FENTANYL,GENDER_M,HYDROCODONE,SPCLTY_Orthopedic Surgery,STATE_CA,TRAMADOL,
1154319176,GENDER_M,HYDROCODONE,SPCLTY_Oral Surgery (dentist,STATE_OR,,,
1154320901,GENDER_M,HYDROCODONE,OXYCODONE,SPCLTY_Family Practice,STATE_OK,TRAMADOL,
1154322238,GENDER_M,HYDROCODONE,OXYCODONE,SPCLTY_Obstetrics/Gynecology,STATE_MD,,
1154322998,GENDER_M,HYDROCODONE,SPCLTY_Family Practice,STATE_CA,TRAMADOL,,
1154323871,GENDER_M,OXYCODONE,SPCLTY_Cardiology,STATE_FL,,,
1154325611,GENDER_M,HYDROCODONE,SPCLTY_Physician Assistant,STATE_TX,,,
1154325777,FENTANYL,GENDER_M,HYDROCODONE,OXYCODONE,SPCLTY_Pain Management,STATE_CA,TRAMADOL
1154329407,GENDER_M,HYDROCODONE,OXYCODONE,SPCLTY_Family Practice,STATE_CA,TRAMADOL,
1154330579,GENDER_M,OXYCODONE,SPCLTY_Orthopedic Surgery,STATE_PA,,,
1154332377,GENDER_M,HYDROCODONE,OXYCODONE,SPCLTY_Orthopedic Surgery,STATE_VT,TRAMADOL,
1154334571,GENDER_M,HYDROCODONE,SPCLTY_Dentist,STATE_NC,,,
1154340263,GENDER_F,HYDROCODONE,OXYCODONE,SPCLTY_Physician Assistant,STATE_WA,,
1154344281,GENDER_M,HYDROCODONE,SPCLTY_Oral Surgery (dentist,STATE_CT,,,
1154344919,GENDER_M,HYDROCODONE,SPCLTY_Cardiology,STATE_CA,TRAMADOL,,
1154347235,GENDER_M,SPCLTY_Internal Medicine,STATE_CA,TRAMADOL,,,
1154348142,GENDER_F,HYDROCODONE,SPCLTY_Nephrology,STATE_TX,TRAMADOL,,
1154348191,FENTANYL,GENDER_M,HYDROCODONE,OXYCODONE,SPCLTY_Anesthesiology,STATE_NE,TRAMADOL
1154354603,GENDER_F,HYDROCODONE,SPCLTY_Family Practice,STATE_MS,,,
1154354769,GENDER_M,HYDROCODONE,OXYCODONE,SPCLTY_Internal Medicine,STATE_MI,TRAMADOL,
1154355253,GENDER_M,OXYCODONE,SPCLTY_Physical Medicine and,STATE_NY,,,
1154355477,GENDER_M,HYDROCODONE,SPCLTY_Family Practice,STATE_MI,TRAMADOL,,
1154355659,GENDER_F,HYDROCODONE,SPCLTY_Internal Medicine,STATE_CA,,,
1154356418,GENDER_F,HYDROCODONE,OXYCODONE,SPCLTY_Nurse Practitioner,STATE_MN,,
1154357671,GENDER_F,SPCLTY_Physician Assistant,STATE_CT,TRAMADOL,,,
1154361558,GENDER_M,HYDROCODONE,OXYCODONE,SPCLTY_Family Practice,STATE_CA,TRAMADOL,
1154361871,GENDER_M,HYDROCODONE,SPCLTY_Podiatry,STATE_CA,TRAMADOL,,
1154362911,GENDER_M,SPCLTY_Neurosurgery,STATE_TX,TRAMADOL,,,
1154363901,GENDER_F,HYDROCODONE,SPCLTY_Emergency Medicine,STATE_IL,,,
1154365286,GENDER_M,HYDROCODONE,OXYCODONE,SPCLTY_Internal Medicine,STATE_NY,TRAMADOL,
1154367449,GENDER_M,HYDROCODONE,SPCLTY_Dentist,STATE_IN,,,
1154369932,GENDER_M,HYDROCODONE,OXYCODONE,SPCLTY_Cardiac Surgery,STATE_TN,,
1154371235,GENDER_F,HYDROCODONE,OXYCODONE,SPCLTY_Emergency Medicine,STATE_OH,,
1154372092,GENDER_F,HYDROCODONE,OXYCODONE,SPCLTY_Internal Medicine,STATE_WI,TRAMADOL,
1154372225,GENDER_F,OXYCODONE,SPCLTY_Physician Assistant,STATE_MD,,,
1154373785,GENDER_M,HYDROCODONE,OXYCODONE,SPCLTY_Nephrology,STATE_NC,TRAMADOL,
1154380921,GENDER_F,HYDROCODONE,SPCLTY_Certified Clinical Nu,STATE_IN,TRAMADOL,,
1154382604,FENTANYL,GENDER_F,HYDROCODONE,OXYCODONE,SPCLTY_Family Practice,STATE_PA,TRAMADOL
1154382802,GENDER_M,HYDROCODONE,OXYCODONE,SPCLTY_Urology,STATE_AR,TRAMADOL,
1154382919,GENDER_M,HYDROCODONE,SPCLTY_Pulmonary Disease,STATE_MI,,,
1154383131,GENDER_M,HYDROCODONE,OXYCODONE,SPCLTY_Orthopedic Surgery,STATE_CO,TRAMADOL,
1154383438,GENDER_M,HYDROCODONE,SPCLTY_Ophthalmology,STATE_GA,,,
1154386886,GENDER_M,HYDROCODONE,SPCLTY_Family Practice,STATE_TN,,,
1154387033,FENTANYL,GENDER_F,OXYCODONE,SPCLTY_Hematology/Oncology,STATE_FL,,
1154387256,FENTANYL,GENDER_M,HYDROCODONE,OXYCODONE,SPCLTY_Family Practice,STATE_CA,TRAMADOL
1154388601,GENDER_M,HYDROCODONE,SPCLTY_Emergency Medicine,STATE_TX,TRAMADOL,,
1154392447,FENTANYL,GENDER_M,HYDROCODONE,OXYCODONE,SPCLTY_Family Practice,STATE_WI,TRAMADOL
1154393882,GENDER_M,HYDROCODONE,SPCLTY_General Surgery,STATE_FL,,,
1154394591,GENDER_M,OXYCODONE,SPCLTY_Emergency Medicine,STATE_PA,TRAMADOL,,
1154396349,GENDER_M,OXYCODONE,SPCLTY_Emergency Medicine,STATE_CT,,,
1154397065,GENDER_F,HYDROCODONE,SPCLTY_Internal Medicine,STATE_SC,TRAMADOL,,
1154404176,FENTANYL,GENDER_M,HYDROCODONE,OXYCODONE,SPCLTY_Family Practice,STATE_NC,TRAMADOL
1154407237,GENDER_M,HYDROCODONE,SPCLTY_Internal Medicine,STATE_CA,,,
1154409134,GENDER_M,HYDROCODONE,SPCLTY_Dentist,STATE_TX,,,
1154422590,GENDER_M,HYDROCODONE,SPCLTY_Dentist,STATE_MS,,,
1154423267,GENDER_M,SPCLTY_Family Practice,STATE_FL,TRAMADOL,,,
1154423275,GENDER_M,HYDROCODONE,SPCLTY_Family Practice,STATE_TN,,,
1154429033,GENDER_M,HYDROCODONE,OXYCODONE,SPCLTY_Internal Medicine,STATE_TN,TRAMADOL,
1154435279,GENDER_M,HYDROCODONE,OXYCODONE,SPCLTY_Internal Medicine,STATE_GA,TRAMADOL,
1154438190,GENDER_M,HYDROCODONE,SPCLTY_Family Practice,STATE_PA,,,
1154438364,GENDER_M,HYDROCODONE,SPCLTY_Family Practice,STATE_WI,,,
1154447415,GENDER_M,HYDROCODONE,SPCLTY_Oral Surgery (dentist,STATE_TX,,,
1154471118,FENTANYL,GENDER_M,HYDROCODONE,OXYCODONE,SPCLTY_Interventional Pain M,STATE_CA,
1154472579,FENTANYL,GENDER_M,HYDROCODONE,OXYCODONE,SPCLTY_Family Practice,STATE_PA,TRAMADOL
1154473833,GENDER_F,HYDROCODONE,OXYCODONE,SPCLTY_Family Practice,STATE_WA,TRAMADOL,
1154480671,GENDER_M,HYDROCODONE,OXYCODONE,SPCLTY_Family Practice,STATE_PA,TRAMADOL,
1154485514,GENDER_M,HYDROCODONE,OXYCODONE,SPCLTY_Internal Medicine,STATE_OR,,
1154492296,GENDER_M,HYDROCODONE,SPCLTY_Internal Medicine,STATE_NY,,,
1154499531,GENDER_M,HYDROCODONE,SPCLTY_Family Practice,STATE_FL,,,
1154500882,GENDER_F,HYDROCODONE,OXYCODONE,SPCLTY_Physician Assistant,STATE_RI,,
1154509735,FENTANYL,GENDER_M,HYDROCODONE,OXYCODONE,SPCLTY_Pain Management,STATE_IL,TRAMADOL
1154511707,GENDER_M,OXYCODONE,SPCLTY_Physician Assistant,STATE_PA,,,
1154515385,GENDER_F,HYDROCODONE,SPCLTY_Hand Surgery,STATE_CA,,,
1154518900,GENDER_F,HYDROCODONE,OXYCODONE,SPCLTY_Physician Assistant,STATE_VA,TRAMADOL,
1154520104,GENDER_M,OXYCODONE,SPCLTY_Internal Medicine,STATE_FL,,,
1154523231,FENTANYL,GENDER_M,HYDROCODONE,SPCLTY_Family Practice,STATE_TX,TRAMADOL,
1154532885,GENDER_M,HYDROCODONE,SPCLTY_Internal Medicine,STATE_LA,,,
1154542512,GENDER_M,OXYCODONE,SPCLTY_Podiatry,STATE_FL,,,
1154546166,FENTANYL,GENDER_M,HYDROCODONE,OXYCODONE,SPCLTY_Neurology,STATE_AR,TRAMADOL
1154551331,GENDER_F,OXYCODONE,SPCLTY_Internal Medicine,STATE_AZ,,,
1154551992,FENTANYL,GENDER_F,HYDROCODONE,OXYCODONE,SPCLTY_Internal Medicine,STATE_FL,TRAMADOL
1154561702,GENDER_M,HYDROCODONE,SPCLTY_Orthopedic Surgery,STATE_TX,TRAMADOL,,
1154561884,GENDER_F,HYDROCODONE,OXYCODONE,SPCLTY_Physician Assistant,STATE_CT,,
1154566016,GENDER_F,HYDROCODONE,SPCLTY_Internal Medicine,STATE_CA,,,
1154567709,GENDER_M,OXYCODONE,SPCLTY_Orthopedic Surgery,STATE_MD,TRAMADOL,,
1154571263,GENDER_F,HYDROCODONE,SPCLTY_Physician Assistant,STATE_WA,,,
1154582252,GENDER_F,HYDROCODONE,OXYCODONE,SPCLTY_Family Practice,STATE_WA,TRAMADOL,
1154588820,GENDER_M,HYDROCODONE,OXYCODONE,SPCLTY_Internal Medicine,STATE_GA,TRAMADOL,
1154589364,GENDER_M,HYDROCODONE,SPCLTY_Urology,STATE_MN,,,
1154592483,GENDER_F,HYDROCODONE,SPCLTY_Dentist,STATE_FL,,,
1154592756,GENDER_M,HYDROCODONE,SPCLTY_Dentist,STATE_CA,,,
1154597706,GENDER_M,SPCLTY_Internal Medicine,STATE_MA,TRAMADOL,,,
1154601318,GENDER_F,HYDROCODONE,SPCLTY_Emergency Medicine,STATE_OH,,,
1154617017,GENDER_F,HYDROCODONE,OXYCODONE,SPCLTY_Family Practice,STATE_MI,,
1154628113,GENDER_F,HYDROCODONE,SPCLTY_Family Practice,STATE_OK,,,
1154642999,GENDER_M,HYDROCODONE,OXYCODONE,SPCLTY_Internal Medicine,STATE_FL,,
1154648921,GENDER_M,HYDROCODONE,OXYCODONE,SPCLTY_Physician Assistant,STATE_MN,,
1154657716,GENDER_M,SPCLTY_Physical Medicine and,STATE_CA,TRAMADOL,,,
1154676948,GENDER_F,OXYCODONE,SPCLTY_Student in an Organiz,STATE_OH,,,
1154689016,GENDER_M,SPCLTY_Student in an Organiz,STATE_WV,TRAMADOL,,,
1154691228,GENDER_F,HYDROCODONE,SPCLTY_Physician Assistant,STATE_MI,,,
1154697233,GENDER_F,HYDROCODONE,SPCLTY_Nurse Practitioner,STATE_IL,TRAMADOL,,
1154753051,GENDER_M,HYDROCODONE,OXYCODONE,SPCLTY_Physician Assistant,STATE_NJ,TRAMADOL,
1154753317,GENDER_F,HYDROCODONE,OXYCODONE,SPCLTY_Physician Assistant,STATE_PA,,
1154757367,GENDER_M,HYDROCODONE,SPCLTY_Dentist,STATE_CA,,,
1154764975,GENDER_F,OXYCODONE,SPCLTY_Student in an Organiz,STATE_ME,,,
1164401071,GENDER_M,HYDROCODONE,OXYCODONE,SPCLTY_Family Practice,STATE_NC,TRAMADOL,
1164403317,GENDER_M,HYDROCODONE,SPCLTY_Emergency Medicine,STATE_IL,,,
1164404331,GENDER_M,HYDROCODONE,SPCLTY_Cardiology,STATE_MO,,,
1164404505,GENDER_M,HYDROCODONE,OXYCODONE,SPCLTY_Cardiology,STATE_VA,,
1164406849,GENDER_F,HYDROCODONE,OXYCODONE,SPCLTY_Family Practice,STATE_MN,TRAMADOL,
1164406922,GENDER_M,HYDROCODONE,OXYCODONE,SPCLTY_Physician Assistant,STATE_NC,TRAMADOL,
1164410650,FENTANYL,GENDER_M,HYDROCODONE,OXYCODONE,SPCLTY_Anesthesiology,STATE_FL,TRAMADOL
1164414173,GENDER_M,SPCLTY_Emergency Medicine,STATE_IN,TRAMADOL,,,
1164414231,GENDER_M,HYDROCODONE,OXYCODONE,SPCLTY_Physical Medicine and,STATE_MD,TRAMADOL,
1164415386,FENTANYL,GENDER_F,HYDROCODONE,OXYCODONE,SPCLTY_Family Practice,STATE_AZ,TRAMADOL
1164416087,GENDER_F,HYDROCODONE,OXYCODONE,SPCLTY_Internal Medicine,STATE_CA,,
1164417713,GENDER_M,HYDROCODONE,OXYCODONE,SPCLTY_Family Practice,STATE_TN,TRAMADOL,
1164420527,FENTANYL,GENDER_M,HYDROCODONE,OXYCODONE,SPCLTY_Family Practice,STATE_FL,TRAMADOL
1164422002,GENDER_M,HYDROCODONE,SPCLTY_Emergency Medicine,STATE_IN,,,
1164422507,GENDER_M,HYDROCODONE,OXYCODONE,SPCLTY_Otolaryngology,STATE_VA,,
1164423190,GENDER_M,HYDROCODONE,SPCLTY_Internal Medicine,STATE_MD,TRAMADOL,,
1164426102,FENTANYL,GENDER_F,HYDROCODONE,OXYCODONE,SPCLTY_Physician Assistant,STATE_CO,TRAMADOL
1164426524,GENDER_M,HYDROCODONE,OXYCODONE,SPCLTY_Medical Oncology,STATE_WA,,
1164428421,GENDER_M,HYDROCODONE,OXYCODONE,SPCLTY_Orthopedic Surgery,STATE_KY,TRAMADOL,
1164429403,GENDER_M,HYDROCODONE,SPCLTY_General Surgery,STATE_IA,,,
1164432001,GENDER_F,HYDROCODONE,SPCLTY_Family Practice,STATE_OH,TRAMADOL,,
1164432597,GENDER_M,HYDROCODONE,OXYCODONE,SPCLTY_Internal Medicine,STATE_NV,TRAMADOL,
1164439238,FENTANYL,GENDER_M,HYDROCODONE,OXYCODONE,SPCLTY_Physical Medicine and,STATE_NC,
1164441457,FENTANYL,GENDER_M,HYDROCODONE,OXYCODONE,SPCLTY_Family Practice,STATE_OH,TRAMADOL
1164445227,GENDER_F,HYDROCODONE,SPCLTY_Nurse Practitioner,STATE_CA,TRAMADOL,,
1164447660,FENTANYL,GENDER_M,HYDROCODONE,OXYCODONE,SPCLTY_Medical Oncology,STATE_GA,TRAMADOL
1164449666,GENDER_M,HYDROCODONE,SPCLTY_Otolaryngology,STATE_TX,,,
1164460887,GENDER_M,HYDROCODONE,SPCLTY_Rheumatology,STATE_MI,TRAMADOL,,
1164460937,GENDER_M,HYDROCODONE,SPCLTY_Family Practice,STATE_FL,TRAMADOL,,
1164461091,GENDER_M,HYDROCODONE,OXYCODONE,SPCLTY_General Surgery,STATE_CT,,
1164463360,GENDER_M,HYDROCODONE,SPCLTY_Emergency Medicine,STATE_OH,TRAMADOL,,
1164465274,GENDER_F,HYDROCODONE,SPCLTY_Nephrology,STATE_TX,,,
1164466256,FENTANYL,GENDER_M,HYDROCODONE,OXYCODONE,SPCLTY_Internal Medicine,STATE_OR,TRAMADOL
1164468492,GENDER_M,OXYCODONE,SPCLTY_Emergency Medicine,STATE_FL,TRAMADOL,,
1164469011,GENDER_M,HYDROCODONE,OXYCODONE,SPCLTY_Family Practice,STATE_NC,TRAMADOL,
1164470720,GENDER_M,HYDROCODONE,SPCLTY_Emergency Medicine,STATE_MS,,,
1164472833,GENDER_M,HYDROCODONE,SPCLTY_Family Practice,STATE_OH,TRAMADOL,,
1164473179,GENDER_F,HYDROCODONE,SPCLTY_Family Practice,STATE_VA,TRAMADOL,,
1164475851,GENDER_M,HYDROCODONE,SPCLTY_Family Practice,STATE_KS,,,
1164476016,FENTANYL,GENDER_F,HYDROCODONE,OXYCODONE,SPCLTY_Family Practice,STATE_PA,TRAMADOL
1164476388,FENTANYL,GENDER_F,HYDROCODONE,OXYCODONE,SPCLTY_Internal Medicine,STATE_WI,TRAMADOL
1164478152,GENDER_M,OXYCODONE,SPCLTY_Otolaryngology,STATE_NJ,,,
1164478202,FENTANYL,GENDER_F,HYDROCODONE,OXYCODONE,SPCLTY_Internal Medicine,STATE_AZ,TRAMADOL
1164480455,GENDER_F,SPCLTY_Family Practice,STATE_NC,TRAMADOL,,,
1164482162,GENDER_M,HYDROCODONE,OXYCODONE,SPCLTY_Family Practice,STATE_AR,,
1164488482,GENDER_F,HYDROCODONE,SPCLTY_Nurse Practitioner,STATE_VA,TRAMADOL,,
1164489118,GENDER_M,HYDROCODONE,OXYCODONE,SPCLTY_Internal Medicine,STATE_MA,TRAMADOL,
1164489456,GENDER_M,SPCLTY_Internal Medicine,STATE_CA,TRAMADOL,,,
1164489597,GENDER_M,HYDROCODONE,SPCLTY_Orthopedic Surgery,STATE_CO,TRAMADOL,,
1164489712,FENTANYL,GENDER_F,HYDROCODONE,OXYCODONE,SPCLTY_Family Practice,STATE_OH,TRAMADOL
1164492054,GENDER_M,HYDROCODONE,OXYCODONE,SPCLTY_Internal Medicine,STATE_NY,,
1164492500,GENDER_M,HYDROCODONE,SPCLTY_Family Practice,STATE_MI,TRAMADOL,,
1164495222,GENDER_M,HYDROCODONE,OXYCODONE,SPCLTY_Interventional Radiol,STATE_MN,TRAMADOL,
1164495446,GENDER_M,HYDROCODONE,SPCLTY_Orthopedic Surgery,STATE_NY,,,
1164495800,GENDER_F,HYDROCODONE,OXYCODONE,SPCLTY_Internal Medicine,STATE_PA,,
1164496865,GENDER_M,HYDROCODONE,SPCLTY_Emergency Medicine,STATE_IL,,,
1164498317,FENTANYL,GENDER_M,HYDROCODONE,OXYCODONE,SPCLTY_Hematology/Oncology,STATE_MN,
1164503165,GENDER_F,HYDROCODONE,OXYCODONE,SPCLTY_Internal Medicine,STATE_MI,TRAMADOL,
1164503868,GENDER_M,HYDROCODONE,SPCLTY_Internal Medicine,STATE_CA,TRAMADOL,,
1164504528,GENDER_M,HYDROCODONE,OXYCODONE,SPCLTY_Family Practice,STATE_MD,TRAMADOL,
1164507588,GENDER_M,HYDROCODONE,OXYCODONE,SPCLTY_Physical Medicine and,STATE_FL,TRAMADOL,
1164509493,GENDER_M,HYDROCODONE,SPCLTY_Dentist,STATE_TN,,,
1164509766,FENTANYL,GENDER_M,HYDROCODONE,OXYCODONE,SPCLTY_Internal Medicine,STATE_MO,TRAMADOL
1164512844,GENDER_M,HYDROCODONE,OXYCODONE,SPCLTY_Infectious Disease,STATE_CO,TRAMADOL,
1164514436,FENTANYL,GENDER_M,HYDROCODONE,OXYCODONE,SPCLTY_Family Practice,STATE_WA,TRAMADOL
1164514634,GENDER_F,HYDROCODONE,SPCLTY_Dentist,STATE_CA,,,
1164520037,GENDER_M,HYDROCODONE,SPCLTY_Neurosurgery,STATE_DE,TRAMADOL,,
1164521142,FENTANYL,GENDER_M,HYDROCODONE,OXYCODONE,SPCLTY_Anesthesiology,STATE_NV,TRAMADOL
1164522538,GENDER_M,HYDROCODONE,SPCLTY_Internal Medicine,STATE_MO,,,
1164529178,GENDER_M,HYDROCODONE,OXYCODONE,SPCLTY_Oral Surgery (dentist,STATE_MT,,
1164531562,FENTANYL,GENDER_M,HYDROCODONE,OXYCODONE,SPCLTY_Internal Medicine,STATE_PA,
1164534269,GENDER_F,HYDROCODONE,SPCLTY_Internal Medicine,STATE_VA,,,
1164534335,GENDER_F,HYDROCODONE,OXYCODONE,SPCLTY_Physician Assistant,STATE_WI,TRAMADOL,
1164535753,FENTANYL,GENDER_M,HYDROCODONE,OXYCODONE,SPCLTY_Physical Medicine and,STATE_FL,TRAMADOL
1164538674,GENDER_M,HYDROCODONE,OXYCODONE,SPCLTY_Family Practice,STATE_IA,TRAMADOL,
1164538914,GENDER_M,OXYCODONE,SPCLTY_General Surgery,STATE_TX,,,
1164540266,GENDER_M,HYDROCODONE,SPCLTY_Orthopaedic Surgery,STATE_CA,,,
1164542890,GENDER_M,HYDROCODONE,SPCLTY_General Surgery,STATE_KS,,,
1164544045,GENDER_M,HYDROCODONE,SPCLTY_Family Practice,STATE_AR,,,
1164548814,GENDER_M,HYDROCODONE,SPCLTY_Internal Medicine,STATE_AZ,,,
1164566964,GENDER_M,HYDROCODONE,SPCLTY_Physician Assistant,STATE_CO,,,
1164567996,GENDER_F,HYDROCODONE,SPCLTY_Nurse Practitioner,STATE_MS,TRAMADOL,,
1164570172,GENDER_F,HYDROCODONE,SPCLTY_Rheumatology,STATE_WY,,,
1164571162,GENDER_M,HYDROCODONE,SPCLTY_Dentist,STATE_GA,,,
1164580429,GENDER_M,HYDROCODONE,SPCLTY_Physician Assistant,STATE_OR,TRAMADOL,,
1164581815,FENTANYL,GENDER_M,HYDROCODONE,OXYCODONE,SPCLTY_Internal Medicine,STATE_CA,TRAMADOL
1164583001,GENDER_M,HYDROCODONE,SPCLTY_Internal Medicine,STATE_MS,,,
1164585766,FENTANYL,GENDER_M,HYDROCODONE,OXYCODONE,SPCLTY_Rheumatology,STATE_FL,TRAMADOL
1164589982,GENDER_M,HYDROCODONE,SPCLTY_Dentist,STATE_ID,,,
1164592671,GENDER_M,HYDROCODONE,OXYCODONE,SPCLTY_Emergency Medicine,STATE_SC,TRAMADOL,
1164595450,GENDER_F,HYDROCODONE,OXYCODONE,SPCLTY_Internal Medicine,STATE_MD,TRAMADOL,
1164598629,GENDER_M,OXYCODONE,SPCLTY_Emergency Medicine,STATE_CO,,,
1164599072,GENDER_M,HYDROCODONE,SPCLTY_Otolaryngology,STATE_CA,,,
1164599825,GENDER_M,HYDROCODONE,SPCLTY_Specialist,STATE_AL,TRAMADOL,,
1164601316,GENDER_M,HYDROCODONE,SPCLTY_Emergency Medicine,STATE_OH,,,
1164604195,GENDER_F,HYDROCODONE,SPCLTY_Family Practice,STATE_CA,,,
1164611000,FENTANYL,GENDER_F,HYDROCODONE,OXYCODONE,SPCLTY_Nurse Practitioner,STATE_AZ,TRAMADOL
1164612024,GENDER_M,HYDROCODONE,SPCLTY_Urology,STATE_CA,,,
1164619524,GENDER_M,OXYCODONE,SPCLTY_Emergency Medicine,STATE_PA,,,
1164626735,GENDER_M,HYDROCODONE,SPCLTY_Orthopedic Surgery,STATE_TX,TRAMADOL,,
1164632881,GENDER_F,SPCLTY_Internal Medicine,STATE_GA,TRAMADOL,,,
1164633111,GENDER_F,HYDROCODONE,SPCLTY_Family Practice,STATE_MO,TRAMADOL,,
1164637658,GENDER_M,HYDROCODONE,SPCLTY_Dentist,STATE_IN,,,
1164643011,GENDER_M,HYDROCODONE,SPCLTY_Dentist,STATE_AR,,,
1164645636,GENDER_M,HYDROCODONE,OXYCODONE,SPCLTY_Physician Assistant,STATE_CA,,
1164650107,GENDER_F,HYDROCODONE,SPCLTY_Emergency Medicine,STATE_IL,,,
1164651386,GENDER_F,HYDROCODONE,OXYCODONE,SPCLTY_Family Practice,STATE_SC,TRAMADOL,
1164652467,GENDER_F,HYDROCODONE,SPCLTY_Physician Assistant,STATE_NY,,,
1164657557,FENTANYL,GENDER_F,HYDROCODONE,OXYCODONE,SPCLTY_Family Practice,STATE_MI,TRAMADOL
1164664173,GENDER_M,HYDROCODONE,OXYCODONE,SPCLTY_Orthopaedic Surgery,STATE_VA,,
1164673893,GENDER_F,HYDROCODONE,SPCLTY_Internal Medicine,STATE_TX,,,
1164687539,GENDER_M,HYDROCODONE,SPCLTY_Urology,STATE_OH,,,
1164688099,GENDER_M,HYDROCODONE,SPCLTY_Family Practice,STATE_TX,TRAMADOL,,
1164689469,GENDER_F,HYDROCODONE,SPCLTY_Family Practice,STATE_FL,,,
1164689840,GENDER_M,OXYCODONE,SPCLTY_Rheumatology,STATE_PA,TRAMADOL,,
1164694212,GENDER_M,HYDROCODONE,SPCLTY_Family Practice,STATE_WI,TRAMADOL,,
1164701389,GENDER_M,HYDROCODONE,SPCLTY_Student in an Organiz,STATE_OH,,,
1164712071,GENDER_F,OXYCODONE,SPCLTY_Physician Assistant,STATE_MA,TRAMADOL,,
1164712931,GENDER_F,OXYCODONE,SPCLTY_Student in an Organiz,STATE_WA,,,
1164717211,GENDER_M,HYDROCODONE,SPCLTY_Internal Medicine,STATE_TX,,,
1164717930,GENDER_F,HYDROCODONE,OXYCODONE,SPCLTY_Family Practice,STATE_PA,TRAMADOL,
1164726279,GENDER_F,HYDROCODONE,SPCLTY_Physician Assistant,STATE_OK,TRAMADOL,,
1164741484,GENDER_M,HYDROCODONE,SPCLTY_Family Practice,STATE_KS,,,
1164757779,GENDER_M,SPCLTY_Nurse Practitioner,STATE_MA,TRAMADOL,,,
1164761003,GENDER_F,HYDROCODONE,OXYCODONE,SPCLTY_Physician Assistant,STATE_RI,TRAMADOL,
1164765277,GENDER_M,HYDROCODONE,OXYCODONE,SPCLTY_Student in an Organiz,STATE_OH,,
1164771002,GENDER_F,HYDROCODONE,SPCLTY_Nurse Practitioner,STATE_TX,TRAMADOL,,
1164778304,GENDER_F,SPCLTY_Nurse Practitioner,STATE_WV,TRAMADOL,,,
1164784377,GENDER_M,SPCLTY_Family Practice,STATE_IN,TRAMADOL,,,
1164784450,GENDER_M,HYDROCODONE,SPCLTY_Gynecological/Oncolog,STATE_TX,,,
1164790671,GENDER_F,HYDROCODONE,OXYCODONE,SPCLTY_Nurse Practitioner,STATE_CA,,
1164790721,GENDER_M,HYDROCODONE,SPCLTY_Physician Assistant,STATE_TX,TRAMADOL,,
1164861944,GENDER_F,HYDROCODONE,SPCLTY_Nurse Practitioner,STATE_IN,,,
1174500052,GENDER_M,SPCLTY_Internal Medicine,STATE_CT,TRAMADOL,,,
1174500540,FENTANYL,GENDER_M,HYDROCODONE,OXYCODONE,SPCLTY_Anesthesiology,STATE_TX,TRAMADOL
1174501381,GENDER_M,HYDROCODONE,OXYCODONE,SPCLTY_Orthopedic Surgery,STATE_MD,,
1174502314,GENDER_M,HYDROCODONE,SPCLTY_Cardiac Surgery,STATE_GA,,,
1174505275,GENDER_M,OXYCODONE,SPCLTY_Internal Medicine,STATE_NY,,,
1174505887,GENDER_M,HYDROCODONE,SPCLTY_Neurosurgery,STATE_TX,TRAMADOL,,
1174506604,FENTANYL,GENDER_M,HYDROCODONE,OXYCODONE,SPCLTY_Family Practice,STATE_OR,TRAMADOL
1174506794,GENDER_M,HYDROCODONE,SPCLTY_Dentist,STATE_TN,,,
1174507800,FENTANYL,GENDER_M,HYDROCODONE,OXYCODONE,SPCLTY_Rheumatology,STATE_AL,TRAMADOL
1174509103,GENDER_F,HYDROCODONE,SPCLTY_Nurse Practitioner,STATE_CA,TRAMADOL,,
1174509376,GENDER_M,HYDROCODONE,OXYCODONE,SPCLTY_Internal Medicine,STATE_NH,TRAMADOL,
1174512008,FENTANYL,GENDER_F,HYDROCODONE,OXYCODONE,SPCLTY_Family Practice,STATE_NM,TRAMADOL
1174512263,FENTANYL,GENDER_M,HYDROCODONE,OXYCODONE,SPCLTY_Rheumatology,STATE_AZ,TRAMADOL
1174512651,GENDER_M,HYDROCODONE,SPCLTY_Family Practice,STATE_TX,,,
1174512685,FENTANYL,GENDER_F,HYDROCODONE,OXYCODONE,SPCLTY_Internal Medicine,STATE_CA,TRAMADOL
1174515084,FENTANYL,GENDER_F,HYDROCODONE,OXYCODONE,SPCLTY_Physical Medicine and,STATE_MI,TRAMADOL
1174515381,GENDER_M,HYDROCODONE,OXYCODONE,SPCLTY_Physical Medicine and,STATE_MI,TRAMADOL,
1174516520,GENDER_M,HYDROCODONE,SPCLTY_Hematology/Oncology,STATE_IL,,,
1174516686,GENDER_F,HYDROCODONE,SPCLTY_Nurse Practitioner,STATE_VA,,,
1174516751,GENDER_M,HYDROCODONE,SPCLTY_Geriatric Medicine,STATE_IN,TRAMADOL,,
1174518120,GENDER_M,HYDROCODONE,SPCLTY_Orthopedic Surgery,STATE_FL,TRAMADOL,,
1174519441,GENDER_M,HYDROCODONE,SPCLTY_Cardiac Surgery,STATE_FL,,,
1174521629,GENDER_M,HYDROCODONE,OXYCODONE,SPCLTY_Orthopedic Surgery,STATE_PA,TRAMADOL,
1174522148,FENTANYL,GENDER_F,HYDROCODONE,OXYCODONE,SPCLTY_Family Practice,STATE_IL,
1174522379,GENDER_M,HYDROCODONE,SPCLTY_Podiatry,STATE_IL,,,
1174524052,FENTANYL,GENDER_M,HYDROCODONE,OXYCODONE,SPCLTY_Geriatric Medicine,STATE_OR,TRAMADOL
1174527972,FENTANYL,GENDER_M,HYDROCODONE,OXYCODONE,SPCLTY_Anesthesiology,STATE_KS,TRAMADOL
1174529531,GENDER_M,HYDROCODONE,SPCLTY_Psychiatry & Neurolog,STATE_TX,,,
1174533137,GENDER_M,HYDROCODONE,OXYCODONE,SPCLTY_Internal Medicine,STATE_RI,TRAMADOL,
1174533319,GENDER_M,HYDROCODONE,SPCLTY_General Surgery,STATE_CA,,,
1174533673,GENDER_F,HYDROCODONE,SPCLTY_Internal Medicine,STATE_IL,,,
1174535082,GENDER_M,HYDROCODONE,OXYCODONE,SPCLTY_Neurology,STATE_NC,TRAMADOL,
1174536726,GENDER_F,SPCLTY_Family Practice,STATE_CA,TRAMADOL,,,
1174540694,FENTANYL,GENDER_F,HYDROCODONE,OXYCODONE,SPCLTY_Nurse Practitioner,STATE_CT,TRAMADOL
1174543532,FENTANYL,GENDER_M,HYDROCODONE,OXYCODONE,SPCLTY_Physician Assistant,STATE_MD,TRAMADOL
1174543540,GENDER_M,HYDROCODONE,OXYCODONE,SPCLTY_Family Practice,STATE_CA,TRAMADOL,
1174544787,GENDER_F,HYDROCODONE,SPCLTY_Internal Medicine,STATE_NV,,,
1174545230,GENDER_M,HYDROCODONE,SPCLTY_Dentist,STATE_TX,,,
1174546287,GENDER_M,HYDROCODONE,OXYCODONE,SPCLTY_Family Practice,STATE_SC,TRAMADOL,
1174547152,GENDER_M,OXYCODONE,SPCLTY_Dentist,STATE_NY,,,
1174550016,GENDER_F,HYDROCODONE,OXYCODONE,SPCLTY_Nurse Practitioner,STATE_OH,TRAMADOL,
1174552012,GENDER_M,HYDROCODONE,SPCLTY_Family Practice,STATE_MD,,,
1174555080,GENDER_F,OXYCODONE,SPCLTY_Internal Medicine,STATE_FL,,,
1174555742,GENDER_M,HYDROCODONE,SPCLTY_Internal Medicine,STATE_IL,TRAMADOL,,
1174557854,FENTANYL,GENDER_M,HYDROCODONE,OXYCODONE,SPCLTY_Internal Medicine,STATE_OH,TRAMADOL
1174558829,GENDER_M,SPCLTY_Internal Medicine,STATE_FL,TRAMADOL,,,
1174561195,GENDER_M,HYDROCODONE,SPCLTY_Emergency Medicine,STATE_WI,,,
1174562888,GENDER_M,HYDROCODONE,SPCLTY_Family Practice,STATE_OH,TRAMADOL,,
1174563449,GENDER_M,HYDROCODONE,OXYCODONE,SPCLTY_Internal Medicine,STATE_FL,TRAMADOL,
1174565089,GENDER_M,HYDROCODONE,OXYCODONE,SPCLTY_Medical Oncology,STATE_TX,,
1174565527,GENDER_M,SPCLTY_Gastroenterology,STATE_CA,TRAMADOL,,,
1174566160,GENDER_M,HYDROCODONE,SPCLTY_Pulmonary Disease,STATE_TX,TRAMADOL,,
1174566756,GENDER_M,OXYCODONE,SPCLTY_Urology,STATE_MD,,,
1174567168,GENDER_M,HYDROCODONE,SPCLTY_Family Practice,STATE_GA,TRAMADOL,,
1174569081,GENDER_F,HYDROCODONE,SPCLTY_Nurse Practitioner,STATE_NY,,,
1174570998,GENDER_M,HYDROCODONE,SPCLTY_Emergency Medicine,STATE_LA,,,
1174573976,GENDER_M,HYDROCODONE,SPCLTY_Oral Surgery (dentist,STATE_NY,,,
1174574677,FENTANYL,GENDER_F,HYDROCODONE,OXYCODONE,SPCLTY_Internal Medicine,STATE_OR,TRAMADOL
1174574800,GENDER_F,HYDROCODONE,SPCLTY_Ophthalmology,STATE_SD,,,
1174582233,GENDER_M,HYDROCODONE,SPCLTY_Internal Medicine,STATE_LA,TRAMADOL,,
1174583132,GENDER_M,HYDROCODONE,SPCLTY_General Practice,STATE_MI,,,
1174584692,GENDER_M,HYDROCODONE,OXYCODONE,SPCLTY_Emergency Medicine,STATE_NC,TRAMADOL,
1174585855,GENDER_F,HYDROCODONE,OXYCODONE,SPCLTY_Internal Medicine,STATE_NJ,TRAMADOL,
1174587232,GENDER_F,HYDROCODONE,OXYCODONE,SPCLTY_Nurse Practitioner,STATE_PA,TRAMADOL,
1174588941,GENDER_F,HYDROCODONE,SPCLTY_Dentist,STATE_AZ,,,
1174593164,GENDER_M,HYDROCODONE,OXYCODONE,SPCLTY_Neurosurgery,STATE_VA,TRAMADOL,
1174594881,GENDER_M,OXYCODONE,SPCLTY_Otolaryngology,STATE_WA,,,
1174597314,GENDER_M,HYDROCODONE,SPCLTY_Internal Medicine,STATE_GA,,,
1174598742,FENTANYL,GENDER_M,HYDROCODONE,OXYCODONE,SPCLTY_Internal Medicine,STATE_MA,TRAMADOL
1174601066,GENDER_M,HYDROCODONE,OXYCODONE,SPCLTY_Internal Medicine,STATE_CA,TRAMADOL,
1174603864,GENDER_F,HYDROCODONE,SPCLTY_Nurse Practitioner,STATE_NC,,,
1174608210,GENDER_M,HYDROCODONE,OXYCODONE,SPCLTY_Family Practice,STATE_MT,TRAMADOL,
1174610430,GENDER_M,HYDROCODONE,OXYCODONE,SPCLTY_Family Practice,STATE_WA,,
1174619282,GENDER_M,HYDROCODONE,SPCLTY_Internal Medicine,STATE_CA,TRAMADOL,,
1174621726,GENDER_M,SPCLTY_Physician Assistant,STATE_WV,TRAMADOL,,,
1174622708,FENTANYL,GENDER_M,HYDROCODONE,OXYCODONE,SPCLTY_Family Practice,STATE_CA,TRAMADOL
1174623862,GENDER_M,HYDROCODONE,SPCLTY_Internal Medicine,STATE_IL,,,
1174626097,GENDER_M,HYDROCODONE,OXYCODONE,SPCLTY_Family Practice,STATE_CA,TRAMADOL,
1174629422,GENDER_F,HYDROCODONE,SPCLTY_Family Practice,STATE_NY,TRAMADOL,,
1174633093,GENDER_M,HYDROCODONE,SPCLTY_Dentist,STATE_TN,,,
1174633622,FENTANYL,GENDER_M,HYDROCODONE,OXYCODONE,SPCLTY_Family Practice,STATE_NY,TRAMADOL
1174635536,FENTANYL,GENDER_F,HYDROCODONE,OXYCODONE,SPCLTY_Family Practice,STATE_MD,TRAMADOL
1174639249,FENTANYL,GENDER_M,HYDROCODONE,OXYCODONE,SPCLTY_Internal Medicine,STATE_IN,TRAMADOL
1174639751,GENDER_F,OXYCODONE,SPCLTY_Hematology/Oncology,STATE_NY,,,
1174639983,GENDER_M,HYDROCODONE,OXYCODONE,SPCLTY_Plastic and Reconstru,STATE_NC,TRAMADOL,
1174644538,GENDER_F,HYDROCODONE,OXYCODONE,SPCLTY_Internal Medicine,STATE_TN,TRAMADOL,
1174646202,FENTANYL,GENDER_M,SPCLTY_Family Practice,STATE_PR,TRAMADOL,,
1174657456,GENDER_F,SPCLTY_Nurse Practitioner,STATE_FL,TRAMADOL,,,
1174664676,GENDER_F,OXYCODONE,SPCLTY_Nurse Practitioner,STATE_NE,,,
1174671283,GENDER_M,HYDROCODONE,SPCLTY_Dentist,STATE_ID,,,
1174673248,GENDER_M,OXYCODONE,SPCLTY_Emergency Medicine,STATE_FL,,,
1174682637,FENTANYL,GENDER_M,HYDROCODONE,SPCLTY_Internal Medicine,STATE_IL,TRAMADOL,
1174689335,GENDER_M,HYDROCODONE,SPCLTY_Internal Medicine,STATE_CA,,,
1174690358,GENDER_M,HYDROCODONE,SPCLTY_General Practice,STATE_FL,,,
1174694673,FENTANYL,GENDER_M,HYDROCODONE,OXYCODONE,SPCLTY_Internal Medicine,STATE_MI,TRAMADOL
1174696827,GENDER_F,SPCLTY_Internal Medicine,STATE_PR,TRAMADOL,,,
1174698542,FENTANYL,GENDER_M,HYDROCODONE,OXYCODONE,SPCLTY_General Practice,STATE_MA,TRAMADOL
1174702021,FENTANYL,GENDER_F,HYDROCODONE,SPCLTY_Nurse Practitioner,STATE_IL,TRAMADOL,
1174712624,GENDER_M,HYDROCODONE,OXYCODONE,SPCLTY_Physician Assistant,STATE_CA,TRAMADOL,
1174715304,GENDER_M,HYDROCODONE,SPCLTY_Plastic and Reconstru,STATE_WI,,,
1174724058,GENDER_F,HYDROCODONE,SPCLTY_Internal Medicine,STATE_CA,TRAMADOL,,
1174724207,GENDER_M,HYDROCODONE,SPCLTY_Family Practice,STATE_IN,TRAMADOL,,
1174726582,GENDER_F,OXYCODONE,SPCLTY_Addiction Medicine,STATE_CO,,,
1174729560,GENDER_F,HYDROCODONE,SPCLTY_Family Practice,STATE_TX,TRAMADOL,,
1174733521,GENDER_M,HYDROCODONE,SPCLTY_Family Practice,STATE_NY,,,
1174734255,GENDER_M,HYDROCODONE,SPCLTY_Family Practice,STATE_VA,,,
1174737225,FENTANYL,GENDER_M,HYDROCODONE,SPCLTY_Emergency Medicine,STATE_CA,TRAMADOL,
1174739445,GENDER_F,HYDROCODONE,OXYCODONE,SPCLTY_Nurse Practitioner,STATE_PA,TRAMADOL,
1174744072,GENDER_M,HYDROCODONE,SPCLTY_Family Practice,STATE_CA,TRAMADOL,,
1174744817,GENDER_F,HYDROCODONE,SPCLTY_Family Practice,STATE_KY,TRAMADOL,,
1174747828,GENDER_M,HYDROCODONE,SPCLTY_Otolaryngology,STATE_HI,,,
1174756365,GENDER_M,SPCLTY_Internal Medicine,STATE_TX,TRAMADOL,,,
1174756696,GENDER_M,OXYCODONE,SPCLTY_Radiation Oncology,STATE_WI,,,
1174769954,GENDER_F,OXYCODONE,SPCLTY_General Practice,STATE_PR,TRAMADOL,,
1174772982,FENTANYL,GENDER_M,OXYCODONE,SPCLTY_Hematology/Oncology,STATE_NY,,
1174776611,GENDER_M,HYDROCODONE,OXYCODONE,SPCLTY_Radiation Oncology,STATE_AL,,
1174786297,GENDER_M,HYDROCODONE,OXYCODONE,SPCLTY_Rheumatology,STATE_NJ,TRAMADOL,
1174789077,GENDER_F,OXYCODONE,SPCLTY_Nurse Practitioner,STATE_MA,,,
1174798300,GENDER_M,HYDROCODONE,SPCLTY_Dentist,STATE_NV,,,
1174810972,GENDER_F,HYDROCODONE,SPCLTY_Family Practice,STATE_CA,,,
1174814149,GENDER_F,HYDROCODONE,OXYCODONE,SPCLTY_Family Practice,STATE_PA,TRAMADOL,
1174828016,GENDER_F,HYDROCODONE,SPCLTY_Nurse Practitioner,STATE_OK,,,
1174834378,GENDER_M,HYDROCODONE,SPCLTY_Family Practice,STATE_MO,,,
1174842439,GENDER_F,HYDROCODONE,OXYCODONE,SPCLTY_Emergency Medicine,STATE_OH,TRAMADOL,
1174842918,GENDER_M,HYDROCODONE,SPCLTY_Nurse Practitioner,STATE_TX,,,
1174843262,GENDER_F,SPCLTY_Nurse Practitioner,STATE_OH,TRAMADOL,,,
1174863963,GENDER_F,SPCLTY_Nurse Practitioner,STATE_AL,TRAMADOL,,,
1174864482,GENDER_F,HYDROCODONE,OXYCODONE,SPCLTY_Nurse Practitioner,STATE_FL,,
1174868095,GENDER_M,HYDROCODONE,SPCLTY_Nurse Practitioner,STATE_CT,TRAMADOL,,
1174870877,GENDER_F,HYDROCODONE,OXYCODONE,SPCLTY_Nurse Practitioner,STATE_OH,TRAMADOL,
1174892905,FENTANYL,GENDER_F,HYDROCODONE,OXYCODONE,SPCLTY_Nurse Practitioner,STATE_UT,TRAMADOL
1174895254,GENDER_F,HYDROCODONE,SPCLTY_Physician Assistant,STATE_NC,TRAMADOL,,
1174895502,GENDER_F,HYDROCODONE,SPCLTY_Physician Assistant,STATE_MO,,,
1174935753,GENDER_F,HYDROCODONE,SPCLTY_General Practice,STATE_NJ,,,
1174955900,FENTANYL,GENDER_F,OXYCODONE,SPCLTY_Physician Assistant,STATE_WI,TRAMADOL,
1174956478,GENDER_M,HYDROCODONE,SPCLTY_Family Practice,STATE_GA,TRAMADOL,,
1184050460,GENDER_F,SPCLTY_Nurse Practitioner,STATE_MD,TRAMADOL,,,
1184051344,GENDER_M,HYDROCODONE,SPCLTY_Physician Assistant,STATE_CT,,,
1184062234,GENDER_F,SPCLTY_Nurse Practitioner,STATE_SD,TRAMADOL,,,
1184066433,GENDER_M,SPCLTY_Physician Assistant,STATE_FL,TRAMADOL,,,
1184066938,GENDER_M,HYDROCODONE,SPCLTY_Physician Assistant,STATE_CA,,,
1184605966,FENTANYL,GENDER_M,HYDROCODONE,OXYCODONE,SPCLTY_Internal Medicine,STATE_KY,TRAMADOL
1184609570,GENDER_M,HYDROCODONE,OXYCODONE,SPCLTY_Family Practice,STATE_MA,,
1184612673,GENDER_M,OXYCODONE,SPCLTY_General Surgery,STATE_PA,,,
1184613929,GENDER_M,HYDROCODONE,OXYCODONE,SPCLTY_Family Practice,STATE_AR,,
1184615924,GENDER_M,SPCLTY_General Practice,STATE_PR,TRAMADOL,,,
1184617268,GENDER_M,HYDROCODONE,OXYCODONE,SPCLTY_Orthopedic Surgery,STATE_OH,TRAMADOL,
1184623241,FENTANYL,GENDER_M,HYDROCODONE,OXYCODONE,SPCLTY_Emergency Medicine,STATE_AL,TRAMADOL
1184624769,GENDER_F,HYDROCODONE,SPCLTY_Urology,STATE_CA,,,
1184624819,GENDER_M,HYDROCODONE,SPCLTY_Vascular Surgery,STATE_IL,,,
1184626749,GENDER_M,HYDROCODONE,SPCLTY_Family Practice,STATE_TX,TRAMADOL,,
1184627838,GENDER_M,HYDROCODONE,OXYCODONE,SPCLTY_Family Practice,STATE_LA,TRAMADOL,
1184628927,FENTANYL,GENDER_M,HYDROCODONE,SPCLTY_Cardiology,STATE_CA,TRAMADOL,
1184631632,FENTANYL,GENDER_M,HYDROCODONE,OXYCODONE,SPCLTY_Family Practice,STATE_IL,TRAMADOL
1184636037,GENDER_M,HYDROCODONE,OXYCODONE,SPCLTY_Emergency Medicine,STATE_UT,,
1184638702,FENTANYL,GENDER_F,HYDROCODONE,OXYCODONE,SPCLTY_Family Practice,STATE_GA,TRAMADOL
1184645673,GENDER_F,OXYCODONE,SPCLTY_Nurse Practitioner,STATE_AZ,,,
1184651465,FENTANYL,GENDER_F,HYDROCODONE,OXYCODONE,SPCLTY_Nurse Practitioner,STATE_OH,TRAMADOL
1184651838,GENDER_M,HYDROCODONE,OXYCODONE,SPCLTY_Family Practice,STATE_FL,TRAMADOL,
1184658528,GENDER_M,HYDROCODONE,SPCLTY_Internal Medicine,STATE_CT,TRAMADOL,,
1184660490,FENTANYL,GENDER_M,HYDROCODONE,SPCLTY_Internal Medicine,STATE_MI,TRAMADOL,
1184660979,GENDER_M,HYDROCODONE,SPCLTY_Emergency Medicine,STATE_GA,,,
1184663163,GENDER_M,HYDROCODONE,SPCLTY_Orthopedic Surgery,STATE_TX,,,
1184663395,GENDER_M,HYDROCODONE,OXYCODONE,SPCLTY_Orthopedic Surgery,STATE_PA,TRAMADOL,
1184665580,GENDER_M,HYDROCODONE,OXYCODONE,SPCLTY_Cardiology,STATE_MS,TRAMADOL,
1184666034,GENDER_M,HYDROCODONE,SPCLTY_General Surgery,STATE_GA,,,
1184666547,GENDER_M,HYDROCODONE,SPCLTY_Gastroenterology,STATE_CA,,,
1184667842,FENTANYL,GENDER_F,HYDROCODONE,OXYCODONE,SPCLTY_Family Practice,STATE_CA,TRAMADOL
1184668535,GENDER_F,HYDROCODONE,OXYCODONE,SPCLTY_Emergency Medicine,STATE_AL,TRAMADOL,
1184671877,GENDER_M,HYDROCODONE,OXYCODONE,SPCLTY_Urology,STATE_MA,TRAMADOL,
1184672164,GENDER_F,OXYCODONE,SPCLTY_Nephrology,STATE_FL,TRAMADOL,,
1184673782,GENDER_M,HYDROCODONE,SPCLTY_Internal Medicine,STATE_SC,,,
1184675332,GENDER_M,HYDROCODONE,OXYCODONE,SPCLTY_Internal Medicine,STATE_TN,TRAMADOL,
1184676132,GENDER_M,OXYCODONE,SPCLTY_Internal Medicine,STATE_FL,TRAMADOL,,
1184677379,GENDER_M,HYDROCODONE,OXYCODONE,SPCLTY_Orthopedic Surgery,STATE_IN,TRAMADOL,
1184680530,GENDER_M,HYDROCODONE,SPCLTY_Family Practice,STATE_AR,TRAMADOL,,
1184680936,GENDER_M,HYDROCODONE,SPCLTY_General Practice,STATE_PR,TRAMADOL,,
1184681991,GENDER_M,HYDROCODONE,SPCLTY_Emergency Medicine,STATE_CA,,,
1184682239,GENDER_M,HYDROCODONE,OXYCODONE,SPCLTY_Orthopedic Surgery,STATE_SC,TRAMADOL,
1184683062,GENDER_F,HYDROCODONE,SPCLTY_Physician Assistant,STATE_NC,,,
1184683369,GENDER_F,HYDROCODONE,OXYCODONE,SPCLTY_Family Practice,STATE_PA,TRAMADOL,
1184684169,GENDER_M,HYDROCODONE,SPCLTY_Endocrinology,STATE_TX,,,
1184690265,GENDER_F,HYDROCODONE,SPCLTY_Nurse Practitioner,STATE_PA,TRAMADOL,,
1184696007,GENDER_M,HYDROCODONE,SPCLTY_Obstetrics/Gynecology,STATE_CA,,,
1184696106,GENDER_F,HYDROCODONE,SPCLTY_Nurse Practitioner,STATE_NC,,,
1184696841,FENTANYL,GENDER_M,HYDROCODONE,OXYCODONE,SPCLTY_Internal Medicine,STATE_NY,TRAMADOL
1184701146,GENDER_F,OXYCODONE,SPCLTY_Physician Assistant,STATE_NY,,,
1184701757,GENDER_M,SPCLTY_Physician Assistant,STATE_MO,TRAMADOL,,,
1184702409,FENTANYL,GENDER_M,HYDROCODONE,SPCLTY_Family Practice,STATE_NE,TRAMADOL,
1184707440,GENDER_M,SPCLTY_Internal Medicine,STATE_KY,TRAMADOL,,,
1184712416,GENDER_M,OXYCODONE,SPCLTY_Emergency Medicine,STATE_NJ,,,
1184717399,GENDER_M,SPCLTY_Nephrology,STATE_DE,TRAMADOL,,,
1184720161,GENDER_M,OXYCODONE,SPCLTY_Podiatry,STATE_NJ,,,
1184720468,GENDER_M,HYDROCODONE,SPCLTY_Urology,STATE_CA,,,
1184723413,GENDER_M,HYDROCODONE,SPCLTY_Podiatry,STATE_MI,,,
1184724122,GENDER_F,SPCLTY_Nephrology,STATE_TX,TRAMADOL,,,
1184739716,GENDER_M,HYDROCODONE,SPCLTY_Orthopedic Surgery,STATE_IL,TRAMADOL,,
1184741860,GENDER_F,HYDROCODONE,OXYCODONE,SPCLTY_Internal Medicine,STATE_MO,,
1184752024,GENDER_M,HYDROCODONE,OXYCODONE,SPCLTY_Emergency Medicine,STATE_TN,,
1184753485,GENDER_M,HYDROCODONE,OXYCODONE,SPCLTY_Orthopedic Surgery,STATE_MS,TRAMADOL,
1184754962,GENDER_M,HYDROCODONE,SPCLTY_Physician Assistant,STATE_CA,,,
1184756199,GENDER_F,SPCLTY_Family Practice,STATE_RI,TRAMADOL,,,
1184759771,GENDER_F,OXYCODONE,SPCLTY_Obstetrics/Gynecology,STATE_AL,TRAMADOL,,
1184760480,GENDER_M,HYDROCODONE,SPCLTY_Oral Surgery (dentist,STATE_FL,,,
1184764912,GENDER_F,HYDROCODONE,SPCLTY_Nurse Practitioner,STATE_AL,TRAMADOL,,
1184767139,GENDER_M,HYDROCODONE,SPCLTY_Dentist,STATE_WI,,,
1184774564,GENDER_M,SPCLTY_Family Practice,STATE_IL,TRAMADOL,,,
1184775348,GENDER_F,HYDROCODONE,OXYCODONE,SPCLTY_Family Practice,STATE_AZ,TRAMADOL,
1184787152,GENDER_M,HYDROCODONE,SPCLTY_Dentist,STATE_OR,,,
1184789315,FENTANYL,GENDER_M,HYDROCODONE,OXYCODONE,SPCLTY_Hematology/Oncology,STATE_GA,
1184792368,GENDER_F,HYDROCODONE,SPCLTY_Physician Assistant,STATE_NC,TRAMADOL,,
1184795825,GENDER_M,OXYCODONE,SPCLTY_Anesthesiology,STATE_NH,,,
1184796393,GENDER_F,SPCLTY_General Practice,STATE_PR,TRAMADOL,,,
1184799199,FENTANYL,GENDER_M,HYDROCODONE,OXYCODONE,SPCLTY_Geriatric Medicine,STATE_MI,TRAMADOL
1184803439,FENTANYL,GENDER_M,HYDROCODONE,OXYCODONE,SPCLTY_Family Practice,STATE_WA,TRAMADOL
1184804312,GENDER_M,HYDROCODONE,SPCLTY_Orthopedic Surgery,STATE_TX,TRAMADOL,,
1184808396,GENDER_M,HYDROCODONE,SPCLTY_Dentist,STATE_SC,,,
1184812224,GENDER_F,OXYCODONE,SPCLTY_Physician Assistant,STATE_DE,,,
1184812893,GENDER_F,OXYCODONE,SPCLTY_Emergency Medicine,STATE_LA,TRAMADOL,,
1184814360,GENDER_F,OXYCODONE,SPCLTY_Physician Assistant,STATE_NY,,,
1184819971,GENDER_M,HYDROCODONE,SPCLTY_Family Practice,STATE_TX,TRAMADOL,,
1184821084,GENDER_M,HYDROCODONE,SPCLTY_Plastic and Reconstru,STATE_TX,,,
1184828774,FENTANYL,GENDER_M,HYDROCODONE,SPCLTY_Interventional Pain M,STATE_TX,TRAMADOL,
1184841827,GENDER_F,OXYCODONE,SPCLTY_Physician Assistant,STATE_MA,,,
1184850141,GENDER_F,HYDROCODONE,SPCLTY_Nurse Practitioner,STATE_ID,,,
1184858615,GENDER_M,HYDROCODONE,OXYCODONE,SPCLTY_Internal Medicine,STATE_AZ,TRAMADOL,
1184863383,GENDER_F,HYDROCODONE,OXYCODONE,SPCLTY_Physician Assistant,STATE_TX,,
1184867533,GENDER_F,HYDROCODONE,SPCLTY_Urology,STATE_LA,,,
1184867723,GENDER_M,OXYCODONE,SPCLTY_Vascular Surgery,STATE_CT,,,
1184871758,GENDER_M,HYDROCODONE,OXYCODONE,SPCLTY_Emergency Medicine,STATE_ND,TRAMADOL,
1184882953,GENDER_F,HYDROCODONE,OXYCODONE,SPCLTY_Family Practice,STATE_OR,TRAMADOL,
1184889271,GENDER_M,OXYCODONE,SPCLTY_Internal Medicine,STATE_NJ,,,
1184898488,GENDER_M,SPCLTY_Physician Assistant,STATE_MD,TRAMADOL,,,
1184915647,GENDER_M,HYDROCODONE,SPCLTY_Emergency Medicine,STATE_OK,,,
1184919250,GENDER_M,HYDROCODONE,SPCLTY_Oral Surgery (dentist,STATE_IN,,,
1184933806,GENDER_F,HYDROCODONE,SPCLTY_Physician Assistant,STATE_IL,TRAMADOL,,
1184944381,GENDER_M,HYDROCODONE,SPCLTY_Internal Medicine,STATE_TX,,,
1184957045,GENDER_F,HYDROCODONE,OXYCODONE,SPCLTY_Nurse Practitioner,STATE_OH,,
1184958415,GENDER_F,HYDROCODONE,SPCLTY_Physician Assistant,STATE_NY,TRAMADOL,,
1184961054,GENDER_M,HYDROCODONE,SPCLTY_Nurse Practitioner,STATE_MS,TRAMADOL,,
1184961930,GENDER_M,HYDROCODONE,SPCLTY_Oral Surgery (dentist,STATE_CA,,,
1184971046,GENDER_F,HYDROCODONE,OXYCODONE,SPCLTY_Nurse Practitioner,STATE_MS,TRAMADOL,
1184976615,GENDER_F,HYDROCODONE,SPCLTY_Nurse Practitioner,STATE_SC,,,
1184982969,GENDER_M,HYDROCODONE,SPCLTY_Emergency Medicine,STATE_KY,,,
1184987463,GENDER_F,HYDROCODONE,SPCLTY_Student in an Organiz,STATE_OH,,,
1184988255,GENDER_F,HYDROCODONE,SPCLTY_Urology,STATE_AZ,,,
1184992356,GENDER_F,HYDROCODONE,OXYCODONE,SPCLTY_Emergency Medicine,STATE_OH,,
1184992588,GENDER_M,HYDROCODONE,SPCLTY_Dentist,STATE_TX,,,
1194006858,FENTANYL,GENDER_F,HYDROCODONE,OXYCODONE,SPCLTY_Nurse Practitioner,STATE_AZ,TRAMADOL
1194009514,GENDER_F,HYDROCODONE,SPCLTY_Nurse Practitioner,STATE_GA,TRAMADOL,,
1194014449,GENDER_M,HYDROCODONE,SPCLTY_Emergency Medicine,STATE_IL,,,
1194034942,GENDER_F,SPCLTY_Physician Assistant,STATE_AZ,TRAMADOL,,,
1194041434,GENDER_F,HYDROCODONE,SPCLTY_General Surgery,STATE_NC,,,
1194043034,GENDER_M,HYDROCODONE,OXYCODONE,SPCLTY_Internal Medicine,STATE_MN,TRAMADOL,
1194049148,FENTANYL,GENDER_F,HYDROCODONE,SPCLTY_Nurse Practitioner,STATE_ID,TRAMADOL,
1194055616,GENDER_M,HYDROCODONE,SPCLTY_Dentist,STATE_WA,,,
1194066043,GENDER_F,HYDROCODONE,OXYCODONE,SPCLTY_Physician Assistant,STATE_CO,TRAMADOL,
1194066266,GENDER_M,OXYCODONE,SPCLTY_Physician Assistant,STATE_NY,,,
1194078436,GENDER_F,SPCLTY_Nurse Practitioner,STATE_MA,TRAMADOL,,,
1194083774,GENDER_F,HYDROCODONE,SPCLTY_Nurse Practitioner,STATE_CO,TRAMADOL,,
1194124388,GENDER_F,HYDROCODONE,SPCLTY_Nurse Practitioner,STATE_TN,,,
1194152686,GENDER_F,SPCLTY_Certified Clinical Nu,STATE_TX,TRAMADOL,,,
1194152710,FENTANYL,GENDER_F,OXYCODONE,SPCLTY_Internal Medicine,STATE_NY,,
1194153304,GENDER_F,SPCLTY_Nurse Practitioner,STATE_MD,TRAMADOL,,,
1194701102,GENDER_F,HYDROCODONE,OXYCODONE,SPCLTY_Physician Assistant,STATE_MN,TRAMADOL,
1194708800,GENDER_M,HYDROCODONE,SPCLTY_Internal Medicine,STATE_CT,TRAMADOL,,
1194709071,FENTANYL,GENDER_M,HYDROCODONE,OXYCODONE,SPCLTY_Family Practice,STATE_MN,TRAMADOL
1194709675,GENDER_M,HYDROCODONE,SPCLTY_Urology,STATE_NC,,,
1194710327,FENTANYL,GENDER_M,HYDROCODONE,OXYCODONE,SPCLTY_Nephrology,STATE_WV,TRAMADOL
1194710442,GENDER_M,HYDROCODONE,SPCLTY_Dermatology,STATE_NM,,,
1194710889,GENDER_M,HYDROCODONE,OXYCODONE,SPCLTY_Family Practice,STATE_TN,TRAMADOL,
1194711879,GENDER_M,HYDROCODONE,SPCLTY_Orthopedic Surgery,STATE_CA,,,
1194712240,GENDER_M,OXYCODONE,SPCLTY_Hematology/Oncology,STATE_NC,,,
1194713537,FENTANYL,GENDER_M,HYDROCODONE,OXYCODONE,SPCLTY_Physical Medicine and,STATE_TX,TRAMADOL
1194717850,FENTANYL,GENDER_F,OXYCODONE,SPCLTY_Medical Oncology,STATE_CT,,
1194717967,GENDER_M,SPCLTY_Internal Medicine,STATE_NY,TRAMADOL,,,
1194717991,GENDER_M,HYDROCODONE,SPCLTY_Obstetrics/Gynecology,STATE_AZ,,,
1194723148,GENDER_M,HYDROCODONE,SPCLTY_Vascular Surgery,STATE_MI,,,
1194724310,FENTANYL,GENDER_M,HYDROCODONE,OXYCODONE,SPCLTY_Internal Medicine,STATE_NJ,TRAMADOL
1194724476,GENDER_F,HYDROCODONE,OXYCODONE,SPCLTY_Emergency Medicine,STATE_VA,TRAMADOL,
1194725762,GENDER_M,HYDROCODONE,SPCLTY_General Surgery,STATE_NC,,,
1194726141,GENDER_M,HYDROCODONE,SPCLTY_Emergency Medicine,STATE_IN,,,
1194727016,GENDER_M,HYDROCODONE,OXYCODONE,SPCLTY_Emergency Medicine,STATE_VA,,
1194728733,GENDER_M,HYDROCODONE,OXYCODONE,SPCLTY_Family Practice,STATE_MN,TRAMADOL,
1194731042,GENDER_M,HYDROCODONE,OXYCODONE,SPCLTY_Podiatry,STATE_VA,TRAMADOL,
1194731323,GENDER_M,HYDROCODONE,OXYCODONE,SPCLTY_Family Practice,STATE_UT,TRAMADOL,
1194735902,GENDER_M,HYDROCODONE,SPCLTY_General Surgery,STATE_IN,,,
1194736546,GENDER_M,HYDROCODONE,SPCLTY_Emergency Medicine,STATE_TX,,,
1194739243,GENDER_M,OXYCODONE,SPCLTY_Cardiology,STATE_NY,,,
1194739664,GENDER_M,HYDROCODONE,SPCLTY_Internal Medicine,STATE_TX,TRAMADOL,,
1194741710,GENDER_M,SPCLTY_Internal Medicine,STATE_PA,TRAMADOL,,,
1194743575,GENDER_F,SPCLTY_Internal Medicine,STATE_FL,TRAMADOL,,,
1194745067,GENDER_M,HYDROCODONE,SPCLTY_Neurology,STATE_CA,,,
1194745364,GENDER_M,HYDROCODONE,SPCLTY_Dentist,STATE_CA,,,
1194746842,GENDER_M,HYDROCODONE,SPCLTY_Family Practice,STATE_CA,TRAMADOL,,
1194749283,GENDER_F,HYDROCODONE,OXYCODONE,SPCLTY_Nurse Practitioner,STATE_CT,TRAMADOL,
1194750695,GENDER_M,HYDROCODONE,OXYCODONE,SPCLTY_Internal Medicine,STATE_FL,TRAMADOL,
1194751990,GENDER_F,HYDROCODONE,SPCLTY_Neurology,STATE_OH,TRAMADOL,,
1194755363,GENDER_F,HYDROCODONE,SPCLTY_Emergency Medicine,STATE_AZ,,,
1194755983,GENDER_M,SPCLTY_Internal Medicine,STATE_NY,TRAMADOL,,,
1194756999,GENDER_M,HYDROCODONE,SPCLTY_Urology,STATE_LA,,,
1194757427,GENDER_M,HYDROCODONE,SPCLTY_Infectious Disease,STATE_IL,,,
1194758854,GENDER_F,HYDROCODONE,OXYCODONE,SPCLTY_Geriatric Medicine,STATE_MS,TRAMADOL,
1194759068,GENDER_M,OXYCODONE,SPCLTY_Family Practice,STATE_NJ,,,
1194760066,GENDER_M,HYDROCODONE,OXYCODONE,SPCLTY_Cardiology,STATE_FL,,
1194760751,GENDER_M,HYDROCODONE,OXYCODONE,SPCLTY_Podiatry,STATE_CA,,
1194761726,GENDER_M,HYDROCODONE,OXYCODONE,SPCLTY_Physician Assistant,STATE_MN,,
1194765297,GENDER_M,HYDROCODONE,OXYCODONE,SPCLTY_Internal Medicine,STATE_PA,TRAMADOL,
1194766253,GENDER_M,HYDROCODONE,OXYCODONE,SPCLTY_Internal Medicine,STATE_KY,TRAMADOL,
1194766634,GENDER_M,HYDROCODONE,OXYCODONE,SPCLTY_Cardiology,STATE_MA,TRAMADOL,
1194767541,GENDER_M,HYDROCODONE,SPCLTY_Gastroenterology,STATE_TX,,,
1194767806,GENDER_M,HYDROCODONE,SPCLTY_Cardiology,STATE_MS,TRAMADOL,,
1194768994,GENDER_M,HYDROCODONE,OXYCODONE,SPCLTY_Orthopedic Surgery,STATE_MS,TRAMADOL,
1194769653,GENDER_M,OXYCODONE,SPCLTY_Geriatric Medicine,STATE_NJ,,,
1194770016,GENDER_F,HYDROCODONE,OXYCODONE,SPCLTY_Emergency Medicine,STATE_IN,TRAMADOL,
1194770222,FENTANYL,GENDER_M,HYDROCODONE,OXYCODONE,SPCLTY_Internal Medicine,STATE_AL,TRAMADOL
1194771386,GENDER_M,HYDROCODONE,OXYCODONE,SPCLTY_Internal Medicine,STATE_FL,TRAMADOL,
1194773408,GENDER_M,HYDROCODONE,SPCLTY_Emergency Medicine,STATE_NC,,,
1194775080,GENDER_M,HYDROCODONE,OXYCODONE,SPCLTY_Family Practice,STATE_NE,TRAMADOL,
1194775429,GENDER_M,HYDROCODONE,SPCLTY_Otolaryngology,STATE_MN,,,
1194775940,GENDER_F,HYDROCODONE,SPCLTY_Radiation Oncology,STATE_AL,,,
1194776831,GENDER_F,HYDROCODONE,OXYCODONE,SPCLTY_Family Practice,STATE_KY,TRAMADOL,
1194779298,GENDER_M,HYDROCODONE,OXYCODONE,SPCLTY_Emergency Medicine,STATE_NC,TRAMADOL,
1194786111,GENDER_M,HYDROCODONE,SPCLTY_Family Practice,STATE_AR,TRAMADOL,,
1194790519,GENDER_M,HYDROCODONE,SPCLTY_Family Practice,STATE_WA,,,
1194791459,GENDER_M,HYDROCODONE,SPCLTY_Hand Surgery,STATE_IL,,,
1194794610,GENDER_M,HYDROCODONE,SPCLTY_Internal Medicine,STATE_TX,,,
1194795195,GENDER_F,HYDROCODONE,SPCLTY_Urology,STATE_CO,,,
1194795336,GENDER_M,HYDROCODONE,SPCLTY_Urology,STATE_IL,,,
1194795468,GENDER_M,HYDROCODONE,OXYCODONE,SPCLTY_Family Practice,STATE_PA,TRAMADOL,
1194795823,FENTANYL,GENDER_F,HYDROCODONE,OXYCODONE,SPCLTY_Internal Medicine,STATE_NC,TRAMADOL
1194796813,GENDER_F,HYDROCODONE,SPCLTY_Family Practice,STATE_FL,,,
1194797035,FENTANYL,GENDER_F,HYDROCODONE,OXYCODONE,SPCLTY_Internal Medicine,STATE_MI,TRAMADOL
1194797902,GENDER_M,HYDROCODONE,SPCLTY_Emergency Medicine,STATE_IL,,,
1194798611,GENDER_M,HYDROCODONE,SPCLTY_Ophthalmology,STATE_MO,,,
1194798686,FENTANYL,GENDER_M,HYDROCODONE,OXYCODONE,SPCLTY_Internal Medicine,STATE_TX,TRAMADOL
1194801613,GENDER_F,HYDROCODONE,OXYCODONE,SPCLTY_Internal Medicine,STATE_CA,TRAMADOL,
1194804385,GENDER_M,HYDROCODONE,SPCLTY_Psychiatry,STATE_MI,,,
1194811224,GENDER_M,HYDROCODONE,SPCLTY_Family Practice,STATE_OH,TRAMADOL,,
1194811307,FENTANYL,GENDER_M,HYDROCODONE,SPCLTY_Family Practice,STATE_IA,TRAMADOL,
1194811372,GENDER_F,HYDROCODONE,SPCLTY_Internal Medicine,STATE_TX,,,
1194811646,GENDER_M,HYDROCODONE,OXYCODONE,SPCLTY_Cardiology,STATE_FL,TRAMADOL,
1194814004,GENDER_F,HYDROCODONE,SPCLTY_Family Practice,STATE_NY,TRAMADOL,,
1194814020,GENDER_M,HYDROCODONE,OXYCODONE,SPCLTY_Family Practice,STATE_CA,TRAMADOL,
1194818336,GENDER_M,SPCLTY_General Practice,STATE_PR,TRAMADOL,,,
1194818997,FENTANYL,GENDER_M,HYDROCODONE,OXYCODONE,SPCLTY_Rheumatology,STATE_ID,TRAMADOL
1194819862,GENDER_M,HYDROCODONE,SPCLTY_Family Practice,STATE_NY,TRAMADOL,,
1194824177,GENDER_M,HYDROCODONE,OXYCODONE,SPCLTY_Emergency Medicine,STATE_NC,,
1194824714,GENDER_M,HYDROCODONE,OXYCODONE,SPCLTY_Orthopedic Surgery,STATE_FL,TRAMADOL,
1194829549,GENDER_M,HYDROCODONE,SPCLTY_Orthopedic Surgery,STATE_WA,,,
1194830612,GENDER_M,HYDROCODONE,OXYCODONE,SPCLTY_Internal Medicine,STATE_TN,TRAMADOL,
1194832709,GENDER_M,HYDROCODONE,SPCLTY_Orthopedic Surgery,STATE_TX,TRAMADOL,,
1194833921,GENDER_M,HYDROCODONE,OXYCODONE,SPCLTY_Orthopedic Surgery,STATE_CT,TRAMADOL,
1194847699,GENDER_M,HYDROCODONE,SPCLTY_Family Practice,STATE_AL,,,
1194847947,GENDER_F,HYDROCODONE,OXYCODONE,SPCLTY_Podiatry,STATE_MO,TRAMADOL,
1194850206,GENDER_F,HYDROCODONE,SPCLTY_Internal Medicine,STATE_IL,,,
1194859702,GENDER_M,HYDROCODONE,OXYCODONE,SPCLTY_Dentist,STATE_OH,,
1194864108,GENDER_M,OXYCODONE,SPCLTY_Family Practice,STATE_NM,TRAMADOL,,
1194865485,GENDER_F,SPCLTY_Internal Medicine,STATE_CA,TRAMADOL,,,
1194880245,GENDER_M,HYDROCODONE,SPCLTY_Dentist,STATE_TX,,,
1194881094,GENDER_M,SPCLTY_Family Practice,STATE_NJ,TRAMADOL,,,
1194881664,GENDER_M,HYDROCODONE,SPCLTY_General Practice,STATE_FL,TRAMADOL,,
1194882258,GENDER_M,HYDROCODONE,SPCLTY_Family Practice,STATE_TX,TRAMADOL,,
1194890251,GENDER_M,HYDROCODONE,SPCLTY_Oral Surgery (dentist,STATE_CA,,,
1194893230,GENDER_F,OXYCODONE,SPCLTY_Certified Clinical Nu,STATE_OH,,,
1194893404,GENDER_M,SPCLTY_Orthopedic Surgery,STATE_NY,TRAMADOL,,,
1194903203,GENDER_F,SPCLTY_Family Practice,STATE_NJ,TRAMADOL,,,
1194913533,FENTANYL,GENDER_M,HYDROCODONE,OXYCODONE,SPCLTY_Internal Medicine,STATE_VA,TRAMADOL
1194914614,GENDER_M,HYDROCODONE,OXYCODONE,SPCLTY_Interventional Pain M,STATE_LA,TRAMADOL,
1194918607,GENDER_M,HYDROCODONE,SPCLTY_General Surgery,STATE_MI,,,
1194925537,GENDER_F,HYDROCODONE,OXYCODONE,SPCLTY_Nurse Practitioner,STATE_MS,,
1194933614,FENTANYL,GENDER_F,OXYCODONE,SPCLTY_Physical Medicine and,STATE_CO,,
1194946293,GENDER_M,OXYCODONE,SPCLTY_Dermatology,STATE_FL,,,
1194951756,GENDER_F,HYDROCODONE,OXYCODONE,SPCLTY_Physician Assistant,STATE_NY,TRAMADOL,
1194952788,GENDER_F,HYDROCODONE,OXYCODONE,SPCLTY_Family Practice,STATE_FL,TRAMADOL,
1194953844,GENDER_F,HYDROCODONE,SPCLTY_Family Practice,STATE_IA,TRAMADOL,,
1194958041,GENDER_M,SPCLTY_Internal Medicine,STATE_PR,TRAMADOL,,,
1194980680,GENDER_M,HYDROCODONE,OXYCODONE,SPCLTY_Internal Medicine,STATE_AK,TRAMADOL,
1194986208,GENDER_M,HYDROCODONE,SPCLTY_Internal Medicine,STATE_TX,TRAMADOL,,
1194987651,GENDER_M,HYDROCODONE,OXYCODONE,SPCLTY_Internal Medicine,STATE_AZ,,
1194990366,GENDER_F,HYDROCODONE,SPCLTY_Physician Assistant,STATE_AR,TRAMADOL,,
1194995704,GENDER_F,HYDROCODONE,OXYCODONE,SPCLTY_Nurse Practitioner,STATE_VA,,
1205000122,GENDER_F,HYDROCODONE,SPCLTY_Hematology/Oncology,STATE_CA,TRAMADOL,,
1205007051,GENDER_M,HYDROCODONE,SPCLTY_Family Practice,STATE_PA,,,
1205007341,GENDER_M,OXYCODONE,SPCLTY_Urology,STATE_CA,,,
1205015898,GENDER_F,HYDROCODONE,SPCLTY_Internal Medicine,STATE_IN,,,
1205017308,GENDER_M,HYDROCODONE,OXYCODONE,SPCLTY_Emergency Medicine,STATE_AZ,TRAMADOL,
1205019866,GENDER_M,HYDROCODONE,SPCLTY_Dentist,STATE_OH,,,
1205028867,GENDER_M,OXYCODONE,SPCLTY_Thoracic Surgery,STATE_RI,,,
1205030038,GENDER_M,HYDROCODONE,SPCLTY_Emergency Medicine,STATE_IA,,,
1205035342,GENDER_M,HYDROCODONE,OXYCODONE,SPCLTY_Family Practice,STATE_SC,TRAMADOL,
1205037991,GENDER_M,HYDROCODONE,SPCLTY_Orthopedic Surgery,STATE_IL,,,
1205044104,GENDER_F,SPCLTY_Physician Assistant,STATE_CA,TRAMADOL,,,
1205045416,GENDER_F,SPCLTY_Internal Medicine,STATE_NY,TRAMADOL,,,
1205056215,GENDER_M,HYDROCODONE,OXYCODONE,SPCLTY_Orthopedic Surgery,STATE_KY,,
1205059060,GENDER_M,HYDROCODONE,SPCLTY_Dentist,STATE_SC,,,
1205067378,GENDER_F,OXYCODONE,SPCLTY_Family Practice,STATE_OH,TRAMADOL,,
1205070711,GENDER_M,HYDROCODONE,SPCLTY_Family Practice,STATE_WI,TRAMADOL,,
1205072022,GENDER_M,OXYCODONE,SPCLTY_Emergency Medicine,STATE_NY,,,
1205076361,GENDER_F,HYDROCODONE,SPCLTY_Physician Assistant,STATE_CA,,,
1205085529,GENDER_F,HYDROCODONE,SPCLTY_Physician Assistant,STATE_ID,TRAMADOL,,
1205087277,GENDER_M,HYDROCODONE,OXYCODONE,SPCLTY_Orthopedic Surgery,STATE_OH,TRAMADOL,
1205091410,GENDER_M,HYDROCODONE,SPCLTY_Podiatry,STATE_TX,TRAMADOL,,
1205092681,GENDER_M,HYDROCODONE,SPCLTY_Internal Medicine,STATE_MI,,,
1205098902,GENDER_F,OXYCODONE,SPCLTY_Family Practice,STATE_AZ,TRAMADOL,,
1205099975,GENDER_F,HYDROCODONE,SPCLTY_Dentist,STATE_AR,,,
1205109436,GENDER_M,HYDROCODONE,SPCLTY_Dentist,STATE_MA,,,
1205110756,GENDER_F,HYDROCODONE,SPCLTY_Physician Assistant,STATE_LA,TRAMADOL,,
1205124542,GENDER_M,OXYCODONE,SPCLTY_Emergency Medicine,STATE_PA,,,
1205141652,GENDER_F,SPCLTY_Internal Medicine,STATE_PR,TRAMADOL,,,
1205152105,GENDER_M,HYDROCODONE,OXYCODONE,SPCLTY_Internal Medicine,STATE_TN,TRAMADOL,
1205156569,GENDER_F,HYDROCODONE,SPCLTY_Internal Medicine,STATE_WV,,,
1205185345,GENDER_M,HYDROCODONE,SPCLTY_Student in an Organiz,STATE_TX,,,
1205186319,GENDER_F,HYDROCODONE,SPCLTY_Physician Assistant,STATE_SC,TRAMADOL,,
1205192887,GENDER_M,HYDROCODONE,SPCLTY_Student in an Organiz,STATE_PR,,,
1205193331,GENDER_M,HYDROCODONE,SPCLTY_Student in an Organiz,STATE_NC,TRAMADOL,,
1205194156,GENDER_M,HYDROCODONE,SPCLTY_Podiatry,STATE_IL,,,
1205199098,GENDER_M,OXYCODONE,SPCLTY_General Surgery,STATE_WA,,,
1205275062,GENDER_M,HYDROCODONE,OXYCODONE,SPCLTY_Nurse Practitioner,STATE_MS,,
1205275765,GENDER_M,HYDROCODONE,SPCLTY_General Surgery,STATE_MI,,,
1205800422,GENDER_M,HYDROCODONE,SPCLTY_Family Practice,STATE_TX,,,
1205801867,FENTANYL,GENDER_M,HYDROCODONE,OXYCODONE,SPCLTY_Family Practice,STATE_PA,TRAMADOL
1205802303,GENDER_F,HYDROCODONE,SPCLTY_Dentist,STATE_MI,,,
1205804069,GENDER_M,HYDROCODONE,SPCLTY_Family Practice,STATE_CA,TRAMADOL,,
1205805355,GENDER_M,OXYCODONE,SPCLTY_Psychiatry,STATE_VA,,,
1205807260,GENDER_M,HYDROCODONE,SPCLTY_Pulmonary Disease,STATE_MI,TRAMADOL,,
1205808532,GENDER_M,OXYCODONE,SPCLTY_Gastroenterology,STATE_NY,TRAMADOL,,
1205809167,GENDER_M,HYDROCODONE,SPCLTY_Physician Assistant,STATE_MN,TRAMADOL,,
1205810165,GENDER_F,HYDROCODONE,SPCLTY_Family Practice,STATE_IN,,,
1205812948,GENDER_M,HYDROCODONE,OXYCODONE,SPCLTY_Sports Medicine,STATE_TN,TRAMADOL,
1205813011,FENTANYL,GENDER_M,HYDROCODONE,OXYCODONE,SPCLTY_Emergency Medicine,STATE_WI,TRAMADOL
1205815461,GENDER_F,HYDROCODONE,SPCLTY_Nurse Practitioner,STATE_AZ,,,
1205815537,GENDER_F,HYDROCODONE,OXYCODONE,SPCLTY_General Practice,STATE_OK,TRAMADOL,
1205816485,GENDER_F,HYDROCODONE,OXYCODONE,SPCLTY_Internal Medicine,STATE_FL,TRAMADOL,
1205819943,GENDER_F,SPCLTY_Family Practice,STATE_DC,TRAMADOL,,,
1205820396,FENTANYL,GENDER_M,HYDROCODONE,OXYCODONE,SPCLTY_Family Practice,STATE_WI,TRAMADOL
1205821477,GENDER_M,HYDROCODONE,SPCLTY_Critical Care (Intens,STATE_CA,,,
1205821683,GENDER_M,HYDROCODONE,OXYCODONE,SPCLTY_General Surgery,STATE_FL,TRAMADOL,
1205828985,GENDER_M,HYDROCODONE,SPCLTY_Otolaryngology,STATE_IN,,,
1205830023,GENDER_M,HYDROCODONE,SPCLTY_General Surgery,STATE_MO,,,
1205830791,GENDER_M,HYDROCODONE,SPCLTY_Family Practice,STATE_MN,TRAMADOL,,
1205831864,GENDER_M,HYDROCODONE,SPCLTY_Internal Medicine,STATE_HI,TRAMADOL,,
1205833662,FENTANYL,GENDER_M,HYDROCODONE,OXYCODONE,SPCLTY_Rheumatology,STATE_CA,TRAMADOL
1205835683,FENTANYL,GENDER_M,HYDROCODONE,OXYCODONE,SPCLTY_Radiation Oncology,STATE_KY,
1205836079,GENDER_F,HYDROCODONE,OXYCODONE,SPCLTY_Internal Medicine,STATE_DE,TRAMADOL,
1205837721,GENDER_M,HYDROCODONE,OXYCODONE,SPCLTY_Physician Assistant,STATE_NC,,
1205840568,FENTANYL,GENDER_M,HYDROCODONE,OXYCODONE,SPCLTY_Physician Assistant,STATE_UT,TRAMADOL
1205842887,GENDER_M,HYDROCODONE,SPCLTY_Family Practice,STATE_VA,TRAMADOL,,
1205843893,GENDER_M,OXYCODONE,SPCLTY_Podiatry,STATE_MA,,,
1205847209,GENDER_M,HYDROCODONE,SPCLTY_Podiatry,STATE_CA,,,
1205847902,GENDER_M,HYDROCODONE,OXYCODONE,SPCLTY_Physician Assistant,STATE_NY,,
1205850179,GENDER_M,SPCLTY_Physician Assistant,STATE_FL,TRAMADOL,,,
1205851334,GENDER_M,HYDROCODONE,SPCLTY_Maxillofacial Surgery,STATE_PA,,,
1205851565,GENDER_M,HYDROCODONE,SPCLTY_Emergency Medicine,STATE_FL,TRAMADOL,,
1205852969,GENDER_M,HYDROCODONE,SPCLTY_Physician Assistant,STATE_GA,,,
1205854833,GENDER_M,HYDROCODONE,SPCLTY_Internal Medicine,STATE_CA,TRAMADOL,,
1205855814,GENDER_M,HYDROCODONE,OXYCODONE,SPCLTY_Emergency Medicine,STATE_GA,,
1205855848,GENDER_M,HYDROCODONE,OXYCODONE,SPCLTY_Internal Medicine,STATE_CA,TRAMADOL,
1205858271,GENDER_M,HYDROCODONE,SPCLTY_Emergency Medicine,STATE_TX,,,
1205859956,GENDER_F,HYDROCODONE,SPCLTY_Family Practice,STATE_MI,TRAMADOL,,
1205861168,GENDER_M,OXYCODONE,SPCLTY_Orthopedic Surgery,STATE_NJ,,,
1205862125,FENTANYL,GENDER_M,OXYCODONE,SPCLTY_Hematology/Oncology,STATE_PR,TRAMADOL,
1205866175,GENDER_F,HYDROCODONE,OXYCODONE,SPCLTY_Rheumatology,STATE_OH,TRAMADOL,
1205867082,FENTANYL,GENDER_M,HYDROCODONE,OXYCODONE,SPCLTY_Neurology,STATE_MI,TRAMADOL
1205867488,GENDER_M,HYDROCODONE,SPCLTY_Orthopedic Surgery,STATE_CA,,,
1205868379,FENTANYL,GENDER_M,HYDROCODONE,OXYCODONE,SPCLTY_Internal Medicine,STATE_OK,TRAMADOL
1205870417,GENDER_F,HYDROCODONE,OXYCODONE,SPCLTY_Family Practice,STATE_ID,TRAMADOL,
1205870656,GENDER_M,HYDROCODONE,SPCLTY_Radiation Oncology,STATE_MS,,,
1205872009,GENDER_M,HYDROCODONE,OXYCODONE,SPCLTY_Internal Medicine,STATE_FL,TRAMADOL,
1205872900,FENTANYL,GENDER_F,HYDROCODONE,SPCLTY_Internal Medicine,STATE_TX,TRAMADOL,
1205876513,FENTANYL,GENDER_M,HYDROCODONE,OXYCODONE,SPCLTY_Anesthesiology,STATE_MI,TRAMADOL
1205877198,GENDER_F,HYDROCODONE,OXYCODONE,SPCLTY_Family Practice,STATE_SC,TRAMADOL,
1205878311,GENDER_F,SPCLTY_General Practice,STATE_PR,TRAMADOL,,,
1205878451,GENDER_M,HYDROCODONE,SPCLTY_Family Practice,STATE_CA,TRAMADOL,,
1205879111,GENDER_F,SPCLTY_Rheumatology,STATE_MD,TRAMADOL,,,
1205879467,FENTANYL,GENDER_M,HYDROCODONE,OXYCODONE,SPCLTY_Family Practice,STATE_TN,TRAMADOL
1205882164,GENDER_M,HYDROCODONE,OXYCODONE,SPCLTY_Internal Medicine,STATE_FL,TRAMADOL,
1205883139,GENDER_M,HYDROCODONE,OXYCODONE,SPCLTY_Physical Medicine and,STATE_PA,TRAMADOL,
1205883345,GENDER_M,HYDROCODONE,OXYCODONE,SPCLTY_Internal Medicine,STATE_NY,TRAMADOL,
1205892965,GENDER_M,HYDROCODONE,SPCLTY_Urology,STATE_VA,,,
1205893112,GENDER_M,HYDROCODONE,OXYCODONE,SPCLTY_Family Practice,STATE_KY,,
1205897352,GENDER_F,OXYCODONE,SPCLTY_Hematology/Oncology,STATE_PR,TRAMADOL,,
1205898400,GENDER_F,HYDROCODONE,SPCLTY_Internal Medicine,STATE_IN,,,
1205899267,GENDER_M,HYDROCODONE,SPCLTY_Family Practice,STATE_MS,TRAMADOL,,
1205912136,GENDER_M,HYDROCODONE,OXYCODONE,SPCLTY_Internal Medicine,STATE_CA,,
1205921319,GENDER_F,HYDROCODONE,SPCLTY_Internal Medicine,STATE_IL,TRAMADOL,,
1205922804,GENDER_F,HYDROCODONE,SPCLTY_Nurse Practitioner,STATE_NY,,,
1205923554,FENTANYL,GENDER_M,HYDROCODONE,OXYCODONE,SPCLTY_Family Practice,STATE_AL,TRAMADOL
1205930658,GENDER_M,HYDROCODONE,SPCLTY_Dentist,STATE_CA,,,
1205931185,GENDER_M,HYDROCODONE,SPCLTY_Dentist,STATE_TX,,,
1205933926,GENDER_M,HYDROCODONE,SPCLTY_Dentist,STATE_CA,,,
1205936895,FENTANYL,GENDER_M,HYDROCODONE,SPCLTY_Family Practice,STATE_IL,TRAMADOL,
1205942570,GENDER_M,HYDROCODONE,OXYCODONE,SPCLTY_Emergency Medicine,STATE_OH,,
1205945003,GENDER_F,HYDROCODONE,OXYCODONE,SPCLTY_Orthopedic Surgery,STATE_CA,TRAMADOL,
1205946068,FENTANYL,GENDER_M,HYDROCODONE,OXYCODONE,SPCLTY_Orthopedic Surgery,STATE_CA,
1205946449,GENDER_M,HYDROCODONE,OXYCODONE,SPCLTY_Orthopedic Surgery,STATE_MO,TRAMADOL,
1205956323,GENDER_M,HYDROCODONE,SPCLTY_Orthopedic Surgery,STATE_NC,TRAMADOL,,
1205963451,FENTANYL,GENDER_M,HYDROCODONE,OXYCODONE,SPCLTY_Family Practice,STATE_NY,TRAMADOL
1205965936,GENDER_M,HYDROCODONE,SPCLTY_Neurology,STATE_IL,,,
1205972262,GENDER_M,OXYCODONE,SPCLTY_Plastic and Reconstru,STATE_GA,,,
1205974219,GENDER_F,HYDROCODONE,OXYCODONE,SPCLTY_Physician Assistant,STATE_NC,TRAMADOL,
1205977352,GENDER_F,HYDROCODONE,OXYCODONE,SPCLTY_Family Practice,STATE_OH,,
1205978053,GENDER_M,HYDROCODONE,SPCLTY_Neurosurgery,STATE_CA,,,
1205983194,GENDER_M,HYDROCODONE,OXYCODONE,SPCLTY_Urology,STATE_LA,,
1205986460,GENDER_M,HYDROCODONE,SPCLTY_Internal Medicine,STATE_MT,TRAMADOL,,
1205992609,GENDER_M,OXYCODONE,SPCLTY_Urology,STATE_AZ,,,
1205995701,GENDER_M,HYDROCODONE,SPCLTY_Gastroenterology,STATE_WV,,,
1215002779,GENDER_F,HYDROCODONE,SPCLTY_Physician Assistant,STATE_CT,TRAMADOL,,
1215024765,GENDER_F,HYDROCODONE,SPCLTY_Internal Medicine,STATE_MI,TRAMADOL,,
1215033352,GENDER_M,OXYCODONE,SPCLTY_Nurse Practitioner,STATE_PA,,,
1215033832,GENDER_M,HYDROCODONE,OXYCODONE,SPCLTY_Dentist,STATE_OH,,
1215041397,GENDER_M,HYDROCODONE,OXYCODONE,SPCLTY_Internal Medicine,STATE_CA,TRAMADOL,
1215042155,GENDER_M,HYDROCODONE,SPCLTY_General Surgery,STATE_SC,TRAMADOL,,
1215043807,GENDER_M,HYDROCODONE,OXYCODONE,SPCLTY_Family Practice,STATE_OH,TRAMADOL,
1215044565,GENDER_M,HYDROCODONE,SPCLTY_Podiatry,STATE_MI,,,
1215046388,GENDER_M,HYDROCODONE,SPCLTY_Orthopedic Surgery,STATE_MO,,,
1215048673,GENDER_M,HYDROCODONE,OXYCODONE,SPCLTY_Dermatology,STATE_GA,,
1215050315,GENDER_M,HYDROCODONE,SPCLTY_Neurosurgery,STATE_NC,,,
1215062690,GENDER_F,HYDROCODONE,SPCLTY_Nurse Practitioner,STATE_NY,TRAMADOL,,
1215065875,GENDER_F,HYDROCODONE,SPCLTY_Dentist,STATE_LA,,,
1215069059,GENDER_M,HYDROCODONE,SPCLTY_Internal Medicine,STATE_GA,TRAMADOL,,
1215091889,GENDER_M,HYDROCODONE,OXYCODONE,SPCLTY_Internal Medicine,STATE_NY,,
1215092028,GENDER_F,OXYCODONE,SPCLTY_Internal Medicine,STATE_PR,TRAMADOL,,
1215095336,GENDER_M,HYDROCODONE,OXYCODONE,SPCLTY_Family Practice,STATE_AL,TRAMADOL,
1215095799,GENDER_M,HYDROCODONE,SPCLTY_Psychiatry,STATE_CT,,,
1215097472,GENDER_F,HYDROCODONE,OXYCODONE,SPCLTY_Internal Medicine,STATE_AZ,TRAMADOL,
1215110556,GENDER_F,HYDROCODONE,SPCLTY_Family Practice,STATE_TX,TRAMADOL,,
1215122825,GENDER_F,HYDROCODONE,OXYCODONE,SPCLTY_Internal Medicine,STATE_WV,TRAMADOL,
1215132915,GENDER_F,HYDROCODONE,OXYCODONE,SPCLTY_Family Practice,STATE_HI,,
1215134689,GENDER_F,HYDROCODONE,SPCLTY_Family Practice,STATE_IL,,,
1215135553,GENDER_M,HYDROCODONE,SPCLTY_Emergency Medicine,STATE_MI,TRAMADOL,,
1215136106,GENDER_M,OXYCODONE,SPCLTY_Thoracic Surgery,STATE_WV,,,
1215138656,GENDER_M,HYDROCODONE,SPCLTY_Emergency Medicine,STATE_TX,TRAMADOL,,
1215141387,GENDER_F,HYDROCODONE,SPCLTY_Nurse Practitioner,STATE_TX,TRAMADOL,,
1215142583,GENDER_M,HYDROCODONE,SPCLTY_Dentist,STATE_CA,,,
1215144050,GENDER_F,SPCLTY_Family Practice,STATE_PA,TRAMADOL,,,
1215145941,FENTANYL,GENDER_F,HYDROCODONE,OXYCODONE,SPCLTY_Family Practice,STATE_PA,TRAMADOL
1215146238,GENDER_F,HYDROCODONE,SPCLTY_Family Practice,STATE_AL,,,
1215162540,FENTANYL,GENDER_F,HYDROCODONE,SPCLTY_Nurse Practitioner,STATE_CA,,
1215164108,GENDER_M,HYDROCODONE,SPCLTY_Pain Management,STATE_FL,,,
1215169321,GENDER_M,OXYCODONE,SPCLTY_Internal Medicine,STATE_AZ,TRAMADOL,,
1215170444,GENDER_F,OXYCODONE,SPCLTY_Internal Medicine,STATE_CT,TRAMADOL,,
1215170626,GENDER_M,HYDROCODONE,OXYCODONE,SPCLTY_Internal Medicine,STATE_CA,,
1215174776,GENDER_M,SPCLTY_Nurse Practitioner,STATE_FL,TRAMADOL,,,
1215194691,FENTANYL,GENDER_F,HYDROCODONE,OXYCODONE,SPCLTY_Nurse Practitioner,STATE_TN,TRAMADOL
1215199609,FENTANYL,GENDER_M,HYDROCODONE,OXYCODONE,SPCLTY_Anesthesiology,STATE_FL,TRAMADOL
1215199914,GENDER_F,HYDROCODONE,SPCLTY_Family Practice,STATE_CA,TRAMADOL,,
1215201744,GENDER_M,HYDROCODONE,OXYCODONE,SPCLTY_Physician Assistant,STATE_VA,,
1215231998,GENDER_F,HYDROCODONE,SPCLTY_Internal Medicine,STATE_PA,,,
1215245873,GENDER_F,HYDROCODONE,SPCLTY_Internal Medicine,STATE_NC,,,
1215255633,GENDER_M,HYDROCODONE,SPCLTY_Emergency Medicine,STATE_TX,,,
1215291034,GENDER_M,HYDROCODONE,SPCLTY_Emergency Medicine,STATE_MI,,,
1215292412,GENDER_F,HYDROCODONE,OXYCODONE,SPCLTY_Student in an Organiz,STATE_WV,TRAMADOL,
1215351556,FENTANYL,GENDER_F,HYDROCODONE,OXYCODONE,SPCLTY_Nurse Practitioner,STATE_OH,TRAMADOL
1215358064,GENDER_F,OXYCODONE,SPCLTY_Physician Assistant,STATE_PA,,,
1215362561,GENDER_F,HYDROCODONE,SPCLTY_Nurse Practitioner,STATE_CA,TRAMADOL,,
1215900683,GENDER_M,HYDROCODONE,SPCLTY_Family Practice,STATE_CA,TRAMADOL,,
1215903539,GENDER_M,OXYCODONE,SPCLTY_General Surgery,STATE_MA,,,
1215906771,GENDER_M,HYDROCODONE,SPCLTY_Internal Medicine,STATE_SC,,,
1215908124,GENDER_F,HYDROCODONE,OXYCODONE,SPCLTY_Family Practice,STATE_WI,TRAMADOL,
1215909437,GENDER_F,HYDROCODONE,OXYCODONE,SPCLTY_Internal Medicine,STATE_VA,TRAMADOL,
1215909932,GENDER_M,SPCLTY_Family Practice,STATE_PR,TRAMADOL,,,
1215910682,GENDER_F,HYDROCODONE,SPCLTY_Emergency Medicine,STATE_CA,,,
1215912159,GENDER_M,HYDROCODONE,OXYCODONE,SPCLTY_Orthopedic Surgery,STATE_LA,TRAMADOL,
1215912308,GENDER_M,SPCLTY_Cardiology,STATE_PR,TRAMADOL,,,
1215913546,FENTANYL,GENDER_M,HYDROCODONE,OXYCODONE,SPCLTY_Family Practice,STATE_OH,TRAMADOL
1215913983,GENDER_M,OXYCODONE,SPCLTY_General Surgery,STATE_NY,,,
1215915764,GENDER_M,HYDROCODONE,SPCLTY_Emergency Medicine,STATE_OH,,,
1215916259,GENDER_F,HYDROCODONE,SPCLTY_Emergency Medicine,STATE_IL,,,
1215917687,GENDER_F,HYDROCODONE,OXYCODONE,SPCLTY_Oral Surgery (dentist,STATE_SC,,
1215918008,GENDER_F,HYDROCODONE,OXYCODONE,SPCLTY_Internal Medicine,STATE_AZ,TRAMADOL,
1215918404,GENDER_M,OXYCODONE,SPCLTY_Emergency Medicine,STATE_DC,TRAMADOL,,
1215919048,GENDER_M,HYDROCODONE,SPCLTY_Urology,STATE_MI,,,
1215920186,FENTANYL,GENDER_M,HYDROCODONE,SPCLTY_Family Practice,STATE_PA,TRAMADOL,
1215920202,FENTANYL,GENDER_M,HYDROCODONE,OXYCODONE,SPCLTY_Family Practice,STATE_NM,TRAMADOL
1215920319,GENDER_M,HYDROCODONE,SPCLTY_Family Practice,STATE_CA,TRAMADOL,,
1215921465,GENDER_M,HYDROCODONE,OXYCODONE,SPCLTY_Urology,STATE_NC,,
1215922620,GENDER_F,HYDROCODONE,SPCLTY_Physician Assistant,STATE_IN,,,
1215923479,GENDER_M,OXYCODONE,SPCLTY_Urology,STATE_WA,,,
1215923701,GENDER_M,HYDROCODONE,SPCLTY_Cardiology,STATE_GA,TRAMADOL,,
1215924386,GENDER_M,HYDROCODONE,SPCLTY_Physician Assistant,STATE_MI,,,
1215929138,GENDER_F,SPCLTY_Family Practice,STATE_FL,TRAMADOL,,,
1215930946,FENTANYL,GENDER_M,HYDROCODONE,OXYCODONE,SPCLTY_Internal Medicine,STATE_OH,TRAMADOL
1215933718,GENDER_M,HYDROCODONE,OXYCODONE,SPCLTY_Emergency Medicine,STATE_FL,TRAMADOL,
1215935267,GENDER_M,HYDROCODONE,SPCLTY_Podiatry,STATE_TX,,,
1215935507,GENDER_M,HYDROCODONE,SPCLTY_Family Practice,STATE_GA,TRAMADOL,,
1215935705,FENTANYL,GENDER_M,HYDROCODONE,OXYCODONE,SPCLTY_Family Practice,STATE_IN,TRAMADOL
1215936992,GENDER_M,OXYCODONE,SPCLTY_Orthopedic Surgery,STATE_CT,,,
1215938402,GENDER_M,OXYCODONE,SPCLTY_Orthopedic Surgery,STATE_NY,,,
1215939467,GENDER_M,HYDROCODONE,SPCLTY_Otolaryngology,STATE_IN,,,
1215941539,GENDER_F,HYDROCODONE,OXYCODONE,SPCLTY_Family Practice,STATE_FL,,
1215947544,GENDER_M,HYDROCODONE,SPCLTY_Urology,STATE_GA,,,
1215954912,GENDER_M,HYDROCODONE,OXYCODONE,SPCLTY_Physician Assistant,STATE_OR,TRAMADOL,
1215957337,GENDER_M,HYDROCODONE,OXYCODONE,SPCLTY_Neurosurgery,STATE_PA,,
1215962022,GENDER_M,HYDROCODONE,OXYCODONE,SPCLTY_Physician Assistant,STATE_AK,,
1215962139,GENDER_F,OXYCODONE,SPCLTY_Nurse Practitioner,STATE_CT,,,
1215965520,FENTANYL,GENDER_M,HYDROCODONE,OXYCODONE,SPCLTY_Physician Assistant,STATE_PA,TRAMADOL
1215966577,FENTANYL,GENDER_M,HYDROCODONE,OXYCODONE,SPCLTY_Physical Medicine and,STATE_FL,TRAMADOL
1215966858,FENTANYL,GENDER_M,HYDROCODONE,OXYCODONE,SPCLTY_Family Practice,STATE_IL,TRAMADOL
1215970512,GENDER_M,HYDROCODONE,OXYCODONE,SPCLTY_Family Practice,STATE_PA,TRAMADOL,
1215973524,GENDER_M,HYDROCODONE,SPCLTY_Emergency Medicine,STATE_AL,TRAMADOL,,
1215973805,GENDER_M,HYDROCODONE,OXYCODONE,SPCLTY_Internal Medicine,STATE_NH,TRAMADOL,
1215975040,GENDER_M,HYDROCODONE,OXYCODONE,SPCLTY_Orthopedic Surgery,STATE_FL,TRAMADOL,
1215980834,GENDER_M,HYDROCODONE,SPCLTY_Orthopedic Surgery,STATE_IN,,,
1215987524,GENDER_M,OXYCODONE,SPCLTY_Urology,STATE_FL,,,
1215991989,GENDER_M,OXYCODONE,SPCLTY_Emergency Medicine,STATE_NY,TRAMADOL,,
1215992466,GENDER_F,HYDROCODONE,OXYCODONE,SPCLTY_Family Practice,STATE_OR,TRAMADOL,
1215993084,FENTANYL,GENDER_M,HYDROCODONE,SPCLTY_Family Practice,STATE_TX,,
1215994405,GENDER_F,OXYCODONE,SPCLTY_Family Practice,STATE_RI,TRAMADOL,,
1215999123,GENDER_M,SPCLTY_Gastroenterology,STATE_AZ,TRAMADOL,,,
1225002066,GENDER_M,HYDROCODONE,OXYCODONE,SPCLTY_Family Practice,STATE_MA,TRAMADOL,
1225005804,GENDER_M,HYDROCODONE,SPCLTY_Emergency Medicine,STATE_VA,,,
1225007255,GENDER_F,HYDROCODONE,SPCLTY_Family Practice,STATE_MI,,,
1225007347,GENDER_F,HYDROCODONE,OXYCODONE,SPCLTY_Physician Assistant,STATE_NY,,
1225009061,FENTANYL,GENDER_M,HYDROCODONE,OXYCODONE,SPCLTY_Physician Assistant,STATE_WA,TRAMADOL
1225009194,GENDER_F,OXYCODONE,SPCLTY_Emergency Medicine,STATE_NY,,,
1225010366,GENDER_M,SPCLTY_Internal Medicine,STATE_NJ,TRAMADOL,,,
1225012693,GENDER_M,HYDROCODONE,SPCLTY_Cardiac Surgery,STATE_TN,,,
1225014046,FENTANYL,GENDER_M,HYDROCODONE,OXYCODONE,SPCLTY_Internal Medicine,STATE_LA,TRAMADOL
1225014665,GENDER_F,HYDROCODONE,SPCLTY_Nurse Practitioner,STATE_LA,TRAMADOL,,
1225015589,FENTANYL,GENDER_F,HYDROCODONE,SPCLTY_Hematology/Oncology,STATE_IL,,
1225015852,FENTANYL,GENDER_M,HYDROCODONE,OXYCODONE,SPCLTY_Internal Medicine,STATE_FL,TRAMADOL
1225016454,GENDER_M,HYDROCODONE,OXYCODONE,SPCLTY_Otolaryngology,STATE_GA,,
1225020449,FENTANYL,GENDER_M,HYDROCODONE,OXYCODONE,SPCLTY_Family Practice,STATE_OH,TRAMADOL
1225023955,FENTANYL,GENDER_M,HYDROCODONE,OXYCODONE,SPCLTY_Family Practice,STATE_MO,TRAMADOL
1225024854,GENDER_F,HYDROCODONE,SPCLTY_Neurology,STATE_TX,TRAMADOL,,
1225024961,GENDER_M,HYDROCODONE,SPCLTY_General Surgery,STATE_UT,,,
1225026487,GENDER_M,SPCLTY_Internal Medicine,STATE_PA,TRAMADOL,,,
1225026693,GENDER_M,HYDROCODONE,OXYCODONE,SPCLTY_Emergency Medicine,STATE_FL,TRAMADOL,
1225027402,GENDER_F,OXYCODONE,SPCLTY_Internal Medicine,STATE_PA,,,
1225027931,GENDER_M,HYDROCODONE,OXYCODONE,SPCLTY_Orthopedic Surgery,STATE_UT,TRAMADOL,
1225028921,FENTANYL,GENDER_M,HYDROCODONE,OXYCODONE,SPCLTY_Internal Medicine,STATE_MI,TRAMADOL
1225031776,GENDER_M,HYDROCODONE,SPCLTY_Physician Assistant,STATE_NE,,,
1225031784,FENTANYL,GENDER_M,HYDROCODONE,OXYCODONE,SPCLTY_Pulmonary Disease,STATE_CA,TRAMADOL
1225032899,GENDER_M,SPCLTY_Neurology,STATE_TX,TRAMADOL,,,
1225033566,GENDER_F,HYDROCODONE,SPCLTY_Physician Assistant,STATE_NE,,,
1225033590,GENDER_M,HYDROCODONE,SPCLTY_Ophthalmology,STATE_MS,,,
1225035678,GENDER_M,HYDROCODONE,OXYCODONE,SPCLTY_Hand Surgery,STATE_WI,,
1225037435,GENDER_M,OXYCODONE,SPCLTY_General Surgery,STATE_RI,,,
1225037484,GENDER_F,HYDROCODONE,SPCLTY_Neurology,STATE_VA,TRAMADOL,,
1225037757,GENDER_M,HYDROCODONE,SPCLTY_Urology,STATE_CA,,,
1225039746,FENTANYL,GENDER_M,HYDROCODONE,SPCLTY_Internal Medicine,STATE_AR,TRAMADOL,
1225040884,GENDER_M,HYDROCODONE,SPCLTY_Oral Surgery (dentist,STATE_CT,,,
1225041353,GENDER_M,HYDROCODONE,SPCLTY_Psychiatry,STATE_MI,,,
1225045677,FENTANYL,GENDER_F,HYDROCODONE,OXYCODONE,SPCLTY_Internal Medicine,STATE_OH,TRAMADOL
1225047301,GENDER_M,HYDROCODONE,OXYCODONE,SPCLTY_Urology,STATE_GA,,
1225048291,GENDER_M,HYDROCODONE,SPCLTY_Family Practice,STATE_MS,,,
1225050123,FENTANYL,GENDER_M,HYDROCODONE,OXYCODONE,SPCLTY_Internal Medicine,STATE_VT,TRAMADOL
1225053960,GENDER_M,HYDROCODONE,SPCLTY_Physician Assistant,STATE_MI,TRAMADOL,,
1225054216,GENDER_F,HYDROCODONE,SPCLTY_Nephrology,STATE_GA,TRAMADOL,,
1225054323,GENDER_M,HYDROCODONE,SPCLTY_Nephrology,STATE_TX,TRAMADOL,,
1225056807,FENTANYL,GENDER_M,HYDROCODONE,SPCLTY_Family Practice,STATE_CA,TRAMADOL,
1225057516,GENDER_F,HYDROCODONE,SPCLTY_Family Practice,STATE_TX,TRAMADOL,,
1225063027,GENDER_F,OXYCODONE,SPCLTY_Family Practice,STATE_PA,,,
1225063449,GENDER_F,HYDROCODONE,SPCLTY_Emergency Medicine,STATE_AL,,,
1225066830,GENDER_M,HYDROCODONE,SPCLTY_Neurology,STATE_OK,,,
1225069065,FENTANYL,GENDER_M,HYDROCODONE,OXYCODONE,SPCLTY_Interventional Pain M,STATE_LA,TRAMADOL
1225069263,GENDER_M,HYDROCODONE,SPCLTY_Emergency Medicine,STATE_LA,TRAMADOL,,
1225069677,GENDER_M,OXYCODONE,SPCLTY_Emergency Medicine,STATE_MS,,,
1225071749,GENDER_M,HYDROCODONE,OXYCODONE,SPCLTY_General Practice,STATE_PA,TRAMADOL,
1225072614,GENDER_M,SPCLTY_Physician Assistant,STATE_AR,TRAMADOL,,,
1225073398,GENDER_M,SPCLTY_Family Practice,STATE_WA,TRAMADOL,,,
1225073703,GENDER_F,HYDROCODONE,OXYCODONE,SPCLTY_Emergency Medicine,STATE_MD,,
1225074941,GENDER_F,OXYCODONE,SPCLTY_General Surgery,STATE_NY,,,
1225078371,GENDER_M,HYDROCODONE,OXYCODONE,SPCLTY_Orthopedic Surgery,STATE_WA,TRAMADOL,
1225079817,GENDER_F,HYDROCODONE,OXYCODONE,SPCLTY_Family Practice,STATE_IA,TRAMADOL,
1225080096,GENDER_M,SPCLTY_Neurology,STATE_NY,TRAMADOL,,,
1225091911,GENDER_M,HYDROCODONE,SPCLTY_Dentist,STATE_VA,,,
1225096274,GENDER_F,OXYCODONE,SPCLTY_Emergency Medicine,STATE_MA,,,
1225096548,GENDER_M,HYDROCODONE,SPCLTY_Dentist,STATE_LA,,,
1225097819,GENDER_M,HYDROCODONE,SPCLTY_Internal Medicine,STATE_IL,TRAMADOL,,
1225098783,GENDER_M,HYDROCODONE,SPCLTY_Urology,STATE_MI,,,
1225099104,GENDER_M,HYDROCODONE,SPCLTY_Internal Medicine,STATE_FL,,,
1225100910,GENDER_M,HYDROCODONE,OXYCODONE,SPCLTY_Internal Medicine,STATE_FL,TRAMADOL,
1225101371,GENDER_M,HYDROCODONE,SPCLTY_Family Practice,STATE_GA,TRAMADOL,,
1225102908,GENDER_M,HYDROCODONE,OXYCODONE,SPCLTY_Internal Medicine,STATE_GA,TRAMADOL,
1225104912,GENDER_M,HYDROCODONE,OXYCODONE,SPCLTY_Internal Medicine,STATE_MA,TRAMADOL,
1225108855,FENTANYL,GENDER_F,HYDROCODONE,OXYCODONE,SPCLTY_Internal Medicine,STATE_IL,TRAMADOL
1225109101,GENDER_M,HYDROCODONE,SPCLTY_Emergency Medicine,STATE_CA,,,
1225109630,GENDER_F,HYDROCODONE,SPCLTY_Nurse Practitioner,STATE_MI,TRAMADOL,,
1225110331,FENTANYL,GENDER_M,HYDROCODONE,OXYCODONE,SPCLTY_General Practice,STATE_CA,TRAMADOL
1225111321,FENTANYL,GENDER_M,HYDROCODONE,OXYCODONE,SPCLTY_Family Practice,STATE_NE,TRAMADOL
1225119399,GENDER_F,HYDROCODONE,OXYCODONE,SPCLTY_Orthopedic Surgery,STATE_SC,TRAMADOL,
1225128465,GENDER_F,HYDROCODONE,SPCLTY_Nurse Practitioner,STATE_CA,TRAMADOL,,
1225130800,GENDER_M,HYDROCODONE,OXYCODONE,SPCLTY_Urology,STATE_GA,,
1225133788,GENDER_M,HYDROCODONE,SPCLTY_Urology,STATE_CA,,,
1225135221,GENDER_M,HYDROCODONE,OXYCODONE,SPCLTY_Family Practice,STATE_WA,TRAMADOL,
1225135346,GENDER_M,SPCLTY_General Practice,STATE_FL,TRAMADOL,,,
1225135940,GENDER_M,HYDROCODONE,SPCLTY_Family Practice,STATE_IL,TRAMADOL,,
1225137318,GENDER_M,HYDROCODONE,SPCLTY_Dentist,STATE_AR,,,
1225138464,GENDER_M,HYDROCODONE,SPCLTY_Internal Medicine,STATE_TX,,,
1225139041,GENDER_F,HYDROCODONE,OXYCODONE,SPCLTY_Licensed Practical Nu,STATE_NY,,
1225141609,GENDER_M,HYDROCODONE,OXYCODONE,SPCLTY_Internal Medicine,STATE_IA,TRAMADOL,
1225145758,GENDER_M,HYDROCODONE,OXYCODONE,SPCLTY_General Surgery,STATE_WI,,
1225158082,GENDER_M,HYDROCODONE,OXYCODONE,SPCLTY_General Practice,STATE_NY,TRAMADOL,
1225163728,GENDER_M,OXYCODONE,SPCLTY_Legal Medicine,STATE_PR,TRAMADOL,,
1225164999,GENDER_M,SPCLTY_Anesthesiology,STATE_CA,TRAMADOL,,,
1225168693,GENDER_F,HYDROCODONE,SPCLTY_Nurse Practitioner,STATE_CA,TRAMADOL,,
1225170202,GENDER_M,HYDROCODONE,SPCLTY_Oral Surgery (dentist,STATE_CA,,,
1225170541,GENDER_F,SPCLTY_Nurse Practitioner,STATE_CA,TRAMADOL,,,
1225180680,GENDER_M,HYDROCODONE,SPCLTY_Internal Medicine,STATE_TX,TRAMADOL,,
1225188535,GENDER_F,HYDROCODONE,SPCLTY_Internal Medicine,STATE_PA,,,
1225189244,GENDER_M,HYDROCODONE,SPCLTY_Dentist,STATE_MS,,,
1225193451,GENDER_M,OXYCODONE,SPCLTY_Nephrology,STATE_NJ,,,
1225200256,GENDER_F,HYDROCODONE,OXYCODONE,SPCLTY_Family Practice,STATE_WA,TRAMADOL,
1225202575,GENDER_M,HYDROCODONE,OXYCODONE,SPCLTY_Osteopathic Manipulat,STATE_FL,TRAMADOL,
1225205990,GENDER_M,HYDROCODONE,SPCLTY_Student in an Organiz,STATE_NY,,,
1225218746,GENDER_F,HYDROCODONE,SPCLTY_Nurse Practitioner,STATE_IN,,,
1225228851,GENDER_M,HYDROCODONE,SPCLTY_Emergency Medicine,STATE_CA,,,
1225235179,FENTANYL,GENDER_M,HYDROCODONE,OXYCODONE,SPCLTY_Interventional Pain M,STATE_TX,TRAMADOL
1225237167,GENDER_F,HYDROCODONE,SPCLTY_Emergency Medicine,STATE_TX,TRAMADOL,,
1225242696,GENDER_M,HYDROCODONE,OXYCODONE,SPCLTY_Plastic and Reconstru,STATE_PA,,
1225242985,GENDER_M,OXYCODONE,SPCLTY_General Surgery,STATE_AZ,,,
1225244171,GENDER_M,HYDROCODONE,SPCLTY_Dentist,STATE_CT,,,
1225259344,GENDER_M,HYDROCODONE,SPCLTY_Dentist,STATE_TN,,,
1225262033,GENDER_F,OXYCODONE,SPCLTY_General Surgery,STATE_KY,,,
1225262777,GENDER_M,OXYCODONE,SPCLTY_Otolaryngology,STATE_SC,,,
1225265051,FENTANYL,GENDER_M,HYDROCODONE,OXYCODONE,SPCLTY_Internal Medicine,STATE_MA,TRAMADOL
1225270879,GENDER_M,OXYCODONE,SPCLTY_Internal Medicine,STATE_NY,,,
1225275092,GENDER_F,OXYCODONE,SPCLTY_Physician Assistant,STATE_OR,,,
1225284813,GENDER_F,SPCLTY_General Practice,STATE_PR,TRAMADOL,,,
1225288202,GENDER_M,HYDROCODONE,SPCLTY_Dentist,STATE_ID,,,
1225291727,FENTANYL,GENDER_M,HYDROCODONE,OXYCODONE,SPCLTY_Internal Medicine,STATE_UT,TRAMADOL
1225293673,GENDER_F,HYDROCODONE,SPCLTY_Nurse Practitioner,STATE_MI,,,
1225293764,GENDER_F,SPCLTY_Nurse Practitioner,STATE_FL,TRAMADOL,,,
1225294531,FENTANYL,GENDER_F,HYDROCODONE,OXYCODONE,SPCLTY_Physician Assistant,STATE_NH,TRAMADOL
1225295868,GENDER_M,OXYCODONE,SPCLTY_Plastic and Reconstru,STATE_NY,,,
1225298524,FENTANYL,GENDER_F,HYDROCODONE,OXYCODONE,SPCLTY_Family Practice,STATE_PA,TRAMADOL
1225299159,GENDER_M,HYDROCODONE,SPCLTY_Emergency Medicine,STATE_NV,,,
1225302961,GENDER_F,HYDROCODONE,SPCLTY_Nurse Practitioner,STATE_NC,TRAMADOL,,
1225312119,GENDER_F,HYDROCODONE,SPCLTY_Nurse Practitioner,STATE_TN,,,
1225312739,GENDER_F,HYDROCODONE,SPCLTY_Dentist,STATE_TX,,,
1225315229,GENDER_F,HYDROCODONE,OXYCODONE,SPCLTY_Physician Assistant,STATE_NV,TRAMADOL,
1225320278,GENDER_M,HYDROCODONE,OXYCODONE,SPCLTY_Student in an Organiz,STATE_NM,,
1225324387,GENDER_M,HYDROCODONE,SPCLTY_Orthopaedic Surgery,STATE_OR,,,
1225324601,GENDER_M,HYDROCODONE,SPCLTY_Emergency Medicine,STATE_MI,,,
1225339344,FENTANYL,GENDER_F,HYDROCODONE,SPCLTY_Nurse Practitioner,STATE_WI,TRAMADOL,
1225348683,GENDER_M,HYDROCODONE,SPCLTY_Physician Assistant,STATE_WV,TRAMADOL,,
1225353972,GENDER_M,HYDROCODONE,OXYCODONE,SPCLTY_Emergency Medicine,STATE_NM,,
1225361041,GENDER_F,SPCLTY_Nurse Practitioner,STATE_FL,TRAMADOL,,,
1225364557,GENDER_F,HYDROCODONE,OXYCODONE,SPCLTY_Physician Assistant,STATE_CT,TRAMADOL,
1225368368,GENDER_F,HYDROCODONE,SPCLTY_Nurse Practitioner,STATE_OR,,,
1225374465,GENDER_F,HYDROCODONE,SPCLTY_Physician Assistant,STATE_IN,,,
1225375520,FENTANYL,GENDER_F,HYDROCODONE,OXYCODONE,SPCLTY_Nurse Practitioner,STATE_VA,TRAMADOL
1225384449,FENTANYL,GENDER_M,HYDROCODONE,OXYCODONE,SPCLTY_Nurse Practitioner,STATE_OH,TRAMADOL
1225384639,GENDER_F,HYDROCODONE,OXYCODONE,SPCLTY_Physician Assistant,STATE_NY,,
1225394596,GENDER_F,OXYCODONE,SPCLTY_Student in an Organiz,STATE_OH,,,
1225471725,GENDER_F,SPCLTY_Nurse Practitioner,STATE_AL,TRAMADOL,,,
1235100660,GENDER_F,HYDROCODONE,SPCLTY_Hematology/Oncology,STATE_NE,,,
1235101031,GENDER_M,HYDROCODONE,SPCLTY_Dentist,STATE_MO,,,
1235102617,GENDER_F,HYDROCODONE,SPCLTY_General Surgery,STATE_TN,TRAMADOL,,
1235102674,GENDER_M,HYDROCODONE,OXYCODONE,SPCLTY_Family Practice,STATE_MS,TRAMADOL,
1235103243,GENDER_M,SPCLTY_Cardiology,STATE_NJ,TRAMADOL,,,
1235105560,GENDER_F,HYDROCODONE,OXYCODONE,SPCLTY_Physician Assistant,STATE_PA,,
1235108754,GENDER_F,HYDROCODONE,SPCLTY_Family Practice,STATE_TX,TRAMADOL,,
1235110594,GENDER_M,HYDROCODONE,OXYCODONE,SPCLTY_Internal Medicine,STATE_MA,TRAMADOL,
1235110693,GENDER_M,HYDROCODONE,SPCLTY_General Surgery,STATE_OH,,,
1235110875,GENDER_M,SPCLTY_Physician Assistant,STATE_VA,TRAMADOL,,,
1235111337,GENDER_F,HYDROCODONE,OXYCODONE,SPCLTY_Internal Medicine,STATE_NJ,TRAMADOL,
1235113085,GENDER_F,HYDROCODONE,OXYCODONE,SPCLTY_Nurse Practitioner,STATE_CO,,
1235114372,GENDER_F,HYDROCODONE,OXYCODONE,SPCLTY_General Surgery,STATE_NC,,
1235115486,GENDER_M,HYDROCODONE,SPCLTY_Obstetrics/Gynecology,STATE_LA,,,
1235117334,FENTANYL,GENDER_F,HYDROCODONE,SPCLTY_Family Practice,STATE_OH,TRAMADOL,
1235119470,GENDER_M,HYDROCODONE,OXYCODONE,SPCLTY_Emergency Medicine,STATE_FL,TRAMADOL,
1235120734,FENTANYL,GENDER_F,HYDROCODONE,OXYCODONE,SPCLTY_Family Practice,STATE_CA,TRAMADOL
1235121633,GENDER_M,HYDROCODONE,SPCLTY_Orthopedic Surgery,STATE_NY,,,
1235123316,GENDER_M,HYDROCODONE,SPCLTY_Internal Medicine,STATE_TX,,,
1235124207,GENDER_M,HYDROCODONE,OXYCODONE,SPCLTY_Internal Medicine,STATE_TN,TRAMADOL,
1235124835,GENDER_M,HYDROCODONE,SPCLTY_Ophthalmology,STATE_CA,,,
1235125543,GENDER_F,HYDROCODONE,OXYCODONE,SPCLTY_Family Practice,STATE_PA,TRAMADOL,
1235126228,GENDER_M,OXYCODONE,SPCLTY_Radiation Oncology,STATE_FL,,,
1235127077,GENDER_M,HYDROCODONE,OXYCODONE,SPCLTY_Internal Medicine,STATE_MI,TRAMADOL,
1235131392,GENDER_M,HYDROCODONE,OXYCODONE,SPCLTY_Oral Surgery (dentist,STATE_AK,,
1235131467,FENTANYL,GENDER_M,HYDROCODONE,OXYCODONE,SPCLTY_Internal Medicine,STATE_NY,TRAMADOL
1235132549,GENDER_M,OXYCODONE,SPCLTY_General Surgery,STATE_FL,,,
1235133190,FENTANYL,GENDER_M,HYDROCODONE,OXYCODONE,SPCLTY_Family Practice,STATE_MI,TRAMADOL
1235134115,FENTANYL,GENDER_F,HYDROCODONE,OXYCODONE,SPCLTY_Internal Medicine,STATE_SD,TRAMADOL
1235134552,GENDER_M,HYDROCODONE,OXYCODONE,SPCLTY_Family Practice,STATE_AZ,TRAMADOL,
1235136151,GENDER_M,HYDROCODONE,OXYCODONE,SPCLTY_General Surgery,STATE_FL,,
1235139304,GENDER_F,OXYCODONE,SPCLTY_Surgical Oncology,STATE_TX,,,
1235145335,GENDER_M,HYDROCODONE,OXYCODONE,SPCLTY_Family Practice,STATE_AL,,
1235148388,GENDER_M,HYDROCODONE,OXYCODONE,SPCLTY_Internal Medicine,STATE_PA,TRAMADOL,
1235150350,GENDER_F,HYDROCODONE,SPCLTY_Internal Medicine,STATE_IL,,,
1235151838,GENDER_M,HYDROCODONE,SPCLTY_Otolaryngology,STATE_CT,,,
1235159930,GENDER_M,HYDROCODONE,SPCLTY_Oral Surgery (dentist,STATE_IN,,,
1235162165,FENTANYL,GENDER_M,HYDROCODONE,OXYCODONE,SPCLTY_Physical Medicine and,STATE_LA,TRAMADOL
1235163817,GENDER_M,HYDROCODONE,OXYCODONE,SPCLTY_Family Practice,STATE_NJ,TRAMADOL,
1235167602,GENDER_M,HYDROCODONE,SPCLTY_Maxillofacial Surgery,STATE_IL,,,
1235169814,GENDER_M,OXYCODONE,SPCLTY_Emergency Medicine,STATE_FL,,,
1235170481,GENDER_M,HYDROCODONE,OXYCODONE,SPCLTY_Emergency Medicine,STATE_FL,TRAMADOL,
1235173048,GENDER_M,HYDROCODONE,OXYCODONE,SPCLTY_Obstetrics/Gynecology,STATE_SC,,
1235176801,GENDER_M,HYDROCODONE,SPCLTY_Emergency Medicine,STATE_MT,,,
1235179144,GENDER_M,HYDROCODONE,SPCLTY_Orthopedic Surgery,STATE_CA,,,
1235181082,GENDER_M,OXYCODONE,SPCLTY_Emergency Medicine,STATE_MA,,,
1235186776,GENDER_F,OXYCODONE,SPCLTY_Physician Assistant,STATE_MD,,,
1235188863,GENDER_M,HYDROCODONE,SPCLTY_Plastic and Reconstru,STATE_KY,,,
1235193624,GENDER_F,SPCLTY_Internal Medicine,STATE_NY,TRAMADOL,,,
1235193707,GENDER_F,HYDROCODONE,OXYCODONE,SPCLTY_Family Practice,STATE_RI,TRAMADOL,
1235195041,GENDER_M,HYDROCODONE,SPCLTY_Family Practice,STATE_SD,TRAMADOL,,
1235195496,FENTANYL,GENDER_M,SPCLTY_Internal Medicine,STATE_AZ,TRAMADOL,,
1235196148,GENDER_M,HYDROCODONE,SPCLTY_Diagnostic Radiology,STATE_TX,,,
1235201740,GENDER_F,SPCLTY_Physician Assistant,STATE_VT,TRAMADOL,,,
1235206236,GENDER_M,HYDROCODONE,SPCLTY_Emergency Medicine,STATE_CA,,,
1235208299,GENDER_F,HYDROCODONE,SPCLTY_Family Practice,STATE_CA,TRAMADOL,,
1235209107,GENDER_F,HYDROCODONE,SPCLTY_Emergency Medicine,STATE_NC,TRAMADOL,,
1235209354,GENDER_F,HYDROCODONE,SPCLTY_Internal Medicine,STATE_MI,TRAMADOL,,
1235209412,GENDER_F,OXYCODONE,SPCLTY_Nurse Practitioner,STATE_NY,,,
1235210121,GENDER_M,SPCLTY_Family Practice,STATE_TX,TRAMADOL,,,
1235211095,FENTANYL,GENDER_M,HYDROCODONE,OXYCODONE,SPCLTY_Orthopedic Surgery,STATE_LA,TRAMADOL
1235216763,GENDER_M,HYDROCODONE,OXYCODONE,SPCLTY_Family Practice,STATE_IN,TRAMADOL,
1235217712,GENDER_M,HYDROCODONE,SPCLTY_Medical Oncology,STATE_CA,,,
1235217944,GENDER_M,HYDROCODONE,SPCLTY_Internal Medicine,STATE_NV,TRAMADOL,,
1235219957,GENDER_M,HYDROCODONE,SPCLTY_Internal Medicine,STATE_NY,TRAMADOL,,
1235220294,GENDER_M,HYDROCODONE,SPCLTY_General Practice,STATE_AZ,,,
1235220468,FENTANYL,GENDER_M,HYDROCODONE,OXYCODONE,SPCLTY_Anesthesiology,STATE_TX,TRAMADOL
1235226887,GENDER_M,HYDROCODONE,SPCLTY_Internal Medicine,STATE_TX,,,
1235233552,GENDER_F,HYDROCODONE,SPCLTY_Physician Assistant,STATE_TX,TRAMADOL,,
1235234006,GENDER_F,HYDROCODONE,OXYCODONE,SPCLTY_Nurse Practitioner,STATE_NH,TRAMADOL,
1235241837,GENDER_M,HYDROCODONE,SPCLTY_Internal Medicine,STATE_IL,TRAMADOL,,
1235242447,GENDER_F,HYDROCODONE,OXYCODONE,SPCLTY_Family Practice,STATE_WA,TRAMADOL,
1235242967,GENDER_F,OXYCODONE,SPCLTY_Nurse Practitioner,STATE_NY,,,
1235243585,GENDER_F,HYDROCODONE,OXYCODONE,SPCLTY_Family Practice,STATE_WA,,
1235243650,GENDER_M,HYDROCODONE,OXYCODONE,SPCLTY_General Practice,STATE_WY,TRAMADOL,
1235244385,GENDER_M,HYDROCODONE,SPCLTY_Dentist,STATE_MO,,,
1235245127,FENTANYL,GENDER_F,OXYCODONE,SPCLTY_Family Practice,STATE_MD,TRAMADOL,
1235246075,GENDER_M,HYDROCODONE,OXYCODONE,SPCLTY_Family Practice,STATE_CO,TRAMADOL,
1235247040,GENDER_F,HYDROCODONE,SPCLTY_Physician Assistant,STATE_CA,,,
1235247198,GENDER_F,HYDROCODONE,SPCLTY_Cardiology,STATE_SC,,,
1235255332,GENDER_M,HYDROCODONE,OXYCODONE,SPCLTY_Physical Medicine and,STATE_OH,,
1235257593,FENTANYL,GENDER_M,SPCLTY_Family Practice,STATE_OK,,,
1235276056,GENDER_M,OXYCODONE,SPCLTY_Plastic and Reconstru,STATE_FL,,,
1235283599,GENDER_M,HYDROCODONE,SPCLTY_Dentist,STATE_GA,,,
1235284084,GENDER_F,HYDROCODONE,OXYCODONE,SPCLTY_Internal Medicine,STATE_NC,TRAMADOL,
1235285651,GENDER_F,HYDROCODONE,SPCLTY_Oral Surgery (dentist,STATE_NY,,,
1235288630,FENTANYL,GENDER_M,HYDROCODONE,OXYCODONE,SPCLTY_Family Practice,STATE_CA,TRAMADOL
1235291048,FENTANYL,GENDER_F,HYDROCODONE,OXYCODONE,SPCLTY_Family Practice,STATE_WI,TRAMADOL
1235292715,GENDER_F,OXYCODONE,SPCLTY_Family Practice,STATE_NC,TRAMADOL,,
1235317744,GENDER_M,HYDROCODONE,SPCLTY_Dentist,STATE_CA,,,
1235320722,GENDER_M,HYDROCODONE,SPCLTY_Family Practice,STATE_CA,,,
1235322546,GENDER_M,OXYCODONE,SPCLTY_General Surgery,STATE_CT,,,
1235331463,GENDER_M,HYDROCODONE,SPCLTY_Dentist,STATE_IN,,,
1235334624,GENDER_M,HYDROCODONE,SPCLTY_Family Practice,STATE_TX,TRAMADOL,,
1235335472,GENDER_F,HYDROCODONE,OXYCODONE,SPCLTY_Gynecological/Oncolog,STATE_TX,,
1235338310,GENDER_M,HYDROCODONE,SPCLTY_Dentist,STATE_TX,,,
1235340589,GENDER_F,HYDROCODONE,SPCLTY_Internal Medicine,STATE_TX,TRAMADOL,,
1235355397,GENDER_M,HYDROCODONE,OXYCODONE,SPCLTY_Orthopedic Surgery,STATE_FL,TRAMADOL,
1235356585,GENDER_F,HYDROCODONE,SPCLTY_Physician Assistant,STATE_WA,,,
1235358003,GENDER_F,HYDROCODONE,SPCLTY_Nurse Practitioner,STATE_LA,,,
1235365990,GENDER_F,OXYCODONE,SPCLTY_Unknown Physician Spe,STATE_CA,,,
1235370461,FENTANYL,GENDER_M,HYDROCODONE,OXYCODONE,SPCLTY_Family Practice,STATE_NY,TRAMADOL
1235370933,GENDER_M,OXYCODONE,SPCLTY_Internal Medicine,STATE_RI,,,
1235373135,GENDER_M,HYDROCODONE,OXYCODONE,SPCLTY_Family Practice,STATE_WA,,
1235375494,GENDER_F,HYDROCODONE,SPCLTY_Nurse Practitioner,STATE_TN,TRAMADOL,,
1235375585,GENDER_M,HYDROCODONE,SPCLTY_General Surgery,STATE_MI,,,
1235394172,GENDER_M,HYDROCODONE,SPCLTY_Dentist,STATE_FL,,,
1235394321,GENDER_M,HYDROCODONE,OXYCODONE,SPCLTY_Nurse Practitioner,STATE_WA,,
1235395799,GENDER_M,HYDROCODONE,SPCLTY_Family Practice,STATE_CA,,,
1235396086,GENDER_F,HYDROCODONE,SPCLTY_Dentist,STATE_FL,,,
1235396433,GENDER_F,OXYCODONE,SPCLTY_Emergency Medicine,STATE_DE,,,
1235413329,GENDER_F,HYDROCODONE,SPCLTY_Nurse Practitioner,STATE_LA,TRAMADOL,,
1235416090,GENDER_F,OXYCODONE,SPCLTY_Physician Assistant,STATE_IA,,,
1235423658,GENDER_F,HYDROCODONE,SPCLTY_Nurse Practitioner,STATE_LA,TRAMADOL,,
1235425786,GENDER_F,SPCLTY_Family Practice,STATE_NC,TRAMADOL,,,
1235426149,GENDER_M,OXYCODONE,SPCLTY_Oral Surgery (dentist,STATE_NC,,,
1235426800,GENDER_F,OXYCODONE,SPCLTY_Nurse Practitioner,STATE_PA,,,
1235428731,GENDER_F,HYDROCODONE,SPCLTY_Nurse Practitioner,STATE_AL,TRAMADOL,,
1235433608,GENDER_M,HYDROCODONE,SPCLTY_Physician Assistant,STATE_CO,,,
1235435009,FENTANYL,GENDER_F,HYDROCODONE,OXYCODONE,SPCLTY_Nurse Practitioner,STATE_WA,TRAMADOL
1235439373,GENDER_M,SPCLTY_General Practice,STATE_PR,TRAMADOL,,,
1235469404,GENDER_F,HYDROCODONE,SPCLTY_Nurse Practitioner,STATE_NY,,,
1235469974,GENDER_M,HYDROCODONE,SPCLTY_General Surgery,STATE_NY,,,
1235481771,GENDER_F,HYDROCODONE,SPCLTY_Nurse Practitioner,STATE_OK,,,
1235489535,GENDER_F,SPCLTY_Nurse Practitioner,STATE_TX,TRAMADOL,,,
1235545658,GENDER_F,HYDROCODONE,SPCLTY_Nurse Practitioner,STATE_NC,TRAMADOL,,
1235570052,GENDER_M,HYDROCODONE,SPCLTY_Family Practice,STATE_MI,,,
1245201763,FENTANYL,GENDER_M,HYDROCODONE,OXYCODONE,SPCLTY_Physical Medicine and,STATE_FL,TRAMADOL
1245203686,GENDER_M,OXYCODONE,SPCLTY_Internal Medicine,STATE_NY,TRAMADOL,,
1245206820,GENDER_M,HYDROCODONE,OXYCODONE,SPCLTY_Orthopedic Surgery,STATE_VA,,
1245208081,GENDER_M,HYDROCODONE,OXYCODONE,SPCLTY_Internal Medicine,STATE_PA,TRAMADOL,
1245208982,GENDER_F,SPCLTY_Cardiology,STATE_MD,TRAMADOL,,,
1245210012,GENDER_M,HYDROCODONE,SPCLTY_Nurse Practitioner,STATE_VA,,,
1245210772,GENDER_M,HYDROCODONE,SPCLTY_Thoracic Surgery,STATE_NE,,,
1245211614,GENDER_M,HYDROCODONE,OXYCODONE,SPCLTY_Internal Medicine,STATE_CA,TRAMADOL,
1245214238,GENDER_M,HYDROCODONE,OXYCODONE,SPCLTY_Neurosurgery,STATE_CA,TRAMADOL,
1245218551,GENDER_M,OXYCODONE,SPCLTY_Nurse Practitioner,STATE_MD,TRAMADOL,,
1245223734,FENTANYL,GENDER_F,HYDROCODONE,SPCLTY_Internal Medicine,STATE_IL,TRAMADOL,
1245224229,GENDER_M,HYDROCODONE,SPCLTY_Family Practice,STATE_AR,TRAMADOL,,
1245227784,GENDER_M,HYDROCODONE,OXYCODONE,SPCLTY_Podiatry,STATE_TN,,
1245230051,GENDER_F,HYDROCODONE,OXYCODONE,SPCLTY_Family Practice,STATE_WA,,
1245230705,GENDER_M,HYDROCODONE,SPCLTY_Urology,STATE_OK,,,
1245230994,GENDER_M,HYDROCODONE,OXYCODONE,SPCLTY_Otolaryngology,STATE_FL,,
1245232032,GENDER_M,SPCLTY_Pulmonary Disease,STATE_NJ,TRAMADOL,,,
1245232461,GENDER_M,HYDROCODONE,SPCLTY_Orthopedic Surgery,STATE_TX,TRAMADOL,,
1245233485,GENDER_M,HYDROCODONE,SPCLTY_Emergency Medicine,STATE_NV,,,
1245233766,GENDER_M,HYDROCODONE,OXYCODONE,SPCLTY_Family Practice,STATE_OH,TRAMADOL,
1245234962,GENDER_M,HYDROCODONE,SPCLTY_Thoracic Surgery,STATE_CA,,,
1245235951,GENDER_M,HYDROCODONE,OXYCODONE,SPCLTY_Emergency Medicine,STATE_NC,,
1245240969,GENDER_F,OXYCODONE,SPCLTY_Psychiatry,STATE_NC,TRAMADOL,,
1245250455,GENDER_M,HYDROCODONE,SPCLTY_Physician Assistant,STATE_CA,TRAMADOL,,
1245254127,GENDER_M,OXYCODONE,SPCLTY_Internal Medicine,STATE_AZ,,,
1245256510,GENDER_F,HYDROCODONE,SPCLTY_Emergency Medicine,STATE_NC,TRAMADOL,,
1245258987,GENDER_F,HYDROCODONE,OXYCODONE,SPCLTY_General Surgery,STATE_AL,,
1245260157,FENTANYL,GENDER_M,HYDROCODONE,OXYCODONE,SPCLTY_Neurology,STATE_CT,TRAMADOL
1245263771,GENDER_M,OXYCODONE,SPCLTY_Family Practice,STATE_NJ,TRAMADOL,,
1245267913,GENDER_M,HYDROCODONE,OXYCODONE,SPCLTY_Orthopedic Surgery,STATE_NY,TRAMADOL,
1245268937,GENDER_M,HYDROCODONE,SPCLTY_General Practice,STATE_MS,TRAMADOL,,
1245270453,FENTANYL,GENDER_M,HYDROCODONE,OXYCODONE,SPCLTY_Internal Medicine,STATE_FL,TRAMADOL
1245270529,GENDER_F,HYDROCODONE,SPCLTY_Nurse Practitioner,STATE_TN,,,
1245270925,FENTANYL,GENDER_M,OXYCODONE,SPCLTY_Family Practice,STATE_NJ,TRAMADOL,
1245271691,GENDER_M,HYDROCODONE,OXYCODONE,SPCLTY_Family Practice,STATE_IN,TRAMADOL,
1245271790,GENDER_M,HYDROCODONE,OXYCODONE,SPCLTY_Internal Medicine,STATE_OK,TRAMADOL,
1245274281,GENDER_M,HYDROCODONE,SPCLTY_Internal Medicine,STATE_MS,,,
1245276187,GENDER_M,HYDROCODONE,OXYCODONE,SPCLTY_Orthopedic Surgery,STATE_CA,,
1245276823,GENDER_M,HYDROCODONE,OXYCODONE,SPCLTY_Internal Medicine,STATE_CA,,
1245277300,FENTANYL,GENDER_M,HYDROCODONE,OXYCODONE,SPCLTY_Internal Medicine,STATE_TX,TRAMADOL
1245278100,GENDER_F,HYDROCODONE,OXYCODONE,SPCLTY_General Surgery,STATE_AL,TRAMADOL,
1245279876,GENDER_M,SPCLTY_Endocrinology,STATE_OH,TRAMADOL,,,
1245280155,FENTANYL,GENDER_M,HYDROCODONE,SPCLTY_Family Practice,STATE_IL,TRAMADOL,
1245281005,GENDER_M,HYDROCODONE,SPCLTY_Family Practice,STATE_VA,TRAMADOL,,
1245282862,FENTANYL,GENDER_M,HYDROCODONE,OXYCODONE,SPCLTY_Anesthesiology,STATE_CO,
1245283308,GENDER_M,HYDROCODONE,SPCLTY_Emergency Medicine,STATE_NC,TRAMADOL,,
1245284314,GENDER_F,HYDROCODONE,SPCLTY_Family Practice,STATE_ND,TRAMADOL,,
1245286525,GENDER_M,HYDROCODONE,SPCLTY_Physician Assistant,STATE_NY,TRAMADOL,,
1245288380,GENDER_F,HYDROCODONE,OXYCODONE,SPCLTY_Internal Medicine,STATE_MN,,
1245288505,GENDER_M,HYDROCODONE,SPCLTY_Cardiology,STATE_FL,TRAMADOL,,
1245289446,GENDER_M,HYDROCODONE,SPCLTY_Diagnostic Radiology,STATE_IL,,,
1245289529,GENDER_M,HYDROCODONE,OXYCODONE,SPCLTY_Emergency Medicine,STATE_SC,TRAMADOL,
1245290402,GENDER_M,HYDROCODONE,OXYCODONE,SPCLTY_Internal Medicine,STATE_SC,TRAMADOL,
1245290865,GENDER_M,HYDROCODONE,OXYCODONE,SPCLTY_Family Practice,STATE_CA,TRAMADOL,
1245291459,GENDER_F,HYDROCODONE,OXYCODONE,SPCLTY_Pain Management,STATE_NY,,
1245292002,GENDER_M,HYDROCODONE,SPCLTY_Orthopedic Surgery,STATE_TX,,,
1245292036,GENDER_M,HYDROCODONE,SPCLTY_Internal Medicine,STATE_TX,,,
1245295351,FENTANYL,GENDER_M,OXYCODONE,SPCLTY_Hematology/Oncology,STATE_FL,,
1245295369,FENTANYL,GENDER_M,HYDROCODONE,OXYCODONE,SPCLTY_Hematology/Oncology,STATE_IN,
1245298249,GENDER_F,HYDROCODONE,SPCLTY_Neurology,STATE_NC,TRAMADOL,,
1245298959,GENDER_M,HYDROCODONE,SPCLTY_Otolaryngology,STATE_UT,,,
1245299148,GENDER_M,HYDROCODONE,OXYCODONE,SPCLTY_Internal Medicine,STATE_HI,TRAMADOL,
1245302397,GENDER_M,HYDROCODONE,OXYCODONE,SPCLTY_Dentist,STATE_AZ,,
1245309020,GENDER_F,HYDROCODONE,OXYCODONE,SPCLTY_Internal Medicine,STATE_HI,TRAMADOL,
1245311216,GENDER_M,HYDROCODONE,SPCLTY_Family Practice,STATE_CA,TRAMADOL,,
1245311778,FENTANYL,GENDER_F,HYDROCODONE,SPCLTY_Internal Medicine,STATE_IL,TRAMADOL,
1245313899,GENDER_M,HYDROCODONE,OXYCODONE,SPCLTY_Internal Medicine,STATE_NY,TRAMADOL,
1245318138,GENDER_F,SPCLTY_Family Practice,STATE_CA,TRAMADOL,,,
1245318765,GENDER_M,HYDROCODONE,OXYCODONE,SPCLTY_General Surgery,STATE_WI,,
1245320399,GENDER_M,HYDROCODONE,SPCLTY_Neurology,STATE_MI,,,
1245322452,FENTANYL,GENDER_M,HYDROCODONE,OXYCODONE,SPCLTY_Family Practice,STATE_MA,TRAMADOL
1245323898,GENDER_M,SPCLTY_Emergency Medicine,STATE_IL,TRAMADOL,,,
1245327311,GENDER_F,HYDROCODONE,OXYCODONE,SPCLTY_Internal Medicine,STATE_NY,TRAMADOL,
1245327899,FENTANYL,GENDER_F,HYDROCODONE,OXYCODONE,SPCLTY_Internal Medicine,STATE_ND,TRAMADOL
1245332824,GENDER_M,HYDROCODONE,SPCLTY_Dentist,STATE_TX,,,
1245342732,GENDER_M,HYDROCODONE,SPCLTY_Physician Assistant,STATE_CA,,,
1245343896,GENDER_F,HYDROCODONE,SPCLTY_Nurse Practitioner,STATE_GA,TRAMADOL,,
1245344506,FENTANYL,GENDER_M,HYDROCODONE,OXYCODONE,SPCLTY_Family Practice,STATE_WV,TRAMADOL
1245344852,GENDER_M,OXYCODONE,SPCLTY_Podiatry,STATE_MD,,,
1245344886,GENDER_F,SPCLTY_Internal Medicine,STATE_NJ,TRAMADOL,,,
1245344894,GENDER_F,HYDROCODONE,SPCLTY_Emergency Medicine,STATE_NY,,,
1245348325,GENDER_F,HYDROCODONE,OXYCODONE,SPCLTY_Anesthesiology,STATE_NY,TRAMADOL,
1245354299,GENDER_F,HYDROCODONE,SPCLTY_Plastic and Reconstru,STATE_GA,,,
1245371392,GENDER_M,HYDROCODONE,SPCLTY_Podiatry,STATE_NV,TRAMADOL,,
1245372358,GENDER_M,HYDROCODONE,SPCLTY_Dentist,STATE_VA,,,
1245372853,GENDER_M,HYDROCODONE,SPCLTY_Physician Assistant,STATE_WA,TRAMADOL,,
1245377076,FENTANYL,GENDER_M,HYDROCODONE,OXYCODONE,SPCLTY_Family Practice,STATE_MO,TRAMADOL
1245382175,GENDER_F,HYDROCODONE,OXYCODONE,SPCLTY_Physician Assistant,STATE_CA,TRAMADOL,
1245386424,GENDER_M,HYDROCODONE,SPCLTY_Cardiology,STATE_TX,,,
1245386846,GENDER_M,HYDROCODONE,OXYCODONE,SPCLTY_Internal Medicine,STATE_MT,TRAMADOL,
1245387554,GENDER_M,SPCLTY_Orthopedic Surgery,STATE_NJ,TRAMADOL,,,
1245388073,GENDER_M,HYDROCODONE,SPCLTY_Family Practice,STATE_CA,TRAMADOL,,
1245389733,GENDER_M,HYDROCODONE,SPCLTY_Physical Medicine and,STATE_OH,,,
1245390210,GENDER_M,HYDROCODONE,SPCLTY_Gastroenterology,STATE_TX,,,
1245395755,GENDER_M,HYDROCODONE,SPCLTY_Otolaryngology,STATE_TX,,,
1245396514,GENDER_F,HYDROCODONE,SPCLTY_Dentist,STATE_TX,,,
1245400019,GENDER_F,HYDROCODONE,SPCLTY_Emergency Medicine,STATE_CA,,,
1245401033,GENDER_F,HYDROCODONE,OXYCODONE,SPCLTY_Family Practice,STATE_NY,TRAMADOL,
1245401041,GENDER_F,HYDROCODONE,OXYCODONE,SPCLTY_Family Practice,STATE_MA,TRAMADOL,
1245404714,GENDER_M,HYDROCODONE,SPCLTY_Dentist,STATE_GA,,,
1245405000,GENDER_M,HYDROCODONE,SPCLTY_Psychiatry,STATE_CA,TRAMADOL,,
1245406677,GENDER_M,OXYCODONE,SPCLTY_Internal Medicine,STATE_NJ,TRAMADOL,,
1245412535,GENDER_M,HYDROCODONE,OXYCODONE,SPCLTY_Physician Assistant,STATE_WA,,
1245412576,GENDER_F,OXYCODONE,SPCLTY_Physician Assistant,STATE_TN,,,
1245414655,GENDER_M,HYDROCODONE,OXYCODONE,SPCLTY_Physician Assistant,STATE_CA,TRAMADOL,
1245415884,GENDER_F,HYDROCODONE,OXYCODONE,SPCLTY_Internal Medicine,STATE_MA,,
1245421437,GENDER_F,HYDROCODONE,SPCLTY_Family Practice,STATE_TX,TRAMADOL,,
1245424886,GENDER_F,HYDROCODONE,SPCLTY_Internal Medicine,STATE_MI,,,
1245426279,GENDER_M,HYDROCODONE,OXYCODONE,SPCLTY_Internal Medicine,STATE_FL,TRAMADOL,
1245426329,GENDER_M,HYDROCODONE,SPCLTY_Plastic and Reconstru,STATE_TX,,,
1245432558,GENDER_M,HYDROCODONE,OXYCODONE,SPCLTY_Nurse Practitioner,STATE_OH,,
1245433820,GENDER_M,HYDROCODONE,OXYCODONE,SPCLTY_Family Practice,STATE_FL,TRAMADOL,
1245435213,GENDER_F,HYDROCODONE,OXYCODONE,SPCLTY_General Surgery,STATE_OH,,
1245435700,GENDER_F,HYDROCODONE,OXYCODONE,SPCLTY_Nurse Practitioner,STATE_KY,TRAMADOL,
1245438639,GENDER_M,OXYCODONE,SPCLTY_Dentist,STATE_NY,,,
1245438878,GENDER_F,HYDROCODONE,OXYCODONE,SPCLTY_Internal Medicine,STATE_NV,,
1245443548,FENTANYL,GENDER_M,HYDROCODONE,OXYCODONE,SPCLTY_Hospice and Palliativ,STATE_MO,TRAMADOL
1245443688,GENDER_F,HYDROCODONE,SPCLTY_Emergency Medicine,STATE_CA,,,
1245445055,GENDER_F,SPCLTY_Physician Assistant,STATE_TX,TRAMADOL,,,
1245448935,GENDER_M,HYDROCODONE,OXYCODONE,SPCLTY_Podiatry,STATE_WA,,
1245449354,GENDER_F,HYDROCODONE,SPCLTY_General Surgery,STATE_SC,,,
1245451475,GENDER_F,HYDROCODONE,SPCLTY_Nurse Practitioner,STATE_TX,TRAMADOL,,
1245454008,GENDER_M,HYDROCODONE,SPCLTY_Dentist,STATE_CA,,,
1245455617,GENDER_M,HYDROCODONE,OXYCODONE,SPCLTY_Orthopedic Surgery,STATE_OH,,
1245457282,FENTANYL,GENDER_F,HYDROCODONE,OXYCODONE,SPCLTY_Family Practice,STATE_IL,TRAMADOL
1245461466,GENDER_F,SPCLTY_Nurse Practitioner,STATE_FL,TRAMADOL,,,
1245466762,GENDER_M,HYDROCODONE,SPCLTY_Family Practice,STATE_TX,TRAMADOL,,
1245468958,GENDER_M,HYDROCODONE,SPCLTY_Dentist,STATE_CA,,,
1245469345,GENDER_M,HYDROCODONE,OXYCODONE,SPCLTY_Family Practice,STATE_OH,TRAMADOL,
1245469592,GENDER_F,HYDROCODONE,SPCLTY_Nurse Practitioner,STATE_MI,TRAMADOL,,
1245469873,FENTANYL,GENDER_F,OXYCODONE,SPCLTY_Physician Assistant,STATE_MA,,
1245473156,GENDER_M,HYDROCODONE,SPCLTY_General Surgery,STATE_MO,,,
1245473354,GENDER_F,HYDROCODONE,SPCLTY_Surgery,STATE_SC,,,
1245481332,GENDER_M,HYDROCODONE,OXYCODONE,SPCLTY_Physician Assistant,STATE_SD,TRAMADOL,
1245493089,GENDER_M,HYDROCODONE,OXYCODONE,SPCLTY_Family Practice,STATE_FL,TRAMADOL,
1245496397,GENDER_M,HYDROCODONE,OXYCODONE,SPCLTY_Family Practice,STATE_UT,TRAMADOL,
1245496645,GENDER_F,OXYCODONE,SPCLTY_Nurse Practitioner,STATE_NE,,,
1245498906,GENDER_M,HYDROCODONE,SPCLTY_Internal Medicine,STATE_OK,,,
1245499052,FENTANYL,GENDER_F,HYDROCODONE,OXYCODONE,SPCLTY_Family Practice,STATE_PA,TRAMADOL
1245499946,GENDER_M,HYDROCODONE,SPCLTY_General Surgery,STATE_PA,,,
1245502558,GENDER_F,HYDROCODONE,SPCLTY_Nurse Practitioner,STATE_KY,TRAMADOL,,
1245506872,GENDER_F,HYDROCODONE,SPCLTY_Student in an Organiz,STATE_CA,,,
1245516269,GENDER_F,HYDROCODONE,OXYCODONE,SPCLTY_Nurse Practitioner,STATE_MI,,
1245522259,GENDER_M,OXYCODONE,SPCLTY_General Surgery,STATE_PA,,,
1245532423,FENTANYL,GENDER_F,HYDROCODONE,OXYCODONE,SPCLTY_Nurse Practitioner,STATE_NC,TRAMADOL
1245532928,GENDER_F,HYDROCODONE,SPCLTY_Physician Assistant,STATE_IL,,,
1245544691,GENDER_M,HYDROCODONE,SPCLTY_Podiatry,STATE_TX,,,
1245547983,GENDER_M,HYDROCODONE,SPCLTY_Physician Assistant,STATE_IA,,,
1245551415,GENDER_M,OXYCODONE,SPCLTY_Emergency Medicine,STATE_GA,,,
1245557172,GENDER_M,OXYCODONE,SPCLTY_Student in an Organiz,STATE_NY,,,
1245584564,GENDER_F,HYDROCODONE,SPCLTY_Nurse Practitioner,STATE_IA,,,
1245596592,GENDER_F,OXYCODONE,SPCLTY_Emergency Medicine,STATE_AL,,,
1245597251,GENDER_F,HYDROCODONE,SPCLTY_Student in an Organiz,STATE_PA,,,
1245597442,GENDER_F,HYDROCODONE,SPCLTY_Internal Medicine,STATE_OK,,,
1245597814,GENDER_M,SPCLTY_Nurse Practitioner,STATE_TX,TRAMADOL,,,
1245599307,GENDER_F,HYDROCODONE,SPCLTY_Obstetrics/Gynecology,STATE_MI,,,
1245630698,GENDER_F,HYDROCODONE,SPCLTY_Physician Assistant,STATE_MI,,,
1245644731,GENDER_M,HYDROCODONE,SPCLTY_Dentist,STATE_LA,,,
1245666056,GENDER_F,SPCLTY_Nurse Practitioner,STATE_PA,TRAMADOL,,,
1245672187,GENDER_M,OXYCODONE,SPCLTY_Nurse Practitioner,STATE_NY,TRAMADOL,,
1245675115,GENDER_M,HYDROCODONE,SPCLTY_Emergency Medicine,STATE_TX,,,
1255300687,FENTANYL,GENDER_F,HYDROCODONE,SPCLTY_Ophthalmology,STATE_OK,TRAMADOL,
1255302568,GENDER_M,HYDROCODONE,SPCLTY_Orthopedic Surgery,STATE_IL,TRAMADOL,,
1255303293,GENDER_M,HYDROCODONE,OXYCODONE,SPCLTY_Vascular Surgery,STATE_VA,,
1255303368,GENDER_M,HYDROCODONE,SPCLTY_Family Practice,STATE_VA,,,
1255305744,GENDER_M,OXYCODONE,SPCLTY_Vascular Surgery,STATE_NE,,,
1255309407,GENDER_M,OXYCODONE,SPCLTY_Emergency Medicine,STATE_NY,,,
1255309423,GENDER_M,HYDROCODONE,SPCLTY_Ophthalmology,STATE_IN,,,
1255309761,GENDER_F,HYDROCODONE,SPCLTY_Internal Medicine,STATE_NY,TRAMADOL,,
1255310140,GENDER_F,HYDROCODONE,SPCLTY_Internal Medicine,STATE_CA,,,
1255310850,FENTANYL,GENDER_M,HYDROCODONE,OXYCODONE,SPCLTY_Family Practice,STATE_MO,TRAMADOL
1255312054,FENTANYL,GENDER_M,OXYCODONE,SPCLTY_Internal Medicine,STATE_NJ,,
1255313763,GENDER_M,HYDROCODONE,SPCLTY_Physician Assistant,STATE_TX,TRAMADOL,,
1255314456,GENDER_F,HYDROCODONE,SPCLTY_Family Practice,STATE_NY,TRAMADOL,,
1255314910,FENTANYL,GENDER_M,HYDROCODONE,OXYCODONE,SPCLTY_Interventional Pain M,STATE_WI,
1255315578,GENDER_M,OXYCODONE,SPCLTY_Medical Oncology,STATE_CO,TRAMADOL,,
1255317525,GENDER_M,HYDROCODONE,SPCLTY_Emergency Medicine,STATE_TX,TRAMADOL,,
1255318515,GENDER_M,OXYCODONE,SPCLTY_Emergency Medicine,STATE_NY,,,
1255319489,GENDER_F,HYDROCODONE,SPCLTY_Surgical Oncology,STATE_NY,,,
1255319844,FENTANYL,GENDER_F,HYDROCODONE,OXYCODONE,SPCLTY_Family Practice,STATE_IL,TRAMADOL
1255322335,GENDER_M,HYDROCODONE,OXYCODONE,SPCLTY_Family Practice,STATE_OH,TRAMADOL,
1255324679,GENDER_M,HYDROCODONE,OXYCODONE,SPCLTY_Orthopedic Surgery,STATE_FL,TRAMADOL,
1255325676,GENDER_M,HYDROCODONE,SPCLTY_Family Practice,STATE_IL,,,
1255326211,GENDER_M,HYDROCODONE,OXYCODONE,SPCLTY_Orthopedic Surgery,STATE_MI,TRAMADOL,
1255328787,GENDER_M,HYDROCODONE,SPCLTY_Emergency Medicine,STATE_ID,,,
1255331591,GENDER_M,SPCLTY_Internal Medicine,STATE_NY,TRAMADOL,,,
1255332375,GENDER_M,HYDROCODONE,OXYCODONE,SPCLTY_Physician Assistant,STATE_CO,TRAMADOL,
1255334835,GENDER_M,OXYCODONE,SPCLTY_Dentist,STATE_OK,,,
1255335188,FENTANYL,GENDER_F,HYDROCODONE,OXYCODONE,SPCLTY_Geriatric Medicine,STATE_IL,TRAMADOL
1255337564,GENDER_M,HYDROCODONE,SPCLTY_Maxillofacial Surgery,STATE_MN,,,
1255338992,GENDER_M,HYDROCODONE,SPCLTY_Podiatry,STATE_TX,TRAMADOL,,
1255340485,FENTANYL,GENDER_F,OXYCODONE,SPCLTY_Nurse Practitioner,STATE_NJ,TRAMADOL,
1255340790,GENDER_M,HYDROCODONE,SPCLTY_Physician Assistant,STATE_ME,TRAMADOL,,
1255344768,GENDER_F,HYDROCODONE,SPCLTY_Internal Medicine,STATE_CA,TRAMADOL,,
1255350385,GENDER_M,HYDROCODONE,OXYCODONE,SPCLTY_Emergency Medicine,STATE_AZ,,
1255352498,GENDER_F,HYDROCODONE,SPCLTY_Neurology,STATE_CA,TRAMADOL,,
1255353306,GENDER_M,HYDROCODONE,SPCLTY_Neurology,STATE_PA,TRAMADOL,,
1255355368,GENDER_F,HYDROCODONE,OXYCODONE,SPCLTY_Nurse Practitioner,STATE_WI,TRAMADOL,
1255359840,GENDER_M,HYDROCODONE,SPCLTY_Internal Medicine,STATE_CA,TRAMADOL,,
1255363172,FENTANYL,GENDER_F,HYDROCODONE,SPCLTY_Family Practice,STATE_MI,TRAMADOL,
1255363669,GENDER_M,SPCLTY_Internal Medicine,STATE_NC,TRAMADOL,,,
1255368502,GENDER_F,HYDROCODONE,SPCLTY_Family Practice,STATE_TX,TRAMADOL,,
1255369997,GENDER_M,SPCLTY_Podiatry,STATE_NY,TRAMADOL,,,
1255370524,FENTANYL,GENDER_F,HYDROCODONE,OXYCODONE,SPCLTY_Nurse Practitioner,STATE_MD,TRAMADOL
1255373619,GENDER_M,HYDROCODONE,SPCLTY_Orthopedic Surgery,STATE_TX,TRAMADOL,,
1255374062,GENDER_M,OXYCODONE,SPCLTY_Interventional Pain M,STATE_NJ,,,
1255374310,GENDER_F,HYDROCODONE,OXYCODONE,SPCLTY_Family Practice,STATE_NJ,,
1255376752,FENTANYL,GENDER_F,HYDROCODONE,OXYCODONE,SPCLTY_Geriatric Medicine,STATE_NC,TRAMADOL
1255381109,GENDER_M,HYDROCODONE,OXYCODONE,SPCLTY_Cardiology,STATE_WA,,
1255381836,FENTANYL,GENDER_F,HYDROCODONE,OXYCODONE,SPCLTY_Nurse Practitioner,STATE_WA,TRAMADOL
1255386199,GENDER_M,HYDROCODONE,OXYCODONE,SPCLTY_Podiatry,STATE_AL,,
1255389243,GENDER_M,HYDROCODONE,OXYCODONE,SPCLTY_Emergency Medicine,STATE_PA,,
1255394185,FENTANYL,GENDER_F,HYDROCODONE,OXYCODONE,SPCLTY_Family Practice,STATE_MI,TRAMADOL
1255394714,GENDER_M,OXYCODONE,SPCLTY_General Practice,STATE_PA,,,
1255394888,GENDER_M,HYDROCODONE,SPCLTY_Family Practice,STATE_SC,TRAMADOL,,
1255395414,GENDER_M,OXYCODONE,SPCLTY_Neurosurgery,STATE_FL,,,
1255397279,GENDER_M,HYDROCODONE,OXYCODONE,SPCLTY_Internal Medicine,STATE_NY,TRAMADOL,
1255402798,FENTANYL,GENDER_M,HYDROCODONE,OXYCODONE,SPCLTY_Rheumatology,STATE_NM,TRAMADOL
1255404521,FENTANYL,GENDER_F,HYDROCODONE,SPCLTY_Internal Medicine,STATE_LA,TRAMADOL,
1255409017,GENDER_M,HYDROCODONE,OXYCODONE,SPCLTY_Emergency Medicine,STATE_FL,TRAMADOL,
1255410668,GENDER_M,HYDROCODONE,SPCLTY_Dentist,STATE_NV,,,
1255414140,GENDER_M,HYDROCODONE,SPCLTY_Dentist,STATE_TN,,,
1255415915,GENDER_M,HYDROCODONE,SPCLTY_General Practice,STATE_FL,TRAMADOL,,
1255418596,GENDER_M,HYDROCODONE,SPCLTY_General Surgery,STATE_OK,,,
1255424354,GENDER_F,HYDROCODONE,OXYCODONE,SPCLTY_Family Practice,STATE_MT,,
1255426540,GENDER_M,HYDROCODONE,SPCLTY_Dentist,STATE_KS,,,
1255432530,GENDER_M,HYDROCODONE,OXYCODONE,SPCLTY_Podiatry,STATE_OR,,
1255433231,FENTANYL,GENDER_F,HYDROCODONE,OXYCODONE,SPCLTY_Family Practice,STATE_AZ,TRAMADOL
1255437539,GENDER_M,HYDROCODONE,SPCLTY_Emergency Medicine,STATE_AR,TRAMADOL,,
1255440319,GENDER_M,HYDROCODONE,SPCLTY_Family Practice,STATE_NE,TRAMADOL,,
1255441762,GENDER_M,HYDROCODONE,SPCLTY_Orthopedic Surgery,STATE_TX,TRAMADOL,,
1255447728,GENDER_M,HYDROCODONE,OXYCODONE,SPCLTY_Emergency Medicine,STATE_FL,TRAMADOL,
1255450763,GENDER_M,HYDROCODONE,SPCLTY_Dentist,STATE_MO,,,
1255459558,GENDER_M,HYDROCODONE,SPCLTY_Family Practice,STATE_WA,,,
1255467270,GENDER_F,SPCLTY_Internal Medicine,STATE_AZ,TRAMADOL,,,
1255471199,GENDER_M,HYDROCODONE,OXYCODONE,SPCLTY_Internal Medicine,STATE_FL,TRAMADOL,
1255473757,GENDER_F,HYDROCODONE,SPCLTY_Internal Medicine,STATE_CA,,,
1255478970,GENDER_M,OXYCODONE,SPCLTY_Physical Medicine and,STATE_MO,,,
1255484101,GENDER_M,HYDROCODONE,SPCLTY_Oral Surgery (dentist,STATE_GA,,,
1255499109,GENDER_F,SPCLTY_Family Practice,STATE_NY,TRAMADOL,,,
1255506515,GENDER_F,HYDROCODONE,OXYCODONE,SPCLTY_Physician Assistant,STATE_AZ,,
1255507117,GENDER_M,OXYCODONE,SPCLTY_Internal Medicine,STATE_FL,,,
1255508032,GENDER_F,HYDROCODONE,OXYCODONE,SPCLTY_Anesthesiology,STATE_NY,TRAMADOL,
1255508354,GENDER_M,HYDROCODONE,OXYCODONE,SPCLTY_Emergency Medicine,STATE_MI,,
1255516019,GENDER_M,HYDROCODONE,OXYCODONE,SPCLTY_Neurology,STATE_GA,TRAMADOL,
1255516332,GENDER_F,SPCLTY_Rheumatology,STATE_MD,TRAMADOL,,,
1255519518,GENDER_M,HYDROCODONE,SPCLTY_Family Practice,STATE_MI,TRAMADOL,,
1255538765,GENDER_M,SPCLTY_Family Practice,STATE_WV,TRAMADOL,,,
1255564290,FENTANYL,GENDER_M,HYDROCODONE,OXYCODONE,SPCLTY_Internal Medicine,STATE_KY,TRAMADOL
1255566261,GENDER_F,OXYCODONE,SPCLTY_Emergency Medicine,STATE_NY,,,
1255568820,GENDER_F,OXYCODONE,SPCLTY_Internal Medicine,STATE_MD,TRAMADOL,,
1255569653,GENDER_M,HYDROCODONE,SPCLTY_Internal Medicine,STATE_MI,,,
1255574349,GENDER_M,OXYCODONE,SPCLTY_Sports Medicine,STATE_PA,,,
1255575619,FENTANYL,GENDER_M,HYDROCODONE,OXYCODONE,SPCLTY_Internal Medicine,STATE_ID,TRAMADOL
1255578241,FENTANYL,GENDER_F,HYDROCODONE,OXYCODONE,SPCLTY_Nurse Practitioner,STATE_WV,
1255583332,GENDER_M,HYDROCODONE,SPCLTY_General Practice,STATE_FL,TRAMADOL,,
1255588778,GENDER_F,HYDROCODONE,OXYCODONE,SPCLTY_Nurse Practitioner,STATE_NC,TRAMADOL,
1255589180,GENDER_F,HYDROCODONE,SPCLTY_Plastic and Reconstru,STATE_TX,,,
1255611059,FENTANYL,GENDER_F,HYDROCODONE,OXYCODONE,SPCLTY_Nurse Practitioner,STATE_NE,TRAMADOL
1255616512,GENDER_F,SPCLTY_Nurse Practitioner,STATE_FL,TRAMADOL,,,
1255619367,GENDER_F,OXYCODONE,SPCLTY_Nurse Practitioner,STATE_NY,,,
1255622759,GENDER_F,HYDROCODONE,SPCLTY_Emergency Medicine,STATE_NY,,,
1255626016,GENDER_M,HYDROCODONE,SPCLTY_General Surgery,STATE_OK,,,
1255629267,GENDER_M,HYDROCODONE,SPCLTY_Nurse Practitioner,STATE_ID,TRAMADOL,,
1255637757,GENDER_M,SPCLTY_Nurse Practitioner,STATE_TX,TRAMADOL,,,
1255642526,GENDER_M,HYDROCODONE,OXYCODONE,SPCLTY_Family Practice,STATE_SD,TRAMADOL,
1255644498,GENDER_F,OXYCODONE,SPCLTY_Emergency Medicine,STATE_NY,,,
1255644795,GENDER_F,HYDROCODONE,OXYCODONE,SPCLTY_Physician Assistant,STATE_CO,,
1255654331,GENDER_F,HYDROCODONE,SPCLTY_Nurse Practitioner,STATE_AR,,,
1255662243,GENDER_F,HYDROCODONE,SPCLTY_Nurse Practitioner,STATE_TN,,,
1255678454,GENDER_F,HYDROCODONE,OXYCODONE,SPCLTY_Physician Assistant,STATE_NC,TRAMADOL,
1255678702,GENDER_F,HYDROCODONE,OXYCODONE,SPCLTY_Nurse Practitioner,STATE_NY,,
1255692323,GENDER_M,HYDROCODONE,SPCLTY_Student in an Organiz,STATE_MI,,,
1255697900,GENDER_F,OXYCODONE,SPCLTY_Student in an Organiz,STATE_WI,,,
1255699542,GENDER_M,HYDROCODONE,OXYCODONE,SPCLTY_Physician Assistant,STATE_CA,,
1255767828,GENDER_F,HYDROCODONE,SPCLTY_Nurse Practitioner,STATE_MO,TRAMADOL,,
1255769048,GENDER_F,HYDROCODONE,OXYCODONE,SPCLTY_Physician Assistant,STATE_PA,,
1255769626,GENDER_F,HYDROCODONE,OXYCODONE,SPCLTY_Nurse Practitioner,STATE_PA,TRAMADOL,
1255769667,GENDER_M,HYDROCODONE,SPCLTY_Physician Assistant,STATE_OR,,,
1255771259,GENDER_F,SPCLTY_Nurse Practitioner,STATE_CO,TRAMADOL,,,
1265400170,FENTANYL,GENDER_F,HYDROCODONE,SPCLTY_Geriatric Medicine,STATE_OK,TRAMADOL,
1265400980,FENTANYL,GENDER_F,HYDROCODONE,OXYCODONE,SPCLTY_Pain Management,STATE_MO,TRAMADOL
1265401947,GENDER_M,HYDROCODONE,SPCLTY_General Surgery,STATE_ID,,,
1265403208,FENTANYL,GENDER_F,OXYCODONE,SPCLTY_Hematology/Oncology,STATE_NY,,
1265405591,GENDER_F,SPCLTY_Nurse Practitioner,STATE_PA,TRAMADOL,,,
1265406177,FENTANYL,GENDER_F,HYDROCODONE,OXYCODONE,SPCLTY_Family Practice,STATE_FL,TRAMADOL
1265407811,GENDER_M,HYDROCODONE,OXYCODONE,SPCLTY_Physician Assistant,STATE_MN,TRAMADOL,
1265408264,FENTANYL,GENDER_M,OXYCODONE,SPCLTY_Infectious Disease,STATE_NJ,,
1265411573,GENDER_M,HYDROCODONE,OXYCODONE,SPCLTY_Internal Medicine,STATE_VA,TRAMADOL,
1265411870,GENDER_F,SPCLTY_Nurse Practitioner,STATE_FL,TRAMADOL,,,
1265413017,GENDER_M,HYDROCODONE,SPCLTY_Plastic and Reconstru,STATE_ID,,,
1265414627,GENDER_M,HYDROCODONE,SPCLTY_Plastic Surgery,STATE_CA,,,
1265414940,GENDER_F,HYDROCODONE,OXYCODONE,SPCLTY_Emergency Medicine,STATE_GA,,
1265416119,GENDER_M,HYDROCODONE,SPCLTY_Neurology,STATE_NH,TRAMADOL,,
1265417380,GENDER_M,HYDROCODONE,OXYCODONE,SPCLTY_Internal Medicine,STATE_SC,TRAMADOL,
1265419600,GENDER_M,HYDROCODONE,SPCLTY_Family Practice,STATE_KS,TRAMADOL,,
1265424733,GENDER_M,HYDROCODONE,SPCLTY_Pulmonary Disease,STATE_MD,,,
1265426738,GENDER_M,HYDROCODONE,OXYCODONE,SPCLTY_General Surgery,STATE_GA,,
1265427116,GENDER_M,HYDROCODONE,OXYCODONE,SPCLTY_Emergency Medicine,STATE_IN,,
1265430409,FENTANYL,GENDER_M,HYDROCODONE,SPCLTY_Internal Medicine,STATE_IL,TRAMADOL,
1265430649,GENDER_M,HYDROCODONE,OXYCODONE,SPCLTY_Family Practice,STATE_TX,TRAMADOL,
1265430953,GENDER_M,HYDROCODONE,OXYCODONE,SPCLTY_Family Practice,STATE_FL,TRAMADOL,
1265432173,GENDER_M,HYDROCODONE,SPCLTY_Radiation Oncology,STATE_IN,,,
1265432645,FENTANYL,GENDER_M,HYDROCODONE,SPCLTY_Internal Medicine,STATE_TX,TRAMADOL,
1265434815,GENDER_M,HYDROCODONE,OXYCODONE,SPCLTY_Internal Medicine,STATE_IL,TRAMADOL,
1265434849,FENTANYL,GENDER_M,HYDROCODONE,SPCLTY_Family Practice,STATE_MI,TRAMADOL,
1265436281,GENDER_M,HYDROCODONE,SPCLTY_Cardiology,STATE_OK,,,
1265436943,GENDER_F,HYDROCODONE,SPCLTY_Internal Medicine,STATE_TX,TRAMADOL,,
1265438402,GENDER_M,HYDROCODONE,SPCLTY_Family Practice,STATE_IA,TRAMADOL,,
1265446405,GENDER_M,OXYCODONE,SPCLTY_Internal Medicine,STATE_NJ,TRAMADOL,,
1265446694,FENTANYL,GENDER_M,HYDROCODONE,OXYCODONE,SPCLTY_Internal Medicine,STATE_MD,TRAMADOL
1265453047,FENTANYL,GENDER_M,HYDROCODONE,OXYCODONE,SPCLTY_Hematology/Oncology,STATE_NC,
1265453740,FENTANYL,GENDER_M,HYDROCODONE,OXYCODONE,SPCLTY_Physician Assistant,STATE_NV,TRAMADOL
1265454847,GENDER_M,HYDROCODONE,SPCLTY_Family Practice,STATE_WA,,,
1265455448,GENDER_F,HYDROCODONE,OXYCODONE,SPCLTY_Family Practice,STATE_CA,,
1265460687,GENDER_M,HYDROCODONE,SPCLTY_Orthopedic Surgery,STATE_CA,,,
1265462782,FENTANYL,GENDER_F,HYDROCODONE,OXYCODONE,SPCLTY_Family Practice,STATE_VA,TRAMADOL
1265464408,GENDER_F,HYDROCODONE,OXYCODONE,SPCLTY_Internal Medicine,STATE_WI,TRAMADOL,
1265466734,GENDER_M,HYDROCODONE,OXYCODONE,SPCLTY_Emergency Medicine,STATE_AZ,,
1265467237,GENDER_M,HYDROCODONE,SPCLTY_Family Practice,STATE_AL,TRAMADOL,,
1265471452,GENDER_M,HYDROCODONE,SPCLTY_Emergency Medicine,STATE_TN,,,
1265473250,GENDER_M,HYDROCODONE,OXYCODONE,SPCLTY_Emergency Medicine,STATE_VA,,
1265473870,GENDER_F,HYDROCODONE,OXYCODONE,SPCLTY_Nurse Practitioner,STATE_TN,TRAMADOL,
1265474167,GENDER_F,HYDROCODONE,OXYCODONE,SPCLTY_Nurse Practitioner,STATE_NH,TRAMADOL,
1265475628,GENDER_M,HYDROCODONE,OXYCODONE,SPCLTY_Family Practice,STATE_CA,TRAMADOL,
1265475644,GENDER_M,HYDROCODONE,OXYCODONE,SPCLTY_Orthopedic Surgery,STATE_NY,TRAMADOL,
1265475974,GENDER_M,OXYCODONE,SPCLTY_Internal Medicine,STATE_NY,TRAMADOL,,
1265476345,GENDER_F,SPCLTY_Nurse Practitioner,STATE_IL,TRAMADOL,,,
1265477343,GENDER_M,HYDROCODONE,SPCLTY_Emergency Medicine,STATE_TX,TRAMADOL,,
1265478465,GENDER_F,SPCLTY_Nurse Practitioner,STATE_MO,TRAMADOL,,,
1265481113,FENTANYL,GENDER_M,HYDROCODONE,SPCLTY_Family Practice,STATE_TX,TRAMADOL,
1265488480,GENDER_M,OXYCODONE,SPCLTY_Orthopedic Surgery,STATE_MA,,,
1265489439,GENDER_M,HYDROCODONE,OXYCODONE,SPCLTY_Internal Medicine,STATE_AZ,,
1265492433,GENDER_M,HYDROCODONE,OXYCODONE,SPCLTY_Internal Medicine,STATE_AZ,TRAMADOL,
1265492573,FENTANYL,GENDER_F,HYDROCODONE,SPCLTY_Internal Medicine,STATE_NY,TRAMADOL,
1265492714,GENDER_M,HYDROCODONE,SPCLTY_Internal Medicine,STATE_LA,,,
1265494488,GENDER_F,SPCLTY_Nephrology,STATE_TN,TRAMADOL,,,
1265495758,GENDER_F,HYDROCODONE,SPCLTY_Rheumatology,STATE_VA,TRAMADOL,,
1265496970,GENDER_M,OXYCODONE,SPCLTY_Internal Medicine,STATE_PR,,,
1265497093,FENTANYL,GENDER_M,HYDROCODONE,OXYCODONE,SPCLTY_Family Practice,STATE_CA,TRAMADOL
1265498703,GENDER_F,SPCLTY_Endocrinology,STATE_CA,TRAMADOL,,,
1265498729,GENDER_M,HYDROCODONE,OXYCODONE,SPCLTY_Vascular Surgery,STATE_CA,,
1265499909,GENDER_M,HYDROCODONE,SPCLTY_Emergency Medicine,STATE_TX,TRAMADOL,,
1265500250,GENDER_F,HYDROCODONE,OXYCODONE,SPCLTY_Physical Medicine and,STATE_NC,TRAMADOL,
1265500367,GENDER_M,HYDROCODONE,SPCLTY_Dentist,STATE_IN,,,
1265501894,GENDER_M,OXYCODONE,SPCLTY_Family Practice,STATE_VA,TRAMADOL,,
1265511315,GENDER_F,HYDROCODONE,OXYCODONE,SPCLTY_Family Practice,STATE_KY,TRAMADOL,
1265512602,GENDER_M,HYDROCODONE,SPCLTY_Orthopedic Surgery,STATE_TX,TRAMADOL,,
1265514822,GENDER_F,HYDROCODONE,OXYCODONE,SPCLTY_Internal Medicine,STATE_WA,TRAMADOL,
1265516256,FENTANYL,GENDER_F,HYDROCODONE,OXYCODONE,SPCLTY_Internal Medicine,STATE_CA,TRAMADOL
1265516660,GENDER_F,OXYCODONE,SPCLTY_Neurology,STATE_PR,TRAMADOL,,
1265518138,GENDER_M,OXYCODONE,SPCLTY_Medical Oncology,STATE_MI,,,
1265519490,GENDER_M,HYDROCODONE,SPCLTY_Infectious Disease,STATE_TX,,,
1265521033,GENDER_M,HYDROCODONE,SPCLTY_Internal Medicine,STATE_IL,,,
1265521553,GENDER_M,HYDROCODONE,SPCLTY_Dentist,STATE_AL,,,
1265523005,GENDER_M,HYDROCODONE,OXYCODONE,SPCLTY_Family Practice,STATE_NC,TRAMADOL,
1265524326,FENTANYL,GENDER_M,HYDROCODONE,OXYCODONE,SPCLTY_Family Practice,STATE_KS,TRAMADOL
1265524490,GENDER_M,HYDROCODONE,SPCLTY_Urology,STATE_FL,,,
1265525778,GENDER_F,HYDROCODONE,SPCLTY_Nurse Practitioner,STATE_NY,,,
1265532782,GENDER_F,HYDROCODONE,OXYCODONE,SPCLTY_Physician Assistant,STATE_MI,,
1265532931,GENDER_M,OXYCODONE,SPCLTY_Family Practice,STATE_WI,TRAMADOL,,
1265533095,GENDER_M,HYDROCODONE,OXYCODONE,SPCLTY_Orthopedic Surgery,STATE_NC,TRAMADOL,
1265533533,GENDER_M,HYDROCODONE,OXYCODONE,SPCLTY_Emergency Medicine,STATE_SC,,
1265540223,GENDER_F,HYDROCODONE,OXYCODONE,SPCLTY_Nurse Practitioner,STATE_IN,TRAMADOL,
1265541411,FENTANYL,GENDER_M,HYDROCODONE,OXYCODONE,SPCLTY_Internal Medicine,STATE_MO,TRAMADOL
1265545115,GENDER_M,SPCLTY_General Practice,STATE_GA,TRAMADOL,,,
1265546063,GENDER_M,SPCLTY_Internal Medicine,STATE_FL,TRAMADOL,,,
1265547731,GENDER_F,HYDROCODONE,SPCLTY_Family Practice,STATE_MI,TRAMADOL,,
1265557128,GENDER_M,HYDROCODONE,SPCLTY_Dentist,STATE_MO,,,
1265566145,GENDER_M,HYDROCODONE,OXYCODONE,SPCLTY_Family Practice,STATE_ME,,
1265567242,GENDER_M,HYDROCODONE,SPCLTY_Medical Oncology,STATE_TX,,,
1265568620,GENDER_F,HYDROCODONE,SPCLTY_Dentist,STATE_CA,,,
1265570634,GENDER_M,HYDROCODONE,SPCLTY_Dentist,STATE_TX,,,
1265572275,GENDER_M,OXYCODONE,SPCLTY_General Practice,STATE_PR,TRAMADOL,,
1265573026,GENDER_M,OXYCODONE,SPCLTY_Plastic and Reconstru,STATE_FL,,,
1265581284,FENTANYL,GENDER_M,HYDROCODONE,OXYCODONE,SPCLTY_Family Practice,STATE_NC,TRAMADOL
1265585749,GENDER_M,HYDROCODONE,SPCLTY_Dentist,STATE_SC,,,
1265586259,GENDER_F,HYDROCODONE,OXYCODONE,SPCLTY_Family Practice,STATE_TN,TRAMADOL,
1265591929,GENDER_M,HYDROCODONE,SPCLTY_Vascular Surgery,STATE_CA,,,
1265596761,GENDER_F,HYDROCODONE,SPCLTY_Family Practice,STATE_CA,,,
1265606735,GENDER_M,HYDROCODONE,OXYCODONE,SPCLTY_Internal Medicine,STATE_UT,TRAMADOL,
1265610950,GENDER_M,SPCLTY_Internal Medicine,STATE_CA,TRAMADOL,,,
1265620801,GENDER_F,HYDROCODONE,OXYCODONE,SPCLTY_Family Practice,STATE_NV,TRAMADOL,
1265627079,GENDER_M,OXYCODONE,SPCLTY_Physical Medicine and,STATE_NY,,,
1265628606,GENDER_F,HYDROCODONE,OXYCODONE,SPCLTY_Nurse Practitioner,STATE_CO,TRAMADOL,
1265633796,GENDER_M,OXYCODONE,SPCLTY_Psychologist (billing,STATE_PR,,,
1265643738,GENDER_M,HYDROCODONE,OXYCODONE,SPCLTY_Orthopedic Surgery,STATE_GA,TRAMADOL,
1265648380,GENDER_F,SPCLTY_Nurse Practitioner,STATE_SC,TRAMADOL,,,
1265660997,GENDER_M,OXYCODONE,SPCLTY_Emergency Medicine,STATE_NY,,,
1265679583,FENTANYL,GENDER_F,HYDROCODONE,OXYCODONE,SPCLTY_Nurse Practitioner,STATE_NY,TRAMADOL
1265685754,GENDER_F,HYDROCODONE,SPCLTY_Physician Assistant,STATE_WI,,,
1265686604,GENDER_F,HYDROCODONE,SPCLTY_Physician Assistant,STATE_IL,TRAMADOL,,
1265699789,GENDER_F,HYDROCODONE,OXYCODONE,SPCLTY_Emergency Medicine,STATE_CO,,
1265705248,GENDER_F,OXYCODONE,SPCLTY_Physician Assistant,STATE_MA,,,
1265708242,GENDER_M,HYDROCODONE,OXYCODONE,SPCLTY_Student in an Organiz,STATE_UT,TRAMADOL,
1265720205,GENDER_F,HYDROCODONE,OXYCODONE,SPCLTY_Nurse Practitioner,STATE_UT,TRAMADOL,
1265729933,GENDER_M,HYDROCODONE,SPCLTY_General Surgery,STATE_KS,,,
1265732507,GENDER_F,HYDROCODONE,SPCLTY_Nurse Practitioner,STATE_CA,,,
1265752976,GENDER_F,HYDROCODONE,OXYCODONE,SPCLTY_Family Practice,STATE_NC,,
1265757322,GENDER_F,HYDROCODONE,OXYCODONE,SPCLTY_Physician Assistant,STATE_OR,,
1265757892,GENDER_M,HYDROCODONE,SPCLTY_Student in an Organiz,STATE_TX,,,
1265782304,GENDER_F,HYDROCODONE,OXYCODONE,SPCLTY_Nurse Practitioner,STATE_ME,TRAMADOL,
1265783872,GENDER_F,HYDROCODONE,SPCLTY_General Practice,STATE_CA,,,
1265783880,GENDER_M,HYDROCODONE,OXYCODONE,SPCLTY_Nurse Practitioner,STATE_CA,,
1265787766,GENDER_M,HYDROCODONE,SPCLTY_Physician Assistant,STATE_TX,,,
1265788285,GENDER_F,SPCLTY_Nurse Practitioner,STATE_TX,TRAMADOL,,,
1265788632,GENDER_F,HYDROCODONE,SPCLTY_Physician Assistant,STATE_IL,TRAMADOL,,
1265789044,GENDER_F,HYDROCODONE,SPCLTY_Nurse Practitioner,STATE_ID,TRAMADOL,,
1265790836,GENDER_F,HYDROCODONE,SPCLTY_Internal Medicine,STATE_CA,TRAMADOL,,
1265797724,GENDER_F,SPCLTY_Nurse Practitioner,STATE_WV,TRAMADOL,,,
1265859672,GENDER_F,OXYCODONE,SPCLTY_Nurse Practitioner,STATE_MA,,,
1265861892,GENDER_M,OXYCODONE,SPCLTY_Physician Assistant,STATE_UT,,,
1265873046,GENDER_F,SPCLTY_Nurse Practitioner,STATE_KY,TRAMADOL,,,
1275500811,GENDER_M,HYDROCODONE,SPCLTY_Orthopedic Surgery,STATE_TX,TRAMADOL,,
1275501819,FENTANYL,GENDER_M,HYDROCODONE,OXYCODONE,SPCLTY_Internal Medicine,STATE_PA,TRAMADOL
1275501876,GENDER_M,HYDROCODONE,SPCLTY_Podiatry,STATE_FL,,,
1275504078,GENDER_M,HYDROCODONE,SPCLTY_Internal Medicine,STATE_VA,,,
1275504888,GENDER_M,HYDROCODONE,SPCLTY_Plastic and Reconstru,STATE_FL,TRAMADOL,,
1275507170,GENDER_M,HYDROCODONE,OXYCODONE,SPCLTY_Family Practice,STATE_FL,TRAMADOL,
1275509499,GENDER_M,HYDROCODONE,OXYCODONE,SPCLTY_Emergency Medicine,STATE_GA,TRAMADOL,
1275510323,GENDER_M,HYDROCODONE,SPCLTY_General Surgery,STATE_WI,,,
1275512360,GENDER_F,HYDROCODONE,SPCLTY_Family Practice,STATE_VA,TRAMADOL,,
1275514614,FENTANYL,GENDER_M,HYDROCODONE,OXYCODONE,SPCLTY_Nurse Practitioner,STATE_NC,TRAMADOL
1275515538,GENDER_M,OXYCODONE,SPCLTY_General Surgery,STATE_NC,,,
1275517211,FENTANYL,GENDER_M,HYDROCODONE,SPCLTY_Internal Medicine,STATE_IL,TRAMADOL,
1275518268,FENTANYL,GENDER_M,HYDROCODONE,OXYCODONE,SPCLTY_Family Practice,STATE_PA,TRAMADOL
1275520009,GENDER_F,HYDROCODONE,OXYCODONE,SPCLTY_Internal Medicine,STATE_NH,TRAMADOL,
1275523722,GENDER_M,OXYCODONE,SPCLTY_Allergy/Immunology,STATE_IN,,,
1275524647,GENDER_M,SPCLTY_Orthopedic Surgery,STATE_CO,TRAMADOL,,,
1275527145,GENDER_F,HYDROCODONE,SPCLTY_Plastic and Reconstru,STATE_NY,,,
1275528184,GENDER_M,HYDROCODONE,OXYCODONE,SPCLTY_Emergency Medicine,STATE_MO,,
1275528598,GENDER_M,SPCLTY_Nephrology,STATE_NY,TRAMADOL,,,
1275528770,GENDER_F,HYDROCODONE,OXYCODONE,SPCLTY_Internal Medicine,STATE_TN,TRAMADOL,
1275529786,GENDER_F,SPCLTY_Nephrology,STATE_PA,TRAMADOL,,,
1275534828,GENDER_M,HYDROCODONE,SPCLTY_Internal Medicine,STATE_AZ,,,
1275535536,FENTANYL,GENDER_M,HYDROCODONE,OXYCODONE,SPCLTY_Rheumatology,STATE_IN,TRAMADOL
1275538092,GENDER_M,HYDROCODONE,OXYCODONE,SPCLTY_Family Practice,STATE_CO,,
1275539314,GENDER_M,HYDROCODONE,OXYCODONE,SPCLTY_Dentist,STATE_FL,,
1275540015,FENTANYL,GENDER_M,HYDROCODONE,OXYCODONE,SPCLTY_Pulmonary Disease,STATE_IL,TRAMADOL
1275544611,GENDER_F,HYDROCODONE,OXYCODONE,SPCLTY_Internal Medicine,STATE_OH,TRAMADOL,
1275545352,GENDER_M,HYDROCODONE,OXYCODONE,SPCLTY_Internal Medicine,STATE_NV,TRAMADOL,
1275547879,GENDER_M,HYDROCODONE,SPCLTY_General Practice,STATE_CA,TRAMADOL,,
1275551624,GENDER_M,HYDROCODONE,SPCLTY_Psychiatry,STATE_MI,,,
1275551764,GENDER_M,HYDROCODONE,OXYCODONE,SPCLTY_Orthopedic Surgery,STATE_MD,,
1275552705,GENDER_M,HYDROCODONE,SPCLTY_Family Practice,STATE_CA,TRAMADOL,,
1275554131,GENDER_M,HYDROCODONE,OXYCODONE,SPCLTY_Internal Medicine,STATE_MI,TRAMADOL,
1275554867,FENTANYL,GENDER_M,HYDROCODONE,OXYCODONE,SPCLTY_Family Practice,STATE_CA,TRAMADOL
1275560013,GENDER_F,HYDROCODONE,SPCLTY_General Surgery,STATE_NY,,,
1275561540,GENDER_M,HYDROCODONE,SPCLTY_Family Practice,STATE_TX,,,
1275564940,GENDER_M,HYDROCODONE,SPCLTY_Internal Medicine,STATE_IL,,,
1275566416,GENDER_M,HYDROCODONE,SPCLTY_Emergency Medicine,STATE_MT,,,
1275566598,FENTANYL,GENDER_M,HYDROCODONE,OXYCODONE,SPCLTY_Anesthesiology,STATE_AL,TRAMADOL
1275568966,FENTANYL,GENDER_M,HYDROCODONE,OXYCODONE,SPCLTY_General Practice,STATE_AL,TRAMADOL
1275569766,GENDER_M,OXYCODONE,SPCLTY_Allergy/Immunology,STATE_WA,,,
1275570004,GENDER_F,HYDROCODONE,SPCLTY_Medical Oncology,STATE_TX,,,
1275571044,GENDER_M,SPCLTY_Family Practice,STATE_FL,TRAMADOL,,,
1275575466,GENDER_M,OXYCODONE,SPCLTY_Gastroenterology,STATE_NY,TRAMADOL,,
1275579658,FENTANYL,GENDER_F,HYDROCODONE,SPCLTY_Family Practice,STATE_IL,TRAMADOL,
1275584526,GENDER_M,HYDROCODONE,OXYCODONE,SPCLTY_Orthopedic Surgery,STATE_NJ,,
1275585697,GENDER_M,HYDROCODONE,SPCLTY_Family Practice,STATE_CA,TRAMADOL,,
1275587883,FENTANYL,GENDER_M,HYDROCODONE,OXYCODONE,SPCLTY_General Surgery,STATE_TN,TRAMADOL
1275590150,GENDER_M,HYDROCODONE,SPCLTY_Dentist,STATE_CT,,,
1275591026,GENDER_M,HYDROCODONE,OXYCODONE,SPCLTY_Family Practice,STATE_FL,TRAMADOL,
1275592172,GENDER_F,OXYCODONE,SPCLTY_Physician Assistant,STATE_NY,,,
1275595290,GENDER_M,HYDROCODONE,SPCLTY_Dentist,STATE_KS,,,
1275603169,FENTANYL,GENDER_F,OXYCODONE,SPCLTY_Physician Assistant,STATE_MA,,
1275604498,GENDER_M,HYDROCODONE,SPCLTY_General Surgery,STATE_IL,,,
1275607160,GENDER_M,HYDROCODONE,SPCLTY_Plastic and Reconstru,STATE_CA,,,
1275610784,GENDER_M,HYDROCODONE,SPCLTY_Family Practice,STATE_TX,TRAMADOL,,
1275610925,GENDER_F,HYDROCODONE,OXYCODONE,SPCLTY_Nurse Practitioner,STATE_NC,TRAMADOL,
1275611592,GENDER_M,HYDROCODONE,OXYCODONE,SPCLTY_Pain Management,STATE_OH,,
1275613895,GENDER_F,HYDROCODONE,SPCLTY_General Surgery,STATE_TX,,,
1275619363,GENDER_M,HYDROCODONE,OXYCODONE,SPCLTY_General Practice,STATE_VA,TRAMADOL,
1275625865,GENDER_F,HYDROCODONE,SPCLTY_Nurse Practitioner,STATE_IL,TRAMADOL,,
1275630501,GENDER_F,HYDROCODONE,OXYCODONE,SPCLTY_Family Practice,STATE_MI,TRAMADOL,
1275633646,GENDER_M,HYDROCODONE,OXYCODONE,SPCLTY_General Practice,STATE_ME,,
1275635807,GENDER_M,HYDROCODONE,SPCLTY_Emergency Medicine,STATE_IN,,,
1275639585,FENTANYL,GENDER_F,HYDROCODONE,SPCLTY_Hematology,STATE_IL,,
1275640906,GENDER_M,HYDROCODONE,SPCLTY_Emergency Medicine,STATE_CA,,,
1275646333,GENDER_M,HYDROCODONE,OXYCODONE,SPCLTY_Emergency Medicine,STATE_CA,TRAMADOL,
1275646358,GENDER_F,HYDROCODONE,SPCLTY_Nurse Practitioner,STATE_SC,TRAMADOL,,
1275650418,GENDER_F,SPCLTY_Family Practice,STATE_FL,TRAMADOL,,,
1275656506,FENTANYL,GENDER_F,HYDROCODONE,OXYCODONE,SPCLTY_Family Practice,STATE_NC,TRAMADOL
1275659104,GENDER_M,HYDROCODONE,OXYCODONE,SPCLTY_Internal Medicine,STATE_OH,,
1275663593,FENTANYL,GENDER_F,HYDROCODONE,OXYCODONE,SPCLTY_Family Practice,STATE_NC,TRAMADOL
1275669293,GENDER_M,HYDROCODONE,OXYCODONE,SPCLTY_Internal Medicine,STATE_MI,TRAMADOL,
1275686057,GENDER_F,OXYCODONE,SPCLTY_Emergency Medicine,STATE_NY,,,
1275687618,GENDER_F,HYDROCODONE,OXYCODONE,SPCLTY_Physician Assistant,STATE_MD,TRAMADOL,
1275688095,GENDER_M,HYDROCODONE,SPCLTY_Dentist,STATE_NJ,,,
1275692212,GENDER_F,HYDROCODONE,OXYCODONE,SPCLTY_Family Practice,STATE_VA,TRAMADOL,
1275694747,GENDER_M,HYDROCODONE,OXYCODONE,SPCLTY_Family Practice,STATE_TN,TRAMADOL,
1275696783,GENDER_M,HYDROCODONE,OXYCODONE,SPCLTY_General Practice,STATE_NY,,
1275720294,GENDER_M,SPCLTY_Infectious Disease,STATE_CA,TRAMADOL,,,
1275720542,GENDER_M,HYDROCODONE,SPCLTY_Internal Medicine,STATE_NY,,,
1275722274,GENDER_M,HYDROCODONE,SPCLTY_Physician Assistant,STATE_CA,,,
1275727000,GENDER_F,HYDROCODONE,SPCLTY_Dentist,STATE_MN,,,
1275729345,GENDER_M,HYDROCODONE,SPCLTY_Orthopedic Surgery,STATE_AZ,TRAMADOL,,
1275732091,GENDER_F,HYDROCODONE,SPCLTY_Family Practice,STATE_IL,,,
1275732364,GENDER_M,HYDROCODONE,SPCLTY_Internal Medicine,STATE_ME,TRAMADOL,,
1275732976,GENDER_M,HYDROCODONE,SPCLTY_Family Practice,STATE_TX,TRAMADOL,,
1275736605,GENDER_F,HYDROCODONE,SPCLTY_Dentist,STATE_FL,,,
1275737066,GENDER_F,HYDROCODONE,SPCLTY_Urology,STATE_GA,,,
1275741647,FENTANYL,GENDER_M,HYDROCODONE,OXYCODONE,SPCLTY_Neurology,STATE_MI,TRAMADOL
1275747842,GENDER_F,HYDROCODONE,SPCLTY_Family Practice,STATE_TX,TRAMADOL,,
1275749558,FENTANYL,GENDER_M,HYDROCODONE,OXYCODONE,SPCLTY_Internal Medicine,STATE_OH,TRAMADOL
1275752719,GENDER_M,HYDROCODONE,SPCLTY_Dentist,STATE_PA,,,
1275761421,GENDER_F,HYDROCODONE,OXYCODONE,SPCLTY_Internal Medicine,STATE_RI,,
1275765950,GENDER_M,OXYCODONE,SPCLTY_Internal Medicine,STATE_FL,TRAMADOL,,
1275767261,GENDER_F,SPCLTY_Rheumatology,STATE_TN,TRAMADOL,,,
1275778797,GENDER_F,OXYCODONE,SPCLTY_Physician Assistant,STATE_PA,,,
1275780256,GENDER_M,OXYCODONE,SPCLTY_Emergency Medicine,STATE_NY,TRAMADOL,,
1275791527,GENDER_F,HYDROCODONE,OXYCODONE,SPCLTY_Family Practice,STATE_MA,TRAMADOL,
1275795528,GENDER_M,OXYCODONE,SPCLTY_Internal Medicine,STATE_FL,,,
1275798704,GENDER_M,HYDROCODONE,SPCLTY_Dentist,STATE_TN,,,
1275807059,GENDER_M,HYDROCODONE,SPCLTY_Dentist,STATE_TX,,,
1275815250,GENDER_F,HYDROCODONE,OXYCODONE,SPCLTY_Emergency Medicine,STATE_NY,,
1275823684,GENDER_F,HYDROCODONE,SPCLTY_Urology,STATE_MI,,,
1275826646,GENDER_M,HYDROCODONE,OXYCODONE,SPCLTY_Nurse Practitioner,STATE_NC,,
1275837080,GENDER_M,OXYCODONE,SPCLTY_Family Practice,STATE_NY,,,
1275837221,FENTANYL,GENDER_F,HYDROCODONE,OXYCODONE,SPCLTY_Nurse Practitioner,STATE_OH,TRAMADOL
1275849051,GENDER_M,HYDROCODONE,OXYCODONE,SPCLTY_Internal Medicine,STATE_MD,TRAMADOL,
1275851537,GENDER_M,SPCLTY_Family Practice,STATE_FL,TRAMADOL,,,
1275854911,GENDER_M,OXYCODONE,SPCLTY_Emergency Medicine,STATE_PA,,,
1275862625,FENTANYL,GENDER_F,HYDROCODONE,SPCLTY_Nurse Practitioner,STATE_MT,TRAMADOL,
1275876955,GENDER_M,OXYCODONE,SPCLTY_Student in an Organiz,STATE_MD,,,
1275890600,GENDER_M,OXYCODONE,SPCLTY_Podiatry,STATE_MI,,,
1275968075,GENDER_F,OXYCODONE,SPCLTY_Physician Assistant,STATE_MA,,,
1285600569,GENDER_M,OXYCODONE,SPCLTY_General Surgery,STATE_MA,,,
1285601765,GENDER_F,HYDROCODONE,SPCLTY_Family Practice,STATE_OH,TRAMADOL,,
1285602482,GENDER_M,HYDROCODONE,OXYCODONE,SPCLTY_Orthopedic Surgery,STATE_WI,,
1285604363,GENDER_M,HYDROCODONE,OXYCODONE,SPCLTY_General Practice,STATE_AL,TRAMADOL,
1285606897,GENDER_M,HYDROCODONE,SPCLTY_Plastic and Reconstru,STATE_AL,,,
1285611095,GENDER_M,HYDROCODONE,OXYCODONE,SPCLTY_Orthopedic Surgery,STATE_MO,TRAMADOL,
1285611889,GENDER_M,HYDROCODONE,OXYCODONE,SPCLTY_Internal Medicine,STATE_SC,TRAMADOL,
1285617209,GENDER_M,OXYCODONE,SPCLTY_Podiatry,STATE_DE,,,
1285617332,GENDER_M,HYDROCODONE,OXYCODONE,SPCLTY_Infectious Disease,STATE_TN,TRAMADOL,
1285618249,GENDER_F,HYDROCODONE,SPCLTY_Internal Medicine,STATE_MN,TRAMADOL,,
1285619866,FENTANYL,GENDER_F,HYDROCODONE,OXYCODONE,SPCLTY_Internal Medicine,STATE_TN,TRAMADOL
1285621557,GENDER_M,HYDROCODONE,SPCLTY_Internal Medicine,STATE_PA,,,
1285622803,GENDER_M,HYDROCODONE,OXYCODONE,SPCLTY_Physician Assistant,STATE_CA,,
1285623389,GENDER_M,OXYCODONE,SPCLTY_Internal Medicine,STATE_NY,TRAMADOL,,
1285624569,GENDER_M,HYDROCODONE,OXYCODONE,SPCLTY_Emergency Medicine,STATE_PA,,
1285624932,GENDER_F,SPCLTY_Physician Assistant,STATE_FL,TRAMADOL,,,
1285625731,GENDER_M,HYDROCODONE,OXYCODONE,SPCLTY_Family Practice,STATE_TN,TRAMADOL,
1285626739,FENTANYL,GENDER_F,HYDROCODONE,OXYCODONE,SPCLTY_Internal Medicine,STATE_PA,TRAMADOL
1285626812,GENDER_M,HYDROCODONE,SPCLTY_Family Practice,STATE_MN,,,
1285627976,GENDER_F,HYDROCODONE,OXYCODONE,SPCLTY_Internal Medicine,STATE_WI,TRAMADOL,
1285631101,GENDER_F,HYDROCODONE,OXYCODONE,SPCLTY_Nephrology,STATE_NY,TRAMADOL,
1285631580,FENTANYL,GENDER_M,HYDROCODONE,OXYCODONE,SPCLTY_Family Practice,STATE_NM,TRAMADOL
1285633313,GENDER_M,HYDROCODONE,OXYCODONE,SPCLTY_General Surgery,STATE_OK,,
1285635573,GENDER_F,HYDROCODONE,OXYCODONE,SPCLTY_Internal Medicine,STATE_NV,,
1285636100,GENDER_F,HYDROCODONE,OXYCODONE,SPCLTY_General Practice,STATE_IA,TRAMADOL,
1285637041,GENDER_M,HYDROCODONE,SPCLTY_Podiatry,STATE_NM,,,
1285637579,GENDER_M,HYDROCODONE,OXYCODONE,SPCLTY_General Surgery,STATE_OR,,
1285637629,GENDER_M,OXYCODONE,SPCLTY_General Practice,STATE_PR,TRAMADOL,,
1285638684,FENTANYL,GENDER_M,HYDROCODONE,OXYCODONE,SPCLTY_Family Practice,STATE_WV,TRAMADOL
1285638767,GENDER_F,HYDROCODONE,SPCLTY_Nurse Practitioner,STATE_WI,TRAMADOL,,
1285639351,FENTANYL,GENDER_F,HYDROCODONE,SPCLTY_Family Practice,STATE_MI,,
1285640169,FENTANYL,GENDER_M,HYDROCODONE,OXYCODONE,SPCLTY_Internal Medicine,STATE_FL,TRAMADOL
1285649012,GENDER_M,HYDROCODONE,SPCLTY_Internal Medicine,STATE_IL,TRAMADOL,,
1285653931,FENTANYL,GENDER_M,HYDROCODONE,SPCLTY_Internal Medicine,STATE_NY,TRAMADOL,
1285654434,GENDER_M,OXYCODONE,SPCLTY_General Surgery,STATE_FL,,,
1285656900,GENDER_M,HYDROCODONE,SPCLTY_Family Practice,STATE_CA,TRAMADOL,,
1285657098,FENTANYL,GENDER_M,HYDROCODONE,OXYCODONE,SPCLTY_Family Practice,STATE_OH,TRAMADOL
1285658351,GENDER_M,SPCLTY_Emergency Medicine,STATE_TX,TRAMADOL,,,
1285659193,GENDER_M,HYDROCODONE,OXYCODONE,SPCLTY_Family Practice,STATE_NV,TRAMADOL,
1285662957,GENDER_M,HYDROCODONE,SPCLTY_Family Practice,STATE_AR,,,
1285663633,GENDER_M,HYDROCODONE,SPCLTY_Anesthesiology,STATE_MS,TRAMADOL,,
1285667790,GENDER_M,HYDROCODONE,SPCLTY_Family Practice,STATE_NC,TRAMADOL,,
1285668210,GENDER_F,HYDROCODONE,OXYCODONE,SPCLTY_Family Practice,STATE_PA,TRAMADOL,
1285668418,GENDER_M,HYDROCODONE,SPCLTY_Dentist,STATE_PA,,,
1285671008,GENDER_M,HYDROCODONE,OXYCODONE,SPCLTY_Family Practice,STATE_OK,TRAMADOL,
1285672576,GENDER_M,OXYCODONE,SPCLTY_Emergency Medicine,STATE_MA,,,
1285673087,FENTANYL,GENDER_M,HYDROCODONE,OXYCODONE,SPCLTY_Family Practice,STATE_KS,TRAMADOL
1285675637,GENDER_M,HYDROCODONE,OXYCODONE,SPCLTY_Family Practice,STATE_NE,TRAMADOL,
1285675868,FENTANYL,GENDER_M,HYDROCODONE,OXYCODONE,SPCLTY_Family Practice,STATE_OH,TRAMADOL
1285680884,GENDER_M,HYDROCODONE,SPCLTY_Dentist,STATE_MO,,,
1285690529,FENTANYL,GENDER_F,HYDROCODONE,SPCLTY_Hematology/Oncology,STATE_FL,,
1285692087,GENDER_F,SPCLTY_Physician Assistant,STATE_NY,TRAMADOL,,,
1285692301,GENDER_F,HYDROCODONE,OXYCODONE,SPCLTY_Internal Medicine,STATE_IN,TRAMADOL,
1285693085,GENDER_F,HYDROCODONE,SPCLTY_Nurse Practitioner,STATE_PA,TRAMADOL,,
1285694935,GENDER_M,SPCLTY_Orthopedic Surgery,STATE_DE,TRAMADOL,,,
1285695064,FENTANYL,GENDER_M,HYDROCODONE,OXYCODONE,SPCLTY_Internal Medicine,STATE_PA,
1285695106,GENDER_F,HYDROCODONE,OXYCODONE,SPCLTY_Internal Medicine,STATE_WI,TRAMADOL,
1285695684,GENDER_M,HYDROCODONE,OXYCODONE,SPCLTY_Thoracic Surgery,STATE_MA,,
1285695866,FENTANYL,GENDER_M,HYDROCODONE,OXYCODONE,SPCLTY_Family Practice,STATE_KY,TRAMADOL
1285697029,GENDER_F,HYDROCODONE,OXYCODONE,SPCLTY_Certified Clinical Nu,STATE_IL,TRAMADOL,
1285699132,GENDER_F,HYDROCODONE,SPCLTY_Nurse Practitioner,STATE_KY,TRAMADOL,,
1285706093,GENDER_F,HYDROCODONE,SPCLTY_General Surgery,STATE_CA,,,
1285708115,GENDER_M,HYDROCODONE,SPCLTY_Dentist,STATE_IL,,,
1285709212,GENDER_F,HYDROCODONE,OXYCODONE,SPCLTY_Podiatry,STATE_MI,,
1285709865,GENDER_M,HYDROCODONE,SPCLTY_Oral Surgery (dentist,STATE_KY,,,
1285714824,GENDER_M,HYDROCODONE,OXYCODONE,SPCLTY_Internal Medicine,STATE_FL,TRAMADOL,
1285716712,FENTANYL,GENDER_M,HYDROCODONE,OXYCODONE,SPCLTY_Internal Medicine,STATE_VA,TRAMADOL
1285717488,GENDER_M,SPCLTY_Family Practice,STATE_LA,TRAMADOL,,,
1285724807,GENDER_M,HYDROCODONE,SPCLTY_Rheumatology,STATE_UT,,,
1285737569,GENDER_M,HYDROCODONE,SPCLTY_Obstetrics/Gynecology,STATE_CA,TRAMADOL,,
1285738468,GENDER_M,HYDROCODONE,SPCLTY_Emergency Medicine,STATE_TN,,,
1285742528,GENDER_M,HYDROCODONE,OXYCODONE,SPCLTY_Internal Medicine,STATE_CA,TRAMADOL,
1285746040,GENDER_M,HYDROCODONE,OXYCODONE,SPCLTY_Internal Medicine,STATE_CA,TRAMADOL,
1285746883,GENDER_M,HYDROCODONE,OXYCODONE,SPCLTY_Internal Medicine,STATE_ME,TRAMADOL,
1285750067,GENDER_M,HYDROCODONE,SPCLTY_Dentist,STATE_AL,,,
1285751859,GENDER_M,HYDROCODONE,OXYCODONE,SPCLTY_Orthopedic Surgery,STATE_MO,TRAMADOL,
1285752832,GENDER_M,SPCLTY_General Practice,STATE_CA,TRAMADOL,,,
1285758276,GENDER_M,SPCLTY_Family Practice,STATE_NY,TRAMADOL,,,
1285760405,FENTANYL,GENDER_M,OXYCODONE,SPCLTY_Pharmacist,STATE_WA,,
1285782151,GENDER_M,HYDROCODONE,OXYCODONE,SPCLTY_Family Practice,STATE_CA,TRAMADOL,
1285786210,GENDER_M,HYDROCODONE,SPCLTY_Urology,STATE_OR,,,
1285792762,FENTANYL,GENDER_M,HYDROCODONE,SPCLTY_General Practice,STATE_CA,TRAMADOL,
1285805895,GENDER_M,HYDROCODONE,SPCLTY_Hand Surgery,STATE_MI,,,
1285821397,FENTANYL,GENDER_M,HYDROCODONE,OXYCODONE,SPCLTY_Internal Medicine,STATE_AL,TRAMADOL
1285827386,GENDER_F,HYDROCODONE,OXYCODONE,SPCLTY_Emergency Medicine,STATE_PA,,
1285830315,GENDER_F,HYDROCODONE,SPCLTY_Family Practice,STATE_CA,,,
1285832071,GENDER_M,HYDROCODONE,SPCLTY_Dentist,STATE_VA,,,
1285845578,GENDER_F,HYDROCODONE,OXYCODONE,SPCLTY_Hematology/Oncology,STATE_OH,,
1285846766,GENDER_F,HYDROCODONE,OXYCODONE,SPCLTY_Emergency Medicine,STATE_FL,,
1285848689,FENTANYL,GENDER_F,HYDROCODONE,OXYCODONE,SPCLTY_Hematology/Oncology,STATE_GA,
1285855239,GENDER_M,OXYCODONE,SPCLTY_General Surgery,STATE_AK,,,
1285855288,GENDER_F,SPCLTY_General Surgery,STATE_CA,TRAMADOL,,,
1285859116,GENDER_M,HYDROCODONE,SPCLTY_Dentist,STATE_CA,,,
1285862144,GENDER_M,OXYCODONE,SPCLTY_Internal Medicine,STATE_TX,,,
1285863753,GENDER_M,HYDROCODONE,SPCLTY_Internal Medicine,STATE_AL,,,
1285868190,GENDER_F,HYDROCODONE,SPCLTY_Family Practice,STATE_MN,,,
1285868984,GENDER_F,HYDROCODONE,SPCLTY_Nurse Practitioner,STATE_WA,,,
1285869107,GENDER_M,HYDROCODONE,SPCLTY_Oral Surgery (dentist,STATE_CT,,,
1285869768,FENTANYL,GENDER_F,HYDROCODONE,OXYCODONE,SPCLTY_Family Practice,STATE_MO,TRAMADOL
1285871681,GENDER_F,HYDROCODONE,SPCLTY_Internal Medicine,STATE_TX,TRAMADOL,,
1285872952,FENTANYL,GENDER_F,HYDROCODONE,OXYCODONE,SPCLTY_Nurse Practitioner,STATE_OH,TRAMADOL
1285873919,GENDER_F,HYDROCODONE,OXYCODONE,SPCLTY_Family Practice,STATE_OH,TRAMADOL,
1285878926,GENDER_M,HYDROCODONE,OXYCODONE,SPCLTY_Physician Assistant,STATE_NC,TRAMADOL,
1285880898,GENDER_F,HYDROCODONE,SPCLTY_Emergency Medicine,STATE_IL,,,
1285882738,FENTANYL,GENDER_F,HYDROCODONE,OXYCODONE,SPCLTY_Nurse Practitioner,STATE_TN,
1285883934,GENDER_M,HYDROCODONE,SPCLTY_Internal Medicine,STATE_OH,,,
1285891655,GENDER_F,SPCLTY_Family Practice,STATE_OH,TRAMADOL,,,
1285896332,GENDER_M,HYDROCODONE,SPCLTY_Dentist,STATE_WV,,,
1285898031,GENDER_M,HYDROCODONE,SPCLTY_Emergency Medicine,STATE_ND,TRAMADOL,,
1285906495,GENDER_F,HYDROCODONE,OXYCODONE,SPCLTY_Nurse Practitioner,STATE_OH,TRAMADOL,
1285913970,GENDER_M,HYDROCODONE,SPCLTY_Physician Assistant,STATE_CA,TRAMADOL,,
1285936757,GENDER_M,HYDROCODONE,SPCLTY_Nephrology,STATE_CA,TRAMADOL,,
1285939900,GENDER_F,HYDROCODONE,OXYCODONE,SPCLTY_Physician Assistant,STATE_ME,TRAMADOL,
1285949677,GENDER_F,HYDROCODONE,SPCLTY_Physician Assistant,STATE_MN,TRAMADOL,,
1285950444,GENDER_M,HYDROCODONE,OXYCODONE,SPCLTY_Family Practice,STATE_NM,TRAMADOL,
1285957241,GENDER_F,HYDROCODONE,SPCLTY_Family Practice,STATE_CA,,,
1285968578,GENDER_F,OXYCODONE,SPCLTY_Physician Assistant,STATE_MA,,,
1285973396,GENDER_F,OXYCODONE,SPCLTY_Nurse Practitioner,STATE_NC,TRAMADOL,,
1285975532,GENDER_F,HYDROCODONE,SPCLTY_Nurse Practitioner,STATE_IN,,,
1285976597,GENDER_M,OXYCODONE,SPCLTY_Student in an Organiz,STATE_OH,,,
1285988154,GENDER_F,HYDROCODONE,SPCLTY_Nurse Practitioner,STATE_MS,,,
1295003325,GENDER_F,HYDROCODONE,SPCLTY_Nurse Practitioner,STATE_TX,TRAMADOL,,
1295009256,GENDER_M,HYDROCODONE,SPCLTY_Urology,STATE_CA,,,
1295035020,GENDER_M,HYDROCODONE,SPCLTY_Dentist,STATE_ID,,,
1295040806,GENDER_M,HYDROCODONE,SPCLTY_Student in an Organiz,STATE_TX,,,
1295043008,GENDER_F,SPCLTY_Nurse Practitioner,STATE_MA,TRAMADOL,,,
1295045516,GENDER_F,HYDROCODONE,SPCLTY_Nurse Practitioner,STATE_WA,,,
1295046324,GENDER_M,HYDROCODONE,OXYCODONE,SPCLTY_Physician Assistant,STATE_AZ,,
1295056067,GENDER_M,HYDROCODONE,SPCLTY_General Surgery,STATE_GA,,,
1295062099,GENDER_M,HYDROCODONE,OXYCODONE,SPCLTY_Internal Medicine,STATE_OH,,
1295077808,GENDER_F,HYDROCODONE,OXYCODONE,SPCLTY_Nurse Practitioner,STATE_OH,,
1295081750,GENDER_M,HYDROCODONE,SPCLTY_Dentist,STATE_OR,,,
1295082063,GENDER_F,OXYCODONE,SPCLTY_Nurse Practitioner,STATE_DE,,,
1295085587,FENTANYL,GENDER_F,HYDROCODONE,OXYCODONE,SPCLTY_Nurse Practitioner,STATE_NC,TRAMADOL
1295094068,GENDER_F,HYDROCODONE,SPCLTY_Emergency Medicine,STATE_TX,,,
1295096923,GENDER_M,HYDROCODONE,SPCLTY_Emergency Medicine,STATE_NC,,,
1295097582,GENDER_M,HYDROCODONE,SPCLTY_Internal Medicine,STATE_NV,,,
1295098499,GENDER_M,HYDROCODONE,SPCLTY_General Surgery,STATE_IA,,,
1295171270,GENDER_F,HYDROCODONE,SPCLTY_Nurse Practitioner,STATE_MI,TRAMADOL,,
1295700276,FENTANYL,GENDER_F,HYDROCODONE,OXYCODONE,SPCLTY_Internal Medicine,STATE_NY,TRAMADOL
1295700508,GENDER_M,HYDROCODONE,OXYCODONE,SPCLTY_Internal Medicine,STATE_VA,TRAMADOL,
1295701498,FENTANYL,GENDER_M,HYDROCODONE,OXYCODONE,SPCLTY_Emergency Medicine,STATE_NC,TRAMADOL
1295702439,GENDER_M,HYDROCODONE,SPCLTY_Internal Medicine,STATE_IL,TRAMADOL,,
1295705580,FENTANYL,GENDER_M,HYDROCODONE,OXYCODONE,SPCLTY_Family Practice,STATE_IN,TRAMADOL
1295706398,GENDER_M,HYDROCODONE,OXYCODONE,SPCLTY_Physician Assistant,STATE_AE,TRAMADOL,
1295706448,GENDER_M,HYDROCODONE,OXYCODONE,SPCLTY_General Surgery,STATE_CA,,
1295708279,GENDER_M,HYDROCODONE,SPCLTY_General Surgery,STATE_PA,,,
1295709855,GENDER_M,HYDROCODONE,OXYCODONE,SPCLTY_Internal Medicine,STATE_MN,TRAMADOL,
1295710077,GENDER_M,OXYCODONE,SPCLTY_Otolaryngology,STATE_AZ,,,
1295710291,FENTANYL,GENDER_M,HYDROCODONE,OXYCODONE,SPCLTY_Family Practice,STATE_NY,TRAMADOL
1295710820,GENDER_M,HYDROCODONE,SPCLTY_Orthopedic Surgery,STATE_TX,TRAMADOL,,
1295711539,GENDER_M,SPCLTY_Gastroenterology,STATE_CA,TRAMADOL,,,
1295712032,GENDER_M,OXYCODONE,SPCLTY_Internal Medicine,STATE_OH,,,
1295714558,GENDER_M,HYDROCODONE,OXYCODONE,SPCLTY_Emergency Medicine,STATE_TN,TRAMADOL,
1295716108,GENDER_M,HYDROCODONE,SPCLTY_General Surgery,STATE_CA,,,
1295718492,GENDER_M,HYDROCODONE,SPCLTY_Dentist,STATE_WY,,,
1295720761,GENDER_M,HYDROCODONE,SPCLTY_Ophthalmology,STATE_NM,,,
1295721322,GENDER_M,HYDROCODONE,OXYCODONE,SPCLTY_Colorectal Surgery (f,STATE_WA,,
1295722734,GENDER_M,HYDROCODONE,OXYCODONE,SPCLTY_Internal Medicine,STATE_FL,TRAMADOL,
1295725331,GENDER_F,HYDROCODONE,SPCLTY_Nurse Practitioner,STATE_NM,,,
1295726370,GENDER_F,HYDROCODONE,SPCLTY_Physician Assistant,STATE_GA,,,
1295729085,GENDER_M,HYDROCODONE,SPCLTY_Family Practice,STATE_ID,TRAMADOL,,
1295729168,GENDER_M,HYDROCODONE,OXYCODONE,SPCLTY_Internal Medicine,STATE_AZ,TRAMADOL,
1295730836,GENDER_M,OXYCODONE,SPCLTY_Cardiology,STATE_IN,,,
1295732568,GENDER_M,HYDROCODONE,SPCLTY_Gastroenterology,STATE_CA,TRAMADOL,,
1295734077,GENDER_M,HYDROCODONE,SPCLTY_Physician Assistant,STATE_NC,,,
1295735751,FENTANYL,GENDER_M,HYDROCODONE,SPCLTY_Family Practice,STATE_MI,TRAMADOL,
1295736577,FENTANYL,GENDER_F,HYDROCODONE,SPCLTY_Internal Medicine,STATE_NJ,TRAMADOL,
1295736940,GENDER_M,HYDROCODONE,SPCLTY_Urology,STATE_TN,,,
1295737088,GENDER_M,HYDROCODONE,SPCLTY_Nephrology,STATE_IL,TRAMADOL,,
1295738235,GENDER_M,HYDROCODONE,OXYCODONE,SPCLTY_Family Practice,STATE_OH,TRAMADOL,
1295741635,GENDER_M,HYDROCODONE,SPCLTY_General Surgery,STATE_CA,,,
1295743656,GENDER_M,OXYCODONE,SPCLTY_Gastroenterology,STATE_WI,,,
1295746089,GENDER_F,SPCLTY_Psychiatry,STATE_TX,TRAMADOL,,,
1295746345,GENDER_F,OXYCODONE,SPCLTY_Podiatry,STATE_CA,,,
1295746634,GENDER_M,HYDROCODONE,SPCLTY_Pulmonary Disease,STATE_LA,TRAMADOL,,
1295751097,GENDER_F,HYDROCODONE,SPCLTY_Emergency Medicine,STATE_WA,,,
1295753127,GENDER_M,HYDROCODONE,SPCLTY_Family Practice,STATE_TX,TRAMADOL,,
1295754398,GENDER_F,HYDROCODONE,SPCLTY_Emergency Medicine,STATE_CA,,,
1295755239,GENDER_M,HYDROCODONE,SPCLTY_Family Practice,STATE_LA,TRAMADOL,,
1295760270,FENTANYL,GENDER_M,HYDROCODONE,OXYCODONE,SPCLTY_Internal Medicine,STATE_NM,TRAMADOL
1295761153,GENDER_M,HYDROCODONE,OXYCODONE,SPCLTY_Physician Assistant,STATE_AZ,TRAMADOL,
1295761450,GENDER_M,HYDROCODONE,OXYCODONE,SPCLTY_Orthopedic Surgery,STATE_GA,TRAMADOL,
1295765063,GENDER_M,HYDROCODONE,SPCLTY_Family Practice,STATE_FL,TRAMADOL,,
1295766525,GENDER_M,HYDROCODONE,OXYCODONE,SPCLTY_Sports Medicine,STATE_VA,TRAMADOL,
1295771335,GENDER_F,OXYCODONE,SPCLTY_Physician Assistant,STATE_NJ,,,
1295774024,FENTANYL,GENDER_F,HYDROCODONE,OXYCODONE,SPCLTY_Family Practice,STATE_PA,TRAMADOL
1295774180,GENDER_F,HYDROCODONE,SPCLTY_Nurse Practitioner,STATE_ME,,,
1295774305,GENDER_F,HYDROCODONE,SPCLTY_Family Practice,STATE_GA,TRAMADOL,,
1295774487,GENDER_M,HYDROCODONE,OXYCODONE,SPCLTY_Family Practice,STATE_PA,,
1295776193,FENTANYL,GENDER_M,HYDROCODONE,OXYCODONE,SPCLTY_Family Practice,STATE_TN,TRAMADOL
1295779007,GENDER_M,HYDROCODONE,SPCLTY_General Surgery,STATE_MS,,,
1295779213,GENDER_F,HYDROCODONE,SPCLTY_Physician Assistant,STATE_OK,TRAMADOL,,
1295779478,FENTANYL,GENDER_F,HYDROCODONE,OXYCODONE,SPCLTY_Geriatric Medicine,STATE_AL,TRAMADOL
1295783561,FENTANYL,GENDER_M,OXYCODONE,SPCLTY_Hospice and Palliativ,STATE_TN,,
1295784437,GENDER_M,HYDROCODONE,OXYCODONE,SPCLTY_Orthopedic Surgery,STATE_CO,TRAMADOL,
1295785194,GENDER_M,HYDROCODONE,OXYCODONE,SPCLTY_General Surgery,STATE_GA,,
1295786259,GENDER_F,HYDROCODONE,OXYCODONE,SPCLTY_Internal Medicine,STATE_LA,TRAMADOL,
1295790129,FENTANYL,GENDER_F,HYDROCODONE,OXYCODONE,SPCLTY_Internal Medicine,STATE_WA,TRAMADOL
1295791309,FENTANYL,GENDER_F,HYDROCODONE,OXYCODONE,SPCLTY_Family Practice,STATE_MD,TRAMADOL
1295793073,GENDER_M,HYDROCODONE,OXYCODONE,SPCLTY_Specialist,STATE_FL,,
1295793719,GENDER_F,HYDROCODONE,SPCLTY_Family Practice,STATE_IA,TRAMADOL,,
1295794725,FENTANYL,GENDER_M,HYDROCODONE,OXYCODONE,SPCLTY_Family Practice,STATE_CA,TRAMADOL
1295794840,GENDER_M,HYDROCODONE,OXYCODONE,SPCLTY_Emergency Medicine,STATE_MA,,
1295795417,GENDER_M,HYDROCODONE,SPCLTY_Emergency Medicine,STATE_VA,,,
1295796720,GENDER_M,HYDROCODONE,SPCLTY_Family Practice,STATE_AR,TRAMADOL,,
1295796886,GENDER_F,HYDROCODONE,OXYCODONE,SPCLTY_Nurse Practitioner,STATE_MA,TRAMADOL,
1295797645,GENDER_M,HYDROCODONE,OXYCODONE,SPCLTY_Internal Medicine,STATE_FL,TRAMADOL,
1295798510,GENDER_F,SPCLTY_Emergency Medicine,STATE_AR,TRAMADOL,,,
1295803724,FENTANYL,GENDER_M,HYDROCODONE,OXYCODONE,SPCLTY_Internal Medicine,STATE_MI,TRAMADOL
1295804201,GENDER_M,HYDROCODONE,SPCLTY_Emergency Medicine,STATE_CA,,,
1295807394,GENDER_F,OXYCODONE,SPCLTY_Osteopathic Manipulat,STATE_CO,,,
1295807899,GENDER_M,OXYCODONE,SPCLTY_Hematology/Oncology,STATE_NC,,,
1295811537,FENTANYL,GENDER_M,HYDROCODONE,OXYCODONE,SPCLTY_General Practice,STATE_FL,TRAMADOL
1295812311,GENDER_M,OXYCODONE,SPCLTY_Otolaryngology,STATE_PA,,,
1295812824,GENDER_M,SPCLTY_General Practice,STATE_MD,TRAMADOL,,,
1295813533,GENDER_M,HYDROCODONE,OXYCODONE,SPCLTY_Orthopedic Surgery,STATE_KY,TRAMADOL,
1295813996,GENDER_M,HYDROCODONE,SPCLTY_Internal Medicine,STATE_IL,TRAMADOL,,
1295816510,GENDER_F,HYDROCODONE,SPCLTY_Internal Medicine,STATE_TX,,,
1295821833,GENDER_M,HYDROCODONE,SPCLTY_Emergency Medicine,STATE_CA,TRAMADOL,,
1295822880,GENDER_F,HYDROCODONE,SPCLTY_Family Practice,STATE_ME,TRAMADOL,,
1295823771,GENDER_F,HYDROCODONE,SPCLTY_Family Practice,STATE_SC,TRAMADOL,,
1295830289,GENDER_M,HYDROCODONE,SPCLTY_Dentist,STATE_WI,,,
1295832368,GENDER_M,SPCLTY_Family Practice,STATE_GA,TRAMADOL,,,
1295836955,GENDER_F,HYDROCODONE,SPCLTY_Physician Assistant,STATE_PA,,,
1295840395,GENDER_F,HYDROCODONE,OXYCODONE,SPCLTY_Nurse Practitioner,STATE_ND,TRAMADOL,
1295840569,GENDER_M,HYDROCODONE,OXYCODONE,SPCLTY_Family Practice,STATE_AR,TRAMADOL,
1295842748,GENDER_F,HYDROCODONE,SPCLTY_Certified Clinical Nu,STATE_TX,TRAMADOL,,
1295843852,GENDER_M,SPCLTY_Physician Assistant,STATE_NY,TRAMADOL,,,
1295845469,GENDER_M,HYDROCODONE,OXYCODONE,SPCLTY_Family Practice,STATE_MI,TRAMADOL,
1295846186,GENDER_M,HYDROCODONE,OXYCODONE,SPCLTY_Orthopedic Surgery,STATE_MT,,
1295848182,FENTANYL,GENDER_M,HYDROCODONE,OXYCODONE,SPCLTY_Internal Medicine,STATE_PA,TRAMADOL
1295852101,GENDER_M,HYDROCODONE,SPCLTY_General Surgery,STATE_IN,,,
1295863967,GENDER_M,HYDROCODONE,OXYCODONE,SPCLTY_Dentist,STATE_OH,,
1295870855,GENDER_F,HYDROCODONE,OXYCODONE,SPCLTY_Dentist,STATE_IN,,
1295872216,FENTANYL,GENDER_F,HYDROCODONE,OXYCODONE,SPCLTY_Physical Medicine and,STATE_TN,TRAMADOL
1295893543,GENDER_M,HYDROCODONE,SPCLTY_Family Practice,STATE_FL,TRAMADOL,,
1295896710,GENDER_M,HYDROCODONE,SPCLTY_Dentist,STATE_TN,,,
1295897668,GENDER_F,HYDROCODONE,OXYCODONE,SPCLTY_Family Practice,STATE_MD,TRAMADOL,
1295902740,GENDER_F,HYDROCODONE,OXYCODONE,SPCLTY_Family Practice,STATE_MN,TRAMADOL,
1295909257,GENDER_F,SPCLTY_Nurse Practitioner,STATE_NM,TRAMADOL,,,
1295910073,GENDER_M,HYDROCODONE,SPCLTY_Family Practice,STATE_GA,,,
1295921591,GENDER_F,HYDROCODONE,SPCLTY_Nurse Practitioner,STATE_SC,TRAMADOL,,
1295930667,GENDER_F,HYDROCODONE,SPCLTY_Family Practice,STATE_MI,TRAMADOL,,
1295932515,GENDER_M,HYDROCODONE,OXYCODONE,SPCLTY_Family Practice,STATE_MT,TRAMADOL,
1295935211,GENDER_M,OXYCODONE,SPCLTY_Internal Medicine,STATE_WA,,,
1295939171,GENDER_F,HYDROCODONE,SPCLTY_Physician Assistant,STATE_NY,,,
1295941425,GENDER_F,HYDROCODONE,SPCLTY_Rheumatology,STATE_PA,TRAMADOL,,
1295943314,GENDER_F,SPCLTY_Physical Medicine and,STATE_FL,TRAMADOL,,,
1295947992,FENTANYL,GENDER_F,HYDROCODONE,OXYCODONE,SPCLTY_Hematology/Oncology,STATE_VA,TRAMADOL
1295953602,GENDER_M,HYDROCODONE,SPCLTY_Physician Assistant,STATE_MI,,,
1295955862,GENDER_M,HYDROCODONE,SPCLTY_Dentist,STATE_VA,,,
1295957116,FENTANYL,GENDER_M,HYDROCODONE,OXYCODONE,SPCLTY_Family Practice,STATE_MN,TRAMADOL
1295962231,GENDER_F,HYDROCODONE,SPCLTY_Dentist,STATE_AL,,,
1295972305,GENDER_M,HYDROCODONE,SPCLTY_Neurosurgery,STATE_TX,TRAMADOL,,
1295976280,GENDER_M,HYDROCODONE,SPCLTY_Orthopedic Surgery,STATE_LA,TRAMADOL,,
1295978393,GENDER_M,HYDROCODONE,SPCLTY_Internal Medicine,STATE_TX,TRAMADOL,,
1295979359,GENDER_F,OXYCODONE,SPCLTY_Nurse Practitioner,STATE_OH,TRAMADOL,,
1295984938,GENDER_F,HYDROCODONE,OXYCODONE,SPCLTY_Emergency Medicine,STATE_PA,,
1295992402,FENTANYL,GENDER_F,OXYCODONE,SPCLTY_Nurse Practitioner,STATE_PA,TRAMADOL,
1295995512,GENDER_M,HYDROCODONE,OXYCODONE,SPCLTY_Emergency Medicine,STATE_FL,,
1306002993,GENDER_F,HYDROCODONE,OXYCODONE,SPCLTY_Pediatric Medicine,STATE_IL,TRAMADOL,
1306003900,GENDER_M,SPCLTY_Psychiatry,STATE_TX,TRAMADOL,,,
1306006747,FENTANYL,GENDER_F,HYDROCODONE,OXYCODONE,SPCLTY_Family Practice,STATE_PA,
1306008040,GENDER_F,HYDROCODONE,SPCLTY_Dentist,STATE_OR,,,
1306014667,GENDER_M,HYDROCODONE,SPCLTY_Family Practice,STATE_LA,,,
1306023221,GENDER_F,HYDROCODONE,SPCLTY_Family Practice,STATE_CA,TRAMADOL,,
1306028048,GENDER_M,HYDROCODONE,OXYCODONE,SPCLTY_Family Practice,STATE_DE,TRAMADOL,
1306028378,GENDER_F,OXYCODONE,SPCLTY_Physician Assistant,STATE_NY,,,
1306038070,GENDER_M,HYDROCODONE,SPCLTY_Internal Medicine,STATE_CA,,,
1306043880,GENDER_F,HYDROCODONE,OXYCODONE,SPCLTY_Family Practice,STATE_WA,TRAMADOL,
1306053244,GENDER_F,HYDROCODONE,SPCLTY_Dentist,STATE_RI,TRAMADOL,,
1306054515,GENDER_M,SPCLTY_Internal Medicine,STATE_FL,TRAMADOL,,,
1306056379,GENDER_M,HYDROCODONE,OXYCODONE,SPCLTY_Orthopedic Surgery,STATE_ME,,
1306057856,GENDER_M,HYDROCODONE,SPCLTY_Internal Medicine,STATE_TX,,,
1306058599,FENTANYL,GENDER_F,HYDROCODONE,OXYCODONE,SPCLTY_Pain Management,STATE_CO,TRAMADOL
1306065883,GENDER_M,SPCLTY_Neuropsychiatry,STATE_LA,TRAMADOL,,,
1306067053,GENDER_F,HYDROCODONE,OXYCODONE,SPCLTY_Family Practice,STATE_MI,TRAMADOL,
1306070552,GENDER_F,HYDROCODONE,SPCLTY_Family Practice,STATE_NV,TRAMADOL,,
1306073481,GENDER_M,HYDROCODONE,SPCLTY_Emergency Medicine,STATE_OH,,,
1306076450,GENDER_F,HYDROCODONE,OXYCODONE,SPCLTY_Nurse Practitioner,STATE_NC,TRAMADOL,
1306087416,GENDER_M,HYDROCODONE,SPCLTY_Dentist,STATE_AL,,,
1306097027,GENDER_F,HYDROCODONE,OXYCODONE,SPCLTY_Internal Medicine,STATE_KS,,
1306098231,FENTANYL,GENDER_M,HYDROCODONE,OXYCODONE,SPCLTY_Emergency Medicine,STATE_IL,TRAMADOL
1306100789,GENDER_M,HYDROCODONE,SPCLTY_Internal Medicine,STATE_VA,,,
1306103510,GENDER_M,HYDROCODONE,OXYCODONE,SPCLTY_Geriatric Medicine,STATE_CA,TRAMADOL,
1306106802,GENDER_M,HYDROCODONE,SPCLTY_Physician Assistant,STATE_MT,,,
1306122759,GENDER_F,HYDROCODONE,SPCLTY_Nurse Practitioner,STATE_KY,TRAMADOL,,
1306122973,GENDER_M,SPCLTY_Physician Assistant,STATE_FL,TRAMADOL,,,
1306129697,GENDER_F,HYDROCODONE,OXYCODONE,SPCLTY_Physician Assistant,STATE_CO,TRAMADOL,
1306133129,GENDER_M,HYDROCODONE,SPCLTY_Family Practice,STATE_MO,,,
1306138623,FENTANYL,GENDER_F,HYDROCODONE,OXYCODONE,SPCLTY_Family Practice,STATE_FL,TRAMADOL
1306140678,GENDER_F,HYDROCODONE,SPCLTY_Physician Assistant,STATE_CA,TRAMADOL,,
1306148614,GENDER_F,HYDROCODONE,SPCLTY_Physician Assistant,STATE_TX,TRAMADOL,,
1306153325,GENDER_F,HYDROCODONE,SPCLTY_Nurse Practitioner,STATE_TX,TRAMADOL,,
1306156906,GENDER_F,HYDROCODONE,SPCLTY_Dentist,STATE_GA,,,
1306159819,GENDER_F,HYDROCODONE,OXYCODONE,SPCLTY_Family Practice,STATE_CT,TRAMADOL,
1306165071,GENDER_M,OXYCODONE,SPCLTY_Emergency Medicine,STATE_NY,,,
1306166632,GENDER_F,HYDROCODONE,SPCLTY_Internal Medicine,STATE_IL,,,
1306170162,GENDER_M,HYDROCODONE,SPCLTY_Physician Assistant,STATE_IA,,,
1306173455,GENDER_F,HYDROCODONE,SPCLTY_Nurse Practitioner,STATE_TX,TRAMADOL,,
1306194576,GENDER_F,HYDROCODONE,SPCLTY_Nurse Practitioner,STATE_GA,TRAMADOL,,
1306259833,GENDER_M,OXYCODONE,SPCLTY_General Surgery,STATE_SC,,,
1306262415,GENDER_F,HYDROCODONE,SPCLTY_Nurse Practitioner,STATE_NY,,,
1306800313,GENDER_M,HYDROCODONE,OXYCODONE,SPCLTY_Orthopedic Surgery,STATE_RI,TRAMADOL,
1306801493,GENDER_M,HYDROCODONE,OXYCODONE,SPCLTY_Internal Medicine,STATE_MA,TRAMADOL,
1306801576,FENTANYL,GENDER_M,HYDROCODONE,OXYCODONE,SPCLTY_Internal Medicine,STATE_LA,TRAMADOL
1306804562,GENDER_M,HYDROCODONE,OXYCODONE,SPCLTY_Emergency Medicine,STATE_FL,TRAMADOL,
1306809538,GENDER_M,HYDROCODONE,OXYCODONE,SPCLTY_Dentist,STATE_NJ,TRAMADOL,
1306810973,GENDER_M,HYDROCODONE,SPCLTY_Anesthesiology,STATE_WV,,,
1306811625,GENDER_M,SPCLTY_General Surgery,STATE_CA,TRAMADOL,,,
1306814744,GENDER_M,HYDROCODONE,OXYCODONE,SPCLTY_Pediatric Medicine,STATE_MA,TRAMADOL,
1306816301,GENDER_M,HYDROCODONE,SPCLTY_Otolaryngology,STATE_NJ,,,
1306819784,GENDER_M,HYDROCODONE,SPCLTY_Internal Medicine,STATE_NY,TRAMADOL,,
1306825260,GENDER_M,HYDROCODONE,SPCLTY_Psychiatry,STATE_CT,,,
1306828132,GENDER_M,HYDROCODONE,SPCLTY_Physician Assistant,STATE_NY,TRAMADOL,,
1306828314,GENDER_M,SPCLTY_Neurology,STATE_TN,TRAMADOL,,,
1306829676,GENDER_M,HYDROCODONE,OXYCODONE,SPCLTY_Vascular Surgery,STATE_NM,,
1306829759,GENDER_F,HYDROCODONE,SPCLTY_Family Practice,STATE_AL,TRAMADOL,,
1306832142,GENDER_F,HYDROCODONE,SPCLTY_Internal Medicine,STATE_LA,TRAMADOL,,
1306833082,GENDER_M,SPCLTY_Family Practice,STATE_FL,TRAMADOL,,,
1306833470,GENDER_M,HYDROCODONE,OXYCODONE,SPCLTY_Physical Medicine and,STATE_MI,TRAMADOL,
1306833967,GENDER_M,HYDROCODONE,OXYCODONE,SPCLTY_Orthopedic Surgery,STATE_UT,TRAMADOL,
1306834684,GENDER_F,HYDROCODONE,SPCLTY_Dentist,STATE_IN,,,
1306837091,FENTANYL,GENDER_M,HYDROCODONE,OXYCODONE,SPCLTY_Internal Medicine,STATE_PA,TRAMADOL
1306838099,GENDER_M,HYDROCODONE,OXYCODONE,SPCLTY_Plastic and Reconstru,STATE_GA,,
1306838552,GENDER_M,HYDROCODONE,SPCLTY_Plastic and Reconstru,STATE_LA,,,
1306840020,GENDER_F,HYDROCODONE,OXYCODONE,SPCLTY_Family Practice,STATE_WA,TRAMADOL,
1306840160,GENDER_M,OXYCODONE,SPCLTY_General Practice,STATE_PR,TRAMADOL,,
1306840988,GENDER_F,HYDROCODONE,SPCLTY_Internal Medicine,STATE_WI,,,
1306843214,GENDER_M,SPCLTY_Neurology,STATE_OH,TRAMADOL,,,
1306843347,GENDER_M,HYDROCODONE,SPCLTY_Nurse Practitioner,STATE_TX,TRAMADOL,,
1306845029,FENTANYL,GENDER_M,HYDROCODONE,OXYCODONE,SPCLTY_Internal Medicine,STATE_GA,TRAMADOL
1306845425,GENDER_M,HYDROCODONE,SPCLTY_Podiatry,STATE_OH,,,
1306847447,GENDER_M,HYDROCODONE,OXYCODONE,SPCLTY_Family Practice,STATE_FL,TRAMADOL,
1306847785,GENDER_M,HYDROCODONE,OXYCODONE,SPCLTY_Family Practice,STATE_TN,TRAMADOL,
1306848114,GENDER_F,SPCLTY_Family Practice,STATE_OH,TRAMADOL,,,
1306848445,GENDER_M,HYDROCODONE,SPCLTY_Orthopedic Surgery,STATE_FL,TRAMADOL,,
1306848635,GENDER_F,HYDROCODONE,SPCLTY_CRNA,STATE_WA,,,
1306848973,GENDER_M,SPCLTY_Nurse Practitioner,STATE_FL,TRAMADOL,,,
1306852678,GENDER_M,HYDROCODONE,SPCLTY_Internal Medicine,STATE_TX,,,
1306856166,GENDER_F,HYDROCODONE,OXYCODONE,SPCLTY_Nurse Practitioner,STATE_NM,TRAMADOL,
1306856570,GENDER_F,HYDROCODONE,SPCLTY_Rheumatology,STATE_KY,TRAMADOL,,
1306860382,GENDER_M,HYDROCODONE,OXYCODONE,SPCLTY_Internal Medicine,STATE_FL,TRAMADOL,
1306861448,FENTANYL,GENDER_F,HYDROCODONE,OXYCODONE,SPCLTY_Geriatric Medicine,STATE_TX,TRAMADOL
1306862388,GENDER_F,HYDROCODONE,OXYCODONE,SPCLTY_Family Practice,STATE_OR,,
1306863840,GENDER_M,HYDROCODONE,SPCLTY_Emergency Medicine,STATE_TX,TRAMADOL,,
1306867767,GENDER_M,HYDROCODONE,SPCLTY_Dentist,STATE_AR,,,
1306871918,FENTANYL,GENDER_F,HYDROCODONE,OXYCODONE,SPCLTY_Family Practice,STATE_CA,TRAMADOL
1306874250,FENTANYL,GENDER_M,HYDROCODONE,OXYCODONE,SPCLTY_Family Practice,STATE_OH,TRAMADOL
1306876263,GENDER_M,HYDROCODONE,OXYCODONE,SPCLTY_Gastroenterology,STATE_CA,,
1306876297,GENDER_M,HYDROCODONE,SPCLTY_Hand Surgery,STATE_IL,,,
1306879242,FENTANYL,GENDER_M,HYDROCODONE,OXYCODONE,SPCLTY_Physician Assistant,STATE_RI,TRAMADOL
1306883186,GENDER_F,HYDROCODONE,SPCLTY_Family Practice,STATE_OH,TRAMADOL,,
1306884507,GENDER_M,HYDROCODONE,SPCLTY_General Surgery,STATE_MI,,,
1306886304,GENDER_M,HYDROCODONE,OXYCODONE,SPCLTY_Emergency Medicine,STATE_CA,TRAMADOL,
1306886379,GENDER_M,HYDROCODONE,OXYCODONE,SPCLTY_Orthopedic Surgery,STATE_FL,TRAMADOL,
1306887633,GENDER_M,HYDROCODONE,SPCLTY_Emergency Medicine,STATE_KY,TRAMADOL,,
1306887807,GENDER_M,SPCLTY_Nephrology,STATE_IL,TRAMADOL,,,
1306888433,GENDER_F,HYDROCODONE,SPCLTY_Family Practice,STATE_LA,TRAMADOL,,
1306890207,GENDER_M,HYDROCODONE,SPCLTY_General Surgery,STATE_VA,TRAMADOL,,
1306892187,GENDER_M,HYDROCODONE,SPCLTY_Emergency Medicine,STATE_NV,,,
1306894019,GENDER_M,HYDROCODONE,OXYCODONE,SPCLTY_Emergency Medicine,STATE_MO,TRAMADOL,
1306894753,GENDER_M,HYDROCODONE,SPCLTY_Hand Surgery,STATE_FL,,,
1306894951,GENDER_M,HYDROCODONE,SPCLTY_Internal Medicine,STATE_GA,TRAMADOL,,
1306895099,GENDER_M,HYDROCODONE,OXYCODONE,SPCLTY_Emergency Medicine,STATE_MN,,
1306896493,GENDER_M,HYDROCODONE,SPCLTY_Family Practice,STATE_PA,TRAMADOL,,
1306896634,GENDER_F,SPCLTY_Physical Medicine and,STATE_IL,TRAMADOL,,,
1306897202,GENDER_M,HYDROCODONE,OXYCODONE,SPCLTY_Family Practice,STATE_TN,TRAMADOL,
1306904123,GENDER_F,HYDROCODONE,SPCLTY_Ophthalmology,STATE_OK,,,
1306906763,GENDER_M,HYDROCODONE,SPCLTY_Dentist,STATE_VA,,,
1306908702,GENDER_M,HYDROCODONE,SPCLTY_Maxillofacial Surgery,STATE_MN,,,
1306911417,FENTANYL,GENDER_M,HYDROCODONE,OXYCODONE,SPCLTY_Internal Medicine,STATE_NY,TRAMADOL
1306911649,GENDER_M,SPCLTY_Internal Medicine,STATE_CA,TRAMADOL,,,
1306912779,GENDER_M,HYDROCODONE,SPCLTY_Psychiatry,STATE_GA,,,
1306913249,GENDER_M,HYDROCODONE,SPCLTY_Internal Medicine,STATE_CA,TRAMADOL,,
1306917331,GENDER_M,HYDROCODONE,SPCLTY_Urology,STATE_CA,,,
1306917372,GENDER_M,HYDROCODONE,OXYCODONE,SPCLTY_Orthopedic Surgery,STATE_CA,,
1306917653,GENDER_M,OXYCODONE,SPCLTY_Nephrology,STATE_TN,TRAMADOL,,
1306919147,GENDER_M,HYDROCODONE,SPCLTY_Family Practice,STATE_IL,TRAMADOL,,
1306919956,GENDER_M,HYDROCODONE,OXYCODONE,SPCLTY_Internal Medicine,STATE_HI,,
1306920970,GENDER_F,HYDROCODONE,SPCLTY_Oral & Maxillofacial,STATE_CA,,,
1306922869,FENTANYL,GENDER_M,HYDROCODONE,OXYCODONE,SPCLTY_Family Practice,STATE_MN,TRAMADOL
1306923883,FENTANYL,GENDER_M,HYDROCODONE,OXYCODONE,SPCLTY_Internal Medicine,STATE_CA,TRAMADOL
1306924204,GENDER_M,HYDROCODONE,SPCLTY_Family Practice,STATE_CA,,,
1306927249,GENDER_M,HYDROCODONE,OXYCODONE,SPCLTY_Internal Medicine,STATE_FL,TRAMADOL,
1306932827,GENDER_F,SPCLTY_Nurse Practitioner,STATE_PA,TRAMADOL,,,
1306934369,GENDER_F,HYDROCODONE,OXYCODONE,SPCLTY_Family Practice,STATE_RI,TRAMADOL,
1306937735,GENDER_M,HYDROCODONE,OXYCODONE,SPCLTY_Emergency Medicine,STATE_OH,,
1306938899,GENDER_M,HYDROCODONE,SPCLTY_Family Practice,STATE_CA,TRAMADOL,,
1306942073,GENDER_M,HYDROCODONE,SPCLTY_Family Practice,STATE_CA,,,
1306943196,FENTANYL,GENDER_F,HYDROCODONE,OXYCODONE,SPCLTY_Family Practice,STATE_NC,TRAMADOL
1306949805,GENDER_M,HYDROCODONE,SPCLTY_Physician Assistant,STATE_TX,TRAMADOL,,
1306954490,GENDER_M,HYDROCODONE,OXYCODONE,SPCLTY_Vascular Surgery,STATE_TN,,
1306959424,GENDER_M,HYDROCODONE,SPCLTY_Dentist,STATE_ID,,,
1306960786,GENDER_M,HYDROCODONE,SPCLTY_Dentist,STATE_CA,,,
1306961164,FENTANYL,GENDER_F,HYDROCODONE,OXYCODONE,SPCLTY_Family Practice,STATE_GA,TRAMADOL
1306979059,GENDER_M,HYDROCODONE,SPCLTY_Physician Assistant,STATE_GA,TRAMADOL,,
1306982418,GENDER_F,HYDROCODONE,OXYCODONE,SPCLTY_Family Practice,STATE_FL,TRAMADOL,
1306983507,GENDER_F,HYDROCODONE,OXYCODONE,SPCLTY_Emergency Medicine,STATE_MA,,
1306985528,GENDER_M,HYDROCODONE,SPCLTY_Dentist,STATE_TX,,,
1306987144,GENDER_M,OXYCODONE,SPCLTY_Orthopedic Surgery,STATE_UT,,,
1306992904,GENDER_M,HYDROCODONE,SPCLTY_Orthopedic Surgery,STATE_CA,TRAMADOL,,
1306993316,FENTANYL,GENDER_M,HYDROCODONE,OXYCODONE,SPCLTY_Pain Management,STATE_DE,TRAMADOL
1306994223,GENDER_F,HYDROCODONE,SPCLTY_Nurse Practitioner,STATE_CA,,,
1306995931,GENDER_M,HYDROCODONE,SPCLTY_Orthopedic Surgery,STATE_CA,TRAMADOL,,
1316006232,GENDER_F,HYDROCODONE,SPCLTY_Nurse Practitioner,STATE_AZ,TRAMADOL,,
1316007362,GENDER_F,HYDROCODONE,SPCLTY_Family Practice,STATE_AL,,,
1316015852,GENDER_M,HYDROCODONE,SPCLTY_Internal Medicine,STATE_NY,,,
1316017122,GENDER_M,HYDROCODONE,OXYCODONE,SPCLTY_Family Practice,STATE_CA,TRAMADOL,
1316019466,GENDER_F,HYDROCODONE,SPCLTY_Physician Assistant,STATE_CO,TRAMADOL,,
1316019474,GENDER_M,HYDROCODONE,SPCLTY_Family Practice,STATE_AK,,,
1316022510,FENTANYL,GENDER_F,OXYCODONE,SPCLTY_Internal Medicine,STATE_NY,TRAMADOL,
1316023385,FENTANYL,GENDER_M,HYDROCODONE,SPCLTY_Nurse Practitioner,STATE_CA,TRAMADOL,
1316023849,GENDER_M,HYDROCODONE,OXYCODONE,SPCLTY_Internal Medicine,STATE_PA,,
1316025562,GENDER_M,OXYCODONE,SPCLTY_Vascular Surgery,STATE_NY,,,
1316026396,GENDER_M,HYDROCODONE,SPCLTY_Family Practice,STATE_TX,,,
1316026958,FENTANYL,GENDER_M,HYDROCODONE,OXYCODONE,SPCLTY_Family Practice,STATE_MN,TRAMADOL
1316027907,GENDER_M,HYDROCODONE,OXYCODONE,SPCLTY_Internal Medicine,STATE_MD,TRAMADOL,
1316029077,GENDER_M,HYDROCODONE,OXYCODONE,SPCLTY_Internal Medicine,STATE_DE,TRAMADOL,
1316032097,GENDER_M,HYDROCODONE,SPCLTY_Otolaryngology,STATE_OH,,,
1316034028,GENDER_M,HYDROCODONE,SPCLTY_Emergency Medicine,STATE_TX,,,
1316034895,GENDER_M,HYDROCODONE,SPCLTY_Dentist,STATE_MO,,,
1316035868,GENDER_F,HYDROCODONE,SPCLTY_Emergency Medicine,STATE_WI,,,
1316038722,GENDER_F,HYDROCODONE,SPCLTY_Internal Medicine,STATE_TX,TRAMADOL,,
1316044134,GENDER_M,HYDROCODONE,SPCLTY_Dentist,STATE_CA,,,
1316045099,FENTANYL,GENDER_M,HYDROCODONE,SPCLTY_Family Practice,STATE_WI,TRAMADOL,
1316047434,GENDER_F,HYDROCODONE,OXYCODONE,SPCLTY_Family Practice,STATE_NY,TRAMADOL,
1316048424,GENDER_M,OXYCODONE,SPCLTY_Internal Medicine,STATE_NC,,,
1316056369,GENDER_M,HYDROCODONE,SPCLTY_Family Practice,STATE_GA,TRAMADOL,,
1316059280,GENDER_M,HYDROCODONE,SPCLTY_Plastic and Reconstru,STATE_ID,,,
1316059306,GENDER_M,HYDROCODONE,SPCLTY_Thoracic Surgery,STATE_CA,TRAMADOL,,
1316070410,GENDER_M,HYDROCODONE,SPCLTY_Orthopedic Surgery,STATE_MO,,,
1316072598,GENDER_M,HYDROCODONE,SPCLTY_General Surgery,STATE_MD,,,
1316077761,GENDER_M,HYDROCODONE,SPCLTY_Podiatry,STATE_TX,TRAMADOL,,
1316080682,GENDER_M,SPCLTY_Family Practice,STATE_FL,TRAMADOL,,,
1316082555,GENDER_M,HYDROCODONE,SPCLTY_Urology,STATE_WV,,,
1316084056,GENDER_M,HYDROCODONE,OXYCODONE,SPCLTY_Orthopedic Surgery,STATE_WA,,
1316084577,GENDER_M,SPCLTY_Internal Medicine,STATE_NY,TRAMADOL,,,
1316093172,GENDER_M,OXYCODONE,SPCLTY_Specialist,STATE_NC,,,
1316095532,GENDER_F,HYDROCODONE,SPCLTY_Physician Assistant,STATE_TN,,,
1316096449,GENDER_F,HYDROCODONE,OXYCODONE,SPCLTY_Nurse Practitioner,STATE_AZ,TRAMADOL,
1316097314,FENTANYL,GENDER_M,HYDROCODONE,SPCLTY_Family Practice,STATE_IA,TRAMADOL,
1316097587,GENDER_M,HYDROCODONE,SPCLTY_Dentist,STATE_MI,,,
1316098544,FENTANYL,GENDER_M,HYDROCODONE,OXYCODONE,SPCLTY_Internal Medicine,STATE_LA,TRAMADOL
1316106206,GENDER_M,HYDROCODONE,SPCLTY_Emergency Medicine,STATE_MI,,,
1316107121,GENDER_M,HYDROCODONE,SPCLTY_Family Practice,STATE_AR,TRAMADOL,,
1316107147,GENDER_F,OXYCODONE,SPCLTY_Neurology,STATE_NY,TRAMADOL,,
1316107675,GENDER_M,HYDROCODONE,OXYCODONE,SPCLTY_Emergency Medicine,STATE_PA,,
1316116338,GENDER_M,OXYCODONE,SPCLTY_Orthopedic Surgery,STATE_OH,,,
1316119357,GENDER_M,HYDROCODONE,SPCLTY_Internal Medicine,STATE_CA,,,
1316121791,GENDER_M,HYDROCODONE,SPCLTY_Student in an Organiz,STATE_PA,,,
1316130487,GENDER_M,HYDROCODONE,SPCLTY_Emergency Medicine,STATE_MI,,,
1316140064,GENDER_F,HYDROCODONE,SPCLTY_Physician Assistant,STATE_NY,,,
1316144660,GENDER_F,HYDROCODONE,SPCLTY_Physician Assistant,STATE_OK,TRAMADOL,,
1316147218,GENDER_M,HYDROCODONE,SPCLTY_Dentist,STATE_TX,,,
1316151327,GENDER_F,HYDROCODONE,SPCLTY_Certified Clinical Nu,STATE_IL,,,
1316172687,GENDER_M,HYDROCODONE,OXYCODONE,SPCLTY_Orthopedic Surgery,STATE_ME,,
1316176233,GENDER_M,HYDROCODONE,SPCLTY_Urology,STATE_OH,,,
1316189384,GENDER_F,HYDROCODONE,OXYCODONE,SPCLTY_Physician Assistant,STATE_CO,TRAMADOL,
1316197080,GENDER_M,HYDROCODONE,OXYCODONE,SPCLTY_Cardiology,STATE_OH,,
1316202302,GENDER_F,HYDROCODONE,OXYCODONE,SPCLTY_Physician Assistant,STATE_CA,,
1316233760,GENDER_M,HYDROCODONE,SPCLTY_Student in an Organiz,STATE_CA,,,
1316235443,GENDER_F,OXYCODONE,SPCLTY_Physician Assistant,STATE_NJ,,,
1316251275,GENDER_F,SPCLTY_Physical Medicine and,STATE_CA,TRAMADOL,,,
1316256993,GENDER_F,HYDROCODONE,SPCLTY_Nurse Practitioner,STATE_TN,,,
1316258049,GENDER_F,OXYCODONE,SPCLTY_Student in an Organiz,STATE_OH,,,
1316258437,GENDER_F,HYDROCODONE,OXYCODONE,SPCLTY_Family Practice,STATE_KY,TRAMADOL,
1316259294,FENTANYL,GENDER_F,HYDROCODONE,OXYCODONE,SPCLTY_Nurse Practitioner,STATE_ND,TRAMADOL
1316259930,GENDER_M,HYDROCODONE,SPCLTY_Podiatry,STATE_NM,,,
1316267149,GENDER_M,HYDROCODONE,OXYCODONE,SPCLTY_Physician Assistant,STATE_NC,,
1316269756,GENDER_M,HYDROCODONE,SPCLTY_Nurse Practitioner,STATE_CA,,,
1316289192,GENDER_M,HYDROCODONE,SPCLTY_Physician Assistant,STATE_OR,,,
1316353303,GENDER_F,HYDROCODONE,SPCLTY_Dentist,STATE_FL,,,
1316380744,GENDER_M,OXYCODONE,SPCLTY_Student in an Organiz,STATE_TN,,,
1316903941,GENDER_M,HYDROCODONE,SPCLTY_Family Practice,STATE_KY,TRAMADOL,,
1316904451,GENDER_M,HYDROCODONE,SPCLTY_Maxillofacial Surgery,STATE_KY,TRAMADOL,,
1316907132,GENDER_M,HYDROCODONE,SPCLTY_Otolaryngology,STATE_TX,,,
1316907413,GENDER_M,HYDROCODONE,OXYCODONE,SPCLTY_Orthopedic Surgery,STATE_CA,TRAMADOL,
1316908197,FENTANYL,GENDER_M,HYDROCODONE,SPCLTY_Family Practice,STATE_WI,,
1316908916,GENDER_M,HYDROCODONE,SPCLTY_Plastic and Reconstru,STATE_OK,,,
1316909864,FENTANYL,GENDER_M,HYDROCODONE,OXYCODONE,SPCLTY_Nephrology,STATE_NV,TRAMADOL
1316911647,GENDER_F,HYDROCODONE,SPCLTY_Nurse Practitioner,STATE_CA,,,
1316912892,GENDER_F,OXYCODONE,SPCLTY_Family Practice,STATE_MO,,,
1316913635,GENDER_M,HYDROCODONE,OXYCODONE,SPCLTY_Neuropsychiatry,STATE_LA,,
1316916505,GENDER_M,HYDROCODONE,SPCLTY_Internal Medicine,STATE_VA,TRAMADOL,,
1316921075,FENTANYL,GENDER_M,HYDROCODONE,OXYCODONE,SPCLTY_Rheumatology,STATE_CA,TRAMADOL
1316924533,GENDER_M,HYDROCODONE,OXYCODONE,SPCLTY_Interventional Radiol,STATE_WA,,
1316924830,GENDER_M,HYDROCODONE,SPCLTY_Emergency Medicine,STATE_MI,,,
1316925704,FENTANYL,GENDER_F,HYDROCODONE,OXYCODONE,SPCLTY_Hospice and Palliativ,STATE_FL,TRAMADOL
1316928955,FENTANYL,GENDER_M,HYDROCODONE,OXYCODONE,SPCLTY_Family Practice,STATE_MS,TRAMADOL
1316933120,GENDER_M,HYDROCODONE,OXYCODONE,SPCLTY_Orthopedic Surgery,STATE_IL,,
1316933534,GENDER_F,SPCLTY_Nurse Practitioner,STATE_FL,TRAMADOL,,,
1316935331,FENTANYL,GENDER_F,HYDROCODONE,OXYCODONE,SPCLTY_Nurse Practitioner,STATE_NC,TRAMADOL
1316936511,FENTANYL,GENDER_F,HYDROCODONE,OXYCODONE,SPCLTY_Physician Assistant,STATE_IA,TRAMADOL
1316937634,GENDER_M,HYDROCODONE,OXYCODONE,SPCLTY_Maxillofacial Surgery,STATE_MO,,
1316939432,GENDER_M,HYDROCODONE,OXYCODONE,SPCLTY_Family Practice,STATE_MD,TRAMADOL,
1316940687,GENDER_M,OXYCODONE,SPCLTY_Orthopedic Surgery,STATE_CT,,,
1316944085,GENDER_M,HYDROCODONE,SPCLTY_Podiatry,STATE_MD,TRAMADOL,,
1316948185,GENDER_M,HYDROCODONE,OXYCODONE,SPCLTY_Internal Medicine,STATE_SC,TRAMADOL,
1316951973,GENDER_M,HYDROCODONE,OXYCODONE,SPCLTY_Internal Medicine,STATE_KY,TRAMADOL,
1316953938,GENDER_M,HYDROCODONE,OXYCODONE,SPCLTY_Physician Assistant,STATE_NC,TRAMADOL,
1316956014,FENTANYL,GENDER_M,HYDROCODONE,OXYCODONE,SPCLTY_Physician Assistant,STATE_NE,TRAMADOL
1316956899,GENDER_M,HYDROCODONE,SPCLTY_Internal Medicine,STATE_CA,TRAMADOL,,
1316963432,GENDER_F,HYDROCODONE,SPCLTY_Internal Medicine,STATE_NY,TRAMADOL,,
1316964117,GENDER_M,HYDROCODONE,OXYCODONE,SPCLTY_Emergency Medicine,STATE_CO,,
1316964364,GENDER_M,HYDROCODONE,OXYCODONE,SPCLTY_Internal Medicine,STATE_SC,TRAMADOL,
1316972334,GENDER_M,SPCLTY_Cardiology,STATE_CA,TRAMADOL,,,
1316973811,GENDER_M,HYDROCODONE,SPCLTY_Otolaryngology,STATE_CA,,,
1316975618,GENDER_M,OXYCODONE,SPCLTY_Cardiology,STATE_GA,,,
1316976228,GENDER_M,HYDROCODONE,OXYCODONE,SPCLTY_Internal Medicine,STATE_MO,,
1316979172,GENDER_F,HYDROCODONE,OXYCODONE,SPCLTY_Physician Assistant,STATE_WA,,
1316980030,GENDER_M,HYDROCODONE,OXYCODONE,SPCLTY_Internal Medicine,STATE_AL,TRAMADOL,
1316983794,GENDER_F,HYDROCODONE,SPCLTY_Physician Assistant,STATE_TX,,,
1316985773,GENDER_F,HYDROCODONE,OXYCODONE,SPCLTY_Family Practice,STATE_NY,TRAMADOL,
1316986441,GENDER_M,HYDROCODONE,SPCLTY_Dentist,STATE_OH,,,
1316988017,GENDER_M,HYDROCODONE,SPCLTY_Emergency Medicine,STATE_CA,,,
1316988546,GENDER_M,OXYCODONE,SPCLTY_Physician Assistant,STATE_PA,TRAMADOL,,
1316988587,FENTANYL,GENDER_M,HYDROCODONE,OXYCODONE,SPCLTY_Family Practice,STATE_CA,TRAMADOL
1316990765,GENDER_M,SPCLTY_Emergency Medicine,STATE_TX,TRAMADOL,,,
1316991623,GENDER_F,HYDROCODONE,OXYCODONE,SPCLTY_Nurse Practitioner,STATE_MA,,
1316993231,GENDER_F,HYDROCODONE,SPCLTY_Emergency Medicine,STATE_MN,,,
1316994098,FENTANYL,GENDER_M,HYDROCODONE,OXYCODONE,SPCLTY_Medical Oncology,STATE_MO,
1316998263,GENDER_M,HYDROCODONE,SPCLTY_Otolaryngology,STATE_PA,,,
1316998362,GENDER_M,OXYCODONE,SPCLTY_Hematology/Oncology,STATE_WI,TRAMADOL,,
1316999378,GENDER_F,SPCLTY_General Practice,STATE_PR,TRAMADOL,,,
1316999576,GENDER_F,HYDROCODONE,SPCLTY_Physician Assistant,STATE_NC,TRAMADOL,,
1326001314,GENDER_F,HYDROCODONE,SPCLTY_Dentist,STATE_TX,,,
1326001652,GENDER_M,HYDROCODONE,SPCLTY_Family Practice,STATE_AR,TRAMADOL,,
1326002767,GENDER_M,SPCLTY_Gastroenterology,STATE_NC,TRAMADOL,,,
1326005380,GENDER_M,HYDROCODONE,OXYCODONE,SPCLTY_Emergency Medicine,STATE_MO,TRAMADOL,
1326005430,FENTANYL,GENDER_M,HYDROCODONE,OXYCODONE,SPCLTY_Internal Medicine,STATE_NY,TRAMADOL
1326007113,GENDER_M,HYDROCODONE,OXYCODONE,SPCLTY_Family Practice,STATE_TN,TRAMADOL,
1326007469,GENDER_M,HYDROCODONE,SPCLTY_Family Practice,STATE_SD,,,
1326009861,GENDER_M,HYDROCODONE,SPCLTY_Urology,STATE_MI,,,
1326011388,FENTANYL,GENDER_M,HYDROCODONE,OXYCODONE,SPCLTY_Pain Management,STATE_CA,TRAMADOL
1326014242,GENDER_M,HYDROCODONE,OXYCODONE,SPCLTY_Family Practice,STATE_FL,,
1326014945,FENTANYL,GENDER_M,HYDROCODONE,OXYCODONE,SPCLTY_Interventional Pain M,STATE_MO,
1326017203,GENDER_M,HYDROCODONE,OXYCODONE,SPCLTY_Neurology,STATE_IN,,
1326019175,GENDER_M,HYDROCODONE,OXYCODONE,SPCLTY_Family Practice,STATE_NJ,TRAMADOL,
1326020363,GENDER_M,HYDROCODONE,SPCLTY_Dentist,STATE_VA,,,
1326020975,GENDER_M,HYDROCODONE,SPCLTY_Cardiology,STATE_KS,TRAMADOL,,
1326022468,GENDER_M,HYDROCODONE,OXYCODONE,SPCLTY_Family Practice,STATE_MN,,
1326022591,GENDER_M,HYDROCODONE,SPCLTY_Anesthesiology,STATE_WI,TRAMADOL,,
1326024357,GENDER_F,HYDROCODONE,SPCLTY_Internal Medicine,STATE_IL,TRAMADOL,,
1326025495,GENDER_M,HYDROCODONE,SPCLTY_General Surgery,STATE_IN,TRAMADOL,,
1326026154,GENDER_M,OXYCODONE,SPCLTY_Hematology/Oncology,STATE_OH,,,
1326027699,FENTANYL,GENDER_M,HYDROCODONE,OXYCODONE,SPCLTY_Family Practice,STATE_VA,TRAMADOL
1326028515,FENTANYL,GENDER_M,HYDROCODONE,OXYCODONE,SPCLTY_Internal Medicine,STATE_FL,TRAMADOL
1326028663,GENDER_M,HYDROCODONE,OXYCODONE,SPCLTY_Internal Medicine,STATE_OK,TRAMADOL,
1326028770,FENTANYL,GENDER_M,HYDROCODONE,SPCLTY_Family Practice,STATE_OH,TRAMADOL,
1326030172,GENDER_M,HYDROCODONE,SPCLTY_Orthopedic Surgery,STATE_MT,,,
1326032046,GENDER_F,HYDROCODONE,SPCLTY_Internal Medicine,STATE_IL,,,
1326032269,GENDER_M,HYDROCODONE,OXYCODONE,SPCLTY_Family Practice,STATE_NY,TRAMADOL,
1326033218,GENDER_F,HYDROCODONE,OXYCODONE,SPCLTY_Nurse Practitioner,STATE_TN,,
1326033499,GENDER_M,HYDROCODONE,SPCLTY_Orthopedic Surgery,STATE_MD,TRAMADOL,,
1326036765,GENDER_F,HYDROCODONE,OXYCODONE,SPCLTY_Emergency Medicine,STATE_FL,,
1326039272,FENTANYL,GENDER_M,HYDROCODONE,OXYCODONE,SPCLTY_Medical Oncology,STATE_IN,
1326039975,GENDER_M,HYDROCODONE,SPCLTY_Orthopedic Surgery,STATE_MA,,,
1326041427,GENDER_M,HYDROCODONE,SPCLTY_Urology,STATE_CA,TRAMADOL,,
1326043167,GENDER_M,HYDROCODONE,OXYCODONE,SPCLTY_Obstetrics/Gynecology,STATE_TN,TRAMADOL,
1326043902,GENDER_F,HYDROCODONE,OXYCODONE,SPCLTY_Physician Assistant,STATE_NH,,
1326046111,GENDER_F,HYDROCODONE,SPCLTY_Emergency Medicine,STATE_IL,,,
1326046327,GENDER_M,OXYCODONE,SPCLTY_Neurosurgery,STATE_MD,,,
1326046756,GENDER_F,HYDROCODONE,OXYCODONE,SPCLTY_Family Practice,STATE_FL,TRAMADOL,
1326048935,GENDER_M,HYDROCODONE,OXYCODONE,SPCLTY_Neurosurgery,STATE_MO,,
1326054537,GENDER_M,HYDROCODONE,SPCLTY_Gastroenterology,STATE_CA,TRAMADOL,,
1326054693,GENDER_M,HYDROCODONE,OXYCODONE,SPCLTY_Internal Medicine,STATE_TX,TRAMADOL,
1326055187,GENDER_F,SPCLTY_General Practice,STATE_PR,TRAMADOL,,,
1326055757,GENDER_M,HYDROCODONE,SPCLTY_Emergency Medicine,STATE_NC,,,
1326057688,GENDER_M,HYDROCODONE,OXYCODONE,SPCLTY_Internal Medicine,STATE_WA,TRAMADOL,
1326057852,GENDER_M,HYDROCODONE,OXYCODONE,SPCLTY_Orthopedic Surgery,STATE_NV,,
1326058835,GENDER_M,HYDROCODONE,SPCLTY_Orthopedic Surgery,STATE_TX,,,
1326061318,GENDER_M,HYDROCODONE,SPCLTY_Neurology,STATE_CA,,,
1326062134,GENDER_F,HYDROCODONE,OXYCODONE,SPCLTY_Family Practice,STATE_CA,,
1326064197,GENDER_M,HYDROCODONE,SPCLTY_Emergency Medicine,STATE_CT,,,
1326064726,FENTANYL,GENDER_M,HYDROCODONE,OXYCODONE,SPCLTY_Nurse Practitioner,STATE_CO,TRAMADOL
1326066119,GENDER_F,HYDROCODONE,SPCLTY_Internal Medicine,STATE_CA,TRAMADOL,,
1326066408,FENTANYL,GENDER_M,HYDROCODONE,OXYCODONE,SPCLTY_Family Practice,STATE_MO,
1326066457,GENDER_M,SPCLTY_Endocrinology,STATE_TX,TRAMADOL,,,
1326071291,FENTANYL,GENDER_M,HYDROCODONE,OXYCODONE,SPCLTY_Internal Medicine,STATE_IA,TRAMADOL
1326071838,GENDER_M,HYDROCODONE,SPCLTY_Nurse Practitioner,STATE_TX,TRAMADOL,,
1326073214,GENDER_M,OXYCODONE,SPCLTY_Physician Assistant,STATE_NJ,,,
1326073776,GENDER_M,OXYCODONE,SPCLTY_Emergency Medicine,STATE_NY,TRAMADOL,,
1326073958,GENDER_M,HYDROCODONE,SPCLTY_Dentist,STATE_CA,,,
1326074691,FENTANYL,GENDER_M,HYDROCODONE,SPCLTY_Internal Medicine,STATE_VT,TRAMADOL,
1326075532,FENTANYL,GENDER_M,HYDROCODONE,SPCLTY_Internal Medicine,STATE_TX,TRAMADOL,
1326083288,FENTANYL,GENDER_M,HYDROCODONE,SPCLTY_Pulmonary Disease,STATE_TX,TRAMADOL,
1326085234,GENDER_F,OXYCODONE,SPCLTY_Physician Assistant,STATE_CO,TRAMADOL,,
1326085648,FENTANYL,GENDER_M,HYDROCODONE,OXYCODONE,SPCLTY_Internal Medicine,STATE_WI,TRAMADOL
1326086521,FENTANYL,GENDER_F,HYDROCODONE,OXYCODONE,SPCLTY_Physician Assistant,STATE_SD,TRAMADOL
1326088238,FENTANYL,GENDER_M,HYDROCODONE,OXYCODONE,SPCLTY_Family Practice,STATE_OH,TRAMADOL
1326090648,GENDER_F,HYDROCODONE,OXYCODONE,SPCLTY_Family Practice,STATE_PA,TRAMADOL,
1326090663,GENDER_M,OXYCODONE,SPCLTY_Physical Medicine and,STATE_WI,,,
1326090796,GENDER_M,SPCLTY_Emergency Medicine,STATE_AZ,TRAMADOL,,,
1326093535,GENDER_M,HYDROCODONE,SPCLTY_Internal Medicine,STATE_TX,,,
1326094194,FENTANYL,GENDER_M,HYDROCODONE,SPCLTY_Internal Medicine,STATE_IL,TRAMADOL,
1326094509,GENDER_M,HYDROCODONE,SPCLTY_Diagnostic Radiology,STATE_LA,,,
1326095092,GENDER_F,HYDROCODONE,SPCLTY_Neurology,STATE_MN,,,
1326095399,FENTANYL,GENDER_M,HYDROCODONE,OXYCODONE,SPCLTY_Family Practice,STATE_IA,TRAMADOL
1326095480,GENDER_M,OXYCODONE,SPCLTY_Physician Assistant,STATE_NJ,,,
1326097841,FENTANYL,GENDER_M,HYDROCODONE,SPCLTY_Internal Medicine,STATE_MN,TRAMADOL,
1326117623,GENDER_M,HYDROCODONE,OXYCODONE,SPCLTY_Thoracic Surgery,STATE_AR,,
1326123241,GENDER_M,HYDROCODONE,SPCLTY_Dentist,STATE_MO,,,
1326127044,GENDER_F,HYDROCODONE,SPCLTY_Internal Medicine,STATE_FL,TRAMADOL,,
1326127069,GENDER_M,HYDROCODONE,OXYCODONE,SPCLTY_Internal Medicine,STATE_CA,,
1326127911,GENDER_M,HYDROCODONE,SPCLTY_Dentist,STATE_OH,,,
1326140252,GENDER_F,SPCLTY_Nurse Practitioner,STATE_WV,TRAMADOL,,,
1326140849,GENDER_M,HYDROCODONE,SPCLTY_Internal Medicine,STATE_VA,TRAMADOL,,
1326144825,GENDER_F,HYDROCODONE,OXYCODONE,SPCLTY_Internal Medicine,STATE_FL,TRAMADOL,
1326151499,GENDER_M,HYDROCODONE,SPCLTY_Plastic and Reconstru,STATE_PA,,,
1326151655,GENDER_M,HYDROCODONE,OXYCODONE,SPCLTY_Internal Medicine,STATE_TN,TRAMADOL,
1326156621,GENDER_M,HYDROCODONE,SPCLTY_Dentist,STATE_FL,,,
1326164369,GENDER_F,HYDROCODONE,SPCLTY_Internal Medicine,STATE_CA,,,
1326169699,GENDER_F,OXYCODONE,SPCLTY_Gynecological/Oncolog,STATE_MN,,,
1326178161,GENDER_M,SPCLTY_General Practice,STATE_PR,TRAMADOL,,,
1326180282,GENDER_F,OXYCODONE,SPCLTY_Nurse Practitioner,STATE_NH,TRAMADOL,,
1326192006,GENDER_M,HYDROCODONE,SPCLTY_Family Practice,STATE_OK,,,
1326200874,GENDER_M,HYDROCODONE,SPCLTY_Internal Medicine,STATE_TX,,,
1326209073,GENDER_M,SPCLTY_General Practice,STATE_PR,TRAMADOL,,,
1326215773,FENTANYL,GENDER_F,OXYCODONE,SPCLTY_Internal Medicine,STATE_MD,TRAMADOL,
1326225343,GENDER_M,OXYCODONE,SPCLTY_Diagnostic Radiology,STATE_FL,,,
1326228701,GENDER_F,HYDROCODONE,OXYCODONE,SPCLTY_Physician Assistant,STATE_NY,TRAMADOL,
1326233941,GENDER_F,SPCLTY_Nurse Practitioner,STATE_MO,TRAMADOL,,,
1326237959,GENDER_M,HYDROCODONE,SPCLTY_Podiatry,STATE_NE,,,
1326242538,GENDER_M,SPCLTY_General Practice,STATE_PR,TRAMADOL,,,
1326248774,FENTANYL,GENDER_M,HYDROCODONE,OXYCODONE,SPCLTY_Family Practice,STATE_MS,TRAMADOL
1326250309,GENDER_M,HYDROCODONE,SPCLTY_Dentist,STATE_TX,,,
1326252156,GENDER_F,HYDROCODONE,SPCLTY_Emergency Medicine,STATE_CA,TRAMADOL,,
1326255142,GENDER_M,HYDROCODONE,OXYCODONE,SPCLTY_Emergency Medicine,STATE_FL,TRAMADOL,
1326255894,GENDER_M,HYDROCODONE,OXYCODONE,SPCLTY_Urology,STATE_AR,,
1326257668,GENDER_M,OXYCODONE,SPCLTY_Internal Medicine,STATE_NJ,TRAMADOL,,
1326265281,GENDER_M,OXYCODONE,SPCLTY_Urology,STATE_OH,,,
1326269945,GENDER_M,OXYCODONE,SPCLTY_Family Practice,STATE_PA,TRAMADOL,,
1326270679,GENDER_F,SPCLTY_Nurse Practitioner,STATE_OH,TRAMADOL,,,
1326275058,GENDER_M,HYDROCODONE,SPCLTY_Emergency Medicine,STATE_MA,,,
1326275751,GENDER_M,HYDROCODONE,SPCLTY_Dentist,STATE_CO,,,
1326276833,GENDER_M,HYDROCODONE,SPCLTY_Emergency Medicine,STATE_PA,,,
1326278110,GENDER_M,HYDROCODONE,OXYCODONE,SPCLTY_Orthopedic Surgery,STATE_FL,,
1326280611,GENDER_F,HYDROCODONE,SPCLTY_Family Practice,STATE_WI,TRAMADOL,,
1326283680,GENDER_F,HYDROCODONE,SPCLTY_Nurse Practitioner,STATE_MS,TRAMADOL,,
1326301953,GENDER_M,HYDROCODONE,SPCLTY_Dentist,STATE_OH,,,
1326316076,GENDER_F,HYDROCODONE,SPCLTY_Physician Assistant,STATE_CA,,,
1326322249,GENDER_M,HYDROCODONE,SPCLTY_Dentist,STATE_MN,,,
1326334657,GENDER_M,HYDROCODONE,SPCLTY_Family Practice,STATE_MO,TRAMADOL,,
1326349325,GENDER_M,HYDROCODONE,OXYCODONE,SPCLTY_Emergency Medicine,STATE_PA,,
1326353517,GENDER_F,SPCLTY_Nurse Practitioner,STATE_AZ,TRAMADOL,,,
1326356684,GENDER_F,HYDROCODONE,OXYCODONE,SPCLTY_Nurse Practitioner,STATE_WI,,
1326363037,GENDER_M,HYDROCODONE,OXYCODONE,SPCLTY_Emergency Medicine,STATE_NY,,
1326364381,GENDER_M,HYDROCODONE,SPCLTY_Family Practice,STATE_TX,TRAMADOL,,
1326367533,GENDER_F,HYDROCODONE,SPCLTY_Nurse Practitioner,STATE_KY,,,
1326368473,GENDER_F,HYDROCODONE,SPCLTY_Family Practice,STATE_TX,TRAMADOL,,
1326370362,FENTANYL,GENDER_F,HYDROCODONE,OXYCODONE,SPCLTY_Nurse Practitioner,STATE_VA,TRAMADOL
1326372954,GENDER_F,SPCLTY_Internal Medicine,STATE_NY,TRAMADOL,,,
1326379322,GENDER_F,HYDROCODONE,OXYCODONE,SPCLTY_Nurse Practitioner,STATE_TN,TRAMADOL,
1326386509,GENDER_M,HYDROCODONE,SPCLTY_Physician Assistant,STATE_MO,,,
1326399759,GENDER_M,HYDROCODONE,SPCLTY_Physician Assistant,STATE_MI,,,
1336101922,GENDER_M,OXYCODONE,SPCLTY_Neurology,STATE_SC,TRAMADOL,,
1336102060,GENDER_M,HYDROCODONE,SPCLTY_Physician Assistant,STATE_NY,,,
1336103076,GENDER_M,HYDROCODONE,SPCLTY_Emergency Medicine,STATE_CA,TRAMADOL,,
1336103282,GENDER_M,HYDROCODONE,OXYCODONE,SPCLTY_Orthopedic Surgery,STATE_OH,,
1336105204,GENDER_F,HYDROCODONE,SPCLTY_Emergency Medicine,STATE_SC,,,
1336111483,GENDER_M,HYDROCODONE,SPCLTY_Physician Assistant,STATE_OK,TRAMADOL,,
1336111905,GENDER_F,HYDROCODONE,SPCLTY_Family Practice,STATE_MI,,,
1336112960,FENTANYL,GENDER_M,HYDROCODONE,OXYCODONE,SPCLTY_Internal Medicine,STATE_PA,TRAMADOL
1336115823,GENDER_M,HYDROCODONE,OXYCODONE,SPCLTY_Internal Medicine,STATE_IL,TRAMADOL,
1336119015,GENDER_M,HYDROCODONE,OXYCODONE,SPCLTY_Emergency Medicine,STATE_AL,TRAMADOL,
1336122431,GENDER_F,HYDROCODONE,SPCLTY_Physician Assistant,STATE_CA,,,
1336122613,GENDER_M,HYDROCODONE,SPCLTY_Physician Assistant,STATE_AZ,,,
1336123165,FENTANYL,GENDER_M,HYDROCODONE,OXYCODONE,SPCLTY_Family Practice,STATE_IL,TRAMADOL
1336123991,GENDER_M,OXYCODONE,SPCLTY_General Surgery,STATE_FL,,,
1336128719,GENDER_M,HYDROCODONE,SPCLTY_Family Practice,STATE_PA,,,
1336129956,GENDER_F,HYDROCODONE,OXYCODONE,SPCLTY_Internal Medicine,STATE_MN,TRAMADOL,
1336132133,GENDER_F,HYDROCODONE,SPCLTY_Family Practice,STATE_FL,TRAMADOL,,
1336132471,GENDER_F,OXYCODONE,SPCLTY_Physician Assistant,STATE_OR,,,
1336133768,GENDER_M,HYDROCODONE,SPCLTY_Podiatry,STATE_CA,,,
1336135862,GENDER_F,HYDROCODONE,SPCLTY_Internal Medicine,STATE_TX,TRAMADOL,,
1336136548,FENTANYL,GENDER_M,HYDROCODONE,OXYCODONE,SPCLTY_Internal Medicine,STATE_CA,TRAMADOL
1336140334,FENTANYL,GENDER_M,HYDROCODONE,OXYCODONE,SPCLTY_Family Practice,STATE_GA,TRAMADOL
1336141142,GENDER_M,HYDROCODONE,SPCLTY_General Surgery,STATE_WI,,,
1336143031,GENDER_M,OXYCODONE,SPCLTY_Obstetrics/Gynecology,STATE_IN,,,
1336143130,GENDER_F,HYDROCODONE,SPCLTY_Rheumatology,STATE_MN,TRAMADOL,,
1336143353,GENDER_M,HYDROCODONE,OXYCODONE,SPCLTY_Orthopedic Surgery,STATE_WI,TRAMADOL,
1336146059,GENDER_M,HYDROCODONE,OXYCODONE,SPCLTY_Family Practice,STATE_AZ,TRAMADOL,
1336146943,FENTANYL,GENDER_M,HYDROCODONE,OXYCODONE,SPCLTY_Family Practice,STATE_PA,TRAMADOL
1336147263,FENTANYL,GENDER_M,HYDROCODONE,OXYCODONE,SPCLTY_Hematology/Oncology,STATE_TN,TRAMADOL
1336149483,GENDER_M,HYDROCODONE,SPCLTY_Podiatry,STATE_NE,,,
1336150887,GENDER_M,HYDROCODONE,SPCLTY_Dentist,STATE_VA,,,
1336155605,GENDER_M,HYDROCODONE,SPCLTY_Emergency Medicine,STATE_CA,,,
1336155688,GENDER_M,SPCLTY_Nephrology,STATE_NJ,TRAMADOL,,,
1336157239,GENDER_M,HYDROCODONE,OXYCODONE,SPCLTY_Podiatry,STATE_TN,,
1336158179,FENTANYL,GENDER_M,HYDROCODONE,OXYCODONE,SPCLTY_Family Practice,STATE_WI,TRAMADOL
1336161546,GENDER_M,HYDROCODONE,SPCLTY_Urology,STATE_PA,,,
1336162445,GENDER_M,HYDROCODONE,OXYCODONE,SPCLTY_Podiatry,STATE_NM,,
1336164607,GENDER_M,HYDROCODONE,SPCLTY_Geriatric Psychiatry,STATE_NV,,,
1336165414,GENDER_M,HYDROCODONE,OXYCODONE,SPCLTY_Orthopedic Surgery,STATE_NY,TRAMADOL,
1336169176,GENDER_M,HYDROCODONE,OXYCODONE,SPCLTY_Family Practice,STATE_UT,TRAMADOL,
1336169614,FENTANYL,GENDER_M,HYDROCODONE,OXYCODONE,SPCLTY_Family Practice,STATE_NC,TRAMADOL
1336175033,GENDER_F,HYDROCODONE,OXYCODONE,SPCLTY_Family Practice,STATE_WA,TRAMADOL,
1336176486,FENTANYL,GENDER_M,HYDROCODONE,OXYCODONE,SPCLTY_Internal Medicine,STATE_MI,TRAMADOL
1336177476,GENDER_M,HYDROCODONE,OXYCODONE,SPCLTY_Physician Assistant,STATE_CT,,
1336179407,GENDER_F,HYDROCODONE,OXYCODONE,SPCLTY_Family Practice,STATE_NJ,TRAMADOL,
1336187236,GENDER_M,HYDROCODONE,OXYCODONE,SPCLTY_Medical Oncology,STATE_CO,,
1336188689,FENTANYL,GENDER_M,HYDROCODONE,OXYCODONE,SPCLTY_Family Practice,STATE_PA,TRAMADOL
1336189091,GENDER_F,HYDROCODONE,OXYCODONE,SPCLTY_Family Practice,STATE_TN,TRAMADOL,
1336192210,FENTANYL,GENDER_F,HYDROCODONE,SPCLTY_Nurse Practitioner,STATE_KS,TRAMADOL,
1336192954,GENDER_M,HYDROCODONE,SPCLTY_Podiatry,STATE_IL,,,
1336193093,GENDER_M,HYDROCODONE,SPCLTY_Emergency Medicine,STATE_IL,,,
1336193176,FENTANYL,GENDER_M,HYDROCODONE,OXYCODONE,SPCLTY_Physical Medicine and,STATE_WI,TRAMADOL
1336193598,GENDER_F,HYDROCODONE,OXYCODONE,SPCLTY_Nurse Practitioner,STATE_ID,TRAMADOL,
1336195122,GENDER_M,HYDROCODONE,OXYCODONE,SPCLTY_Emergency Medicine,STATE_NV,,
1336195692,GENDER_M,HYDROCODONE,SPCLTY_General Practice,STATE_NC,TRAMADOL,,
1336195866,GENDER_M,HYDROCODONE,OXYCODONE,SPCLTY_Neurosurgery,STATE_CA,,
1336199215,GENDER_M,HYDROCODONE,SPCLTY_Urology,STATE_FL,,,
1336199454,FENTANYL,GENDER_M,HYDROCODONE,SPCLTY_Neurology,STATE_NC,TRAMADOL,
1336206788,GENDER_M,HYDROCODONE,SPCLTY_Dentist,STATE_CA,,,
1336210624,GENDER_M,HYDROCODONE,SPCLTY_Urology,STATE_IL,,,
1336213636,GENDER_F,HYDROCODONE,SPCLTY_Podiatry,STATE_CA,,,
1336214113,FENTANYL,GENDER_F,HYDROCODONE,OXYCODONE,SPCLTY_Family Practice,STATE_MO,TRAMADOL
1336218387,GENDER_M,HYDROCODONE,OXYCODONE,SPCLTY_Interventional Pain M,STATE_MT,TRAMADOL,
1336222512,GENDER_F,HYDROCODONE,OXYCODONE,SPCLTY_Family Practice,STATE_KY,TRAMADOL,
1336225200,GENDER_M,HYDROCODONE,SPCLTY_Physician Assistant,STATE_MN,TRAMADOL,,
1336226067,GENDER_M,SPCLTY_Family Practice,STATE_CA,TRAMADOL,,,
1336226448,GENDER_M,HYDROCODONE,SPCLTY_Oral Surgery (dentist,STATE_TN,,,
1336232164,GENDER_F,HYDROCODONE,OXYCODONE,SPCLTY_Family Practice,STATE_WI,TRAMADOL,
1336236686,GENDER_M,HYDROCODONE,SPCLTY_Otolaryngology,STATE_AL,,,
1336238153,GENDER_M,OXYCODONE,SPCLTY_Orthopedic Surgery,STATE_MD,,,
1336242023,GENDER_M,HYDROCODONE,SPCLTY_Family Practice,STATE_TX,TRAMADOL,,
1336244748,GENDER_M,SPCLTY_Internal Medicine,STATE_MD,TRAMADOL,,,
1336247956,GENDER_M,HYDROCODONE,OXYCODONE,SPCLTY_Emergency Medicine,STATE_MN,,
1336253541,GENDER_M,HYDROCODONE,SPCLTY_Emergency Medicine,STATE_MI,TRAMADOL,,
1336257245,FENTANYL,GENDER_M,HYDROCODONE,OXYCODONE,SPCLTY_Interventional Pain M,STATE_IL,TRAMADOL
1336257393,FENTANYL,GENDER_F,HYDROCODONE,OXYCODONE,SPCLTY_Internal Medicine,STATE_PA,TRAMADOL
1336265297,GENDER_M,HYDROCODONE,SPCLTY_Thoracic Surgery,STATE_IL,,,
1336277136,GENDER_F,HYDROCODONE,SPCLTY_Nurse Practitioner,STATE_CA,,,
1336280833,GENDER_M,HYDROCODONE,SPCLTY_Dentist,STATE_AR,,,
1336282094,GENDER_M,SPCLTY_Internal Medicine,STATE_CA,TRAMADOL,,,
1336294016,GENDER_M,OXYCODONE,SPCLTY_Nurse Practitioner,STATE_TN,,,
1336295039,GENDER_M,HYDROCODONE,SPCLTY_Hematology/Oncology,STATE_MD,,,
1336295104,GENDER_F,SPCLTY_Internal Medicine,STATE_NY,TRAMADOL,,,
1336297373,GENDER_F,HYDROCODONE,SPCLTY_Family Practice,STATE_CA,TRAMADOL,,
1336299650,FENTANYL,GENDER_F,HYDROCODONE,OXYCODONE,SPCLTY_Nurse Practitioner,STATE_MA,TRAMADOL
1336300938,GENDER_M,OXYCODONE,SPCLTY_Internal Medicine,STATE_FL,TRAMADOL,,
1336302959,GENDER_M,HYDROCODONE,OXYCODONE,SPCLTY_General Surgery,STATE_CA,,
1336316454,GENDER_M,OXYCODONE,SPCLTY_Infectious Disease,STATE_NC,,,
1336327055,GENDER_F,SPCLTY_Nurse Practitioner,STATE_MO,TRAMADOL,,,
1336333657,GENDER_M,OXYCODONE,SPCLTY_Emergency Medicine,STATE_NY,,,
1336350040,GENDER_F,SPCLTY_Rheumatology,STATE_TX,TRAMADOL,,,
1336357151,GENDER_M,HYDROCODONE,OXYCODONE,SPCLTY_Orthopedic Surgery,STATE_AZ,TRAMADOL,
1336357748,GENDER_M,HYDROCODONE,SPCLTY_Dentist,STATE_TX,,,
1336366319,GENDER_M,HYDROCODONE,SPCLTY_Dentist,STATE_OR,,,
1336372333,GENDER_F,OXYCODONE,SPCLTY_Nurse Practitioner,STATE_NC,,,
1336373919,GENDER_F,HYDROCODONE,OXYCODONE,SPCLTY_Family Practice,STATE_AZ,TRAMADOL,
1336378595,GENDER_M,OXYCODONE,SPCLTY_Orthopedic Surgery,STATE_MI,,,
1336400167,FENTANYL,GENDER_F,HYDROCODONE,SPCLTY_Family Practice,STATE_IN,,
1336405000,GENDER_M,HYDROCODONE,SPCLTY_Student in an Organiz,STATE_MI,,,
1336406180,GENDER_M,HYDROCODONE,OXYCODONE,SPCLTY_Student in an Organiz,STATE_NC,TRAMADOL,
1336415256,GENDER_F,SPCLTY_Physician Assistant,STATE_NC,TRAMADOL,,,
1336424092,GENDER_F,HYDROCODONE,OXYCODONE,SPCLTY_Physician Assistant,STATE_WA,,
1336434570,GENDER_F,HYDROCODONE,SPCLTY_Orthopaedic Surgery,STATE_PA,,,
1336435437,GENDER_F,HYDROCODONE,SPCLTY_Physician Assistant,STATE_ME,TRAMADOL,,
1336436203,GENDER_M,SPCLTY_Internal Medicine,STATE_IL,TRAMADOL,,,
1336460732,GENDER_M,HYDROCODONE,SPCLTY_Emergency Medicine,STATE_IN,,,
1336469840,GENDER_M,HYDROCODONE,OXYCODONE,SPCLTY_Family Practice,STATE_NC,TRAMADOL,
1336479385,GENDER_F,HYDROCODONE,SPCLTY_Family Practice,STATE_AL,TRAMADOL,,
1336482496,GENDER_M,OXYCODONE,SPCLTY_Student in an Organiz,STATE_NC,,,
1336565068,GENDER_F,SPCLTY_Physician Assistant,STATE_PA,TRAMADOL,,,
1336578954,GENDER_F,HYDROCODONE,SPCLTY_Physician Assistant,STATE_AR,,,
1336584929,GENDER_F,HYDROCODONE,SPCLTY_Student in an Organiz,STATE_LA,,,
1336585215,GENDER_M,HYDROCODONE,SPCLTY_Radiation Oncology,STATE_CA,,,
1346207461,GENDER_M,HYDROCODONE,SPCLTY_General Surgery,STATE_TX,,,
1346209848,GENDER_M,HYDROCODONE,SPCLTY_Otolaryngology,STATE_SC,,,
1346211653,GENDER_F,HYDROCODONE,OXYCODONE,SPCLTY_Family Practice,STATE_KY,,
1346215209,GENDER_M,HYDROCODONE,OXYCODONE,SPCLTY_Orthopedic Surgery,STATE_TN,TRAMADOL,
1346216157,GENDER_M,OXYCODONE,SPCLTY_Surgical Oncology,STATE_NY,,,
1346217874,GENDER_M,HYDROCODONE,OXYCODONE,SPCLTY_Emergency Medicine,STATE_MN,,
1346221173,GENDER_M,SPCLTY_Family Practice,STATE_TX,TRAMADOL,,,
1346223948,GENDER_M,OXYCODONE,SPCLTY_Student in an Organiz,STATE_TN,,,
1346224177,GENDER_M,SPCLTY_Orthopedic Surgery,STATE_DE,TRAMADOL,,,
1346224409,GENDER_M,OXYCODONE,SPCLTY_Ophthalmology,STATE_KY,,,
1346226784,FENTANYL,GENDER_M,HYDROCODONE,OXYCODONE,SPCLTY_Internal Medicine,STATE_GA,TRAMADOL
1346227113,GENDER_M,HYDROCODONE,SPCLTY_Family Practice,STATE_OK,TRAMADOL,,
1346230265,GENDER_M,HYDROCODONE,OXYCODONE,SPCLTY_Orthopedic Surgery,STATE_FL,TRAMADOL,
1346230844,FENTANYL,GENDER_M,HYDROCODONE,OXYCODONE,SPCLTY_Internal Medicine,STATE_PA,TRAMADOL
1346232170,GENDER_F,OXYCODONE,SPCLTY_General Practice,STATE_PR,TRAMADOL,,
1346233053,GENDER_M,OXYCODONE,SPCLTY_Podiatry,STATE_PA,TRAMADOL,,
1346235207,FENTANYL,GENDER_M,HYDROCODONE,SPCLTY_Family Practice,STATE_MI,TRAMADOL,
1346235280,FENTANYL,GENDER_M,HYDROCODONE,SPCLTY_Cardiology,STATE_IL,TRAMADOL,
1346238474,FENTANYL,GENDER_M,SPCLTY_Hematology/Oncology,STATE_AK,,,
1346239548,FENTANYL,GENDER_M,HYDROCODONE,OXYCODONE,SPCLTY_Internal Medicine,STATE_UT,TRAMADOL
1346240314,GENDER_M,HYDROCODONE,SPCLTY_Orthopedic Surgery,STATE_NY,,,
1346240876,GENDER_M,HYDROCODONE,SPCLTY_Orthopedic Surgery,STATE_DE,,,
1346244167,GENDER_M,OXYCODONE,SPCLTY_Orthopedic Surgery,STATE_MA,,,
1346245107,GENDER_M,HYDROCODONE,SPCLTY_Hand Surgery,STATE_TX,,,
1346245669,GENDER_M,HYDROCODONE,SPCLTY_Family Practice,STATE_CA,,,
1346248382,GENDER_M,OXYCODONE,SPCLTY_Pulmonary Disease,STATE_DC,,,
1346248531,FENTANYL,GENDER_M,HYDROCODONE,OXYCODONE,SPCLTY_Endocrinology,STATE_MA,TRAMADOL
1346249844,GENDER_M,HYDROCODONE,OXYCODONE,SPCLTY_Rheumatology,STATE_NY,TRAMADOL,
1346256252,GENDER_M,HYDROCODONE,OXYCODONE,SPCLTY_Dentist,STATE_AZ,,
1346259173,GENDER_F,HYDROCODONE,SPCLTY_General Surgery,STATE_KY,,,
1346262763,GENDER_M,HYDROCODONE,SPCLTY_Emergency Medicine,STATE_FL,,,
1346263670,GENDER_M,HYDROCODONE,SPCLTY_General Practice,STATE_CA,,,
1346264595,GENDER_M,HYDROCODONE,SPCLTY_Podiatry,STATE_CA,TRAMADOL,,
1346265402,GENDER_F,HYDROCODONE,OXYCODONE,SPCLTY_Family Practice,STATE_GA,TRAMADOL,
1346268810,GENDER_M,HYDROCODONE,OXYCODONE,SPCLTY_Family Practice,STATE_GA,TRAMADOL,
1346270014,FENTANYL,GENDER_M,HYDROCODONE,OXYCODONE,SPCLTY_Gynecological/Oncolog,STATE_TN,
1346270956,GENDER_M,HYDROCODONE,SPCLTY_Emergency Medicine,STATE_AZ,,,
1346272937,GENDER_F,HYDROCODONE,OXYCODONE,SPCLTY_Physical Medicine and,STATE_CT,TRAMADOL,
1346274784,FENTANYL,GENDER_F,HYDROCODONE,OXYCODONE,SPCLTY_Nurse Practitioner,STATE_CO,TRAMADOL
1346275260,FENTANYL,GENDER_M,HYDROCODONE,OXYCODONE,SPCLTY_Physical Medicine and,STATE_NC,TRAMADOL
1346276037,GENDER_F,SPCLTY_Nurse Practitioner,STATE_NJ,TRAMADOL,,,
1346276151,GENDER_M,HYDROCODONE,SPCLTY_Dentist,STATE_OK,,,
1346276375,FENTANYL,GENDER_M,HYDROCODONE,OXYCODONE,SPCLTY_Neurology,STATE_CA,
1346282282,GENDER_M,HYDROCODONE,SPCLTY_Emergency Medicine,STATE_AL,,,
1346282340,GENDER_M,HYDROCODONE,SPCLTY_Emergency Medicine,STATE_CA,,,
1346282357,GENDER_F,OXYCODONE,SPCLTY_Nurse Practitioner,STATE_PA,,,
1346282399,GENDER_M,HYDROCODONE,SPCLTY_Rheumatology,STATE_GA,TRAMADOL,,
1346284478,FENTANYL,GENDER_F,SPCLTY_Nurse Practitioner,STATE_NH,TRAMADOL,,
1346287620,GENDER_M,OXYCODONE,SPCLTY_Orthopedic Surgery,STATE_NY,TRAMADOL,,
1346288263,GENDER_M,HYDROCODONE,OXYCODONE,SPCLTY_Internal Medicine,STATE_WY,,
1346290772,GENDER_M,HYDROCODONE,OXYCODONE,SPCLTY_Emergency Medicine,STATE_CA,,
1346291432,FENTANYL,GENDER_F,HYDROCODONE,OXYCODONE,SPCLTY_Family Practice,STATE_TN,TRAMADOL
1346292539,GENDER_M,HYDROCODONE,SPCLTY_Hand Surgery,STATE_CA,,,
1346292653,FENTANYL,GENDER_M,HYDROCODONE,OXYCODONE,SPCLTY_Internal Medicine,STATE_WI,TRAMADOL
1346292950,GENDER_M,OXYCODONE,SPCLTY_Family Practice,STATE_AZ,,,
1346294717,GENDER_M,HYDROCODONE,OXYCODONE,SPCLTY_Internal Medicine,STATE_UT,TRAMADOL,
1346296548,GENDER_M,HYDROCODONE,OXYCODONE,SPCLTY_General Surgery,STATE_MA,,
1346302601,GENDER_M,HYDROCODONE,SPCLTY_Physical Medicine and,STATE_CA,,,
1346303906,GENDER_F,SPCLTY_Family Practice,STATE_NJ,TRAMADOL,,,
1346310745,GENDER_F,SPCLTY_Physician Assistant,STATE_TX,TRAMADOL,,,
1346311610,GENDER_M,HYDROCODONE,SPCLTY_Podiatry,STATE_CA,,,
1346312477,GENDER_M,HYDROCODONE,SPCLTY_Internal Medicine,STATE_TN,TRAMADOL,,
1346315298,GENDER_M,OXYCODONE,SPCLTY_General Surgery,STATE_VA,,,
1346328556,GENDER_M,HYDROCODONE,SPCLTY_Urology,STATE_WY,,,
1346329315,GENDER_M,HYDROCODONE,OXYCODONE,SPCLTY_Physician Assistant,STATE_VA,,
1346333648,FENTANYL,GENDER_M,HYDROCODONE,SPCLTY_Family Practice,STATE_CA,TRAMADOL,
1346334893,GENDER_F,HYDROCODONE,SPCLTY_Physician Assistant,STATE_WV,,,
1346335981,GENDER_M,HYDROCODONE,OXYCODONE,SPCLTY_Family Practice,STATE_TN,TRAMADOL,
1346336310,GENDER_M,HYDROCODONE,SPCLTY_Obstetrics/Gynecology,STATE_IL,,,
1346339454,GENDER_M,OXYCODONE,SPCLTY_Dentist,STATE_PA,,,
1346341351,FENTANYL,GENDER_M,HYDROCODONE,OXYCODONE,SPCLTY_Family Practice,STATE_ID,
1346342235,GENDER_M,HYDROCODONE,OXYCODONE,SPCLTY_Family Practice,STATE_MI,TRAMADOL,
1346347085,GENDER_M,HYDROCODONE,SPCLTY_Dentist,STATE_FL,,,
1346349479,FENTANYL,GENDER_F,HYDROCODONE,SPCLTY_Anesthesiology,STATE_NY,TRAMADOL,
1346350543,GENDER_M,HYDROCODONE,OXYCODONE,SPCLTY_Family Practice,STATE_NE,TRAMADOL,
1346356862,GENDER_F,HYDROCODONE,SPCLTY_Family Practice,STATE_OK,TRAMADOL,,
1346358272,GENDER_M,HYDROCODONE,SPCLTY_Dentist,STATE_CA,,,
1346361904,GENDER_M,HYDROCODONE,SPCLTY_Internal Medicine,STATE_IN,,,
1346366291,GENDER_F,OXYCODONE,SPCLTY_Family Practice,STATE_VA,,,
1346372505,GENDER_M,HYDROCODONE,SPCLTY_Dentist,STATE_AL,,,
1346379120,GENDER_M,HYDROCODONE,SPCLTY_General Surgery,STATE_CO,,,
1346389715,GENDER_M,HYDROCODONE,SPCLTY_Internal Medicine,STATE_MT,,,
1346397304,GENDER_M,HYDROCODONE,SPCLTY_Emergency Medicine,STATE_VA,,,
1346403383,GENDER_F,OXYCODONE,SPCLTY_Neurology,STATE_AZ,,,
1346404340,GENDER_M,HYDROCODONE,OXYCODONE,SPCLTY_Ophthalmology,STATE_CA,,
1346406345,GENDER_F,HYDROCODONE,SPCLTY_General Surgery,STATE_NY,,,
1346412079,GENDER_F,HYDROCODONE,OXYCODONE,SPCLTY_Family Practice,STATE_AZ,TRAMADOL,
1346413416,GENDER_F,HYDROCODONE,SPCLTY_Nurse Practitioner,STATE_NY,,,
1346414471,GENDER_M,SPCLTY_Family Practice,STATE_WA,TRAMADOL,,,
1346420049,GENDER_M,OXYCODONE,SPCLTY_Internal Medicine,STATE_MD,TRAMADOL,,
1346435146,GENDER_F,HYDROCODONE,SPCLTY_Physician Assistant,STATE_IA,TRAMADOL,,
1346441730,GENDER_M,HYDROCODONE,SPCLTY_Physician Assistant,STATE_WA,,,
1346451051,FENTANYL,GENDER_M,HYDROCODONE,OXYCODONE,SPCLTY_Internal Medicine,STATE_OH,
1346459278,GENDER_M,HYDROCODONE,OXYCODONE,SPCLTY_Oral Surgery (dentist,STATE_AL,,
1346460391,GENDER_F,HYDROCODONE,SPCLTY_Dentist,STATE_KY,,,
1346464849,GENDER_M,HYDROCODONE,SPCLTY_Internal Medicine,STATE_PA,TRAMADOL,,
1346476785,GENDER_M,HYDROCODONE,SPCLTY_Physician Assistant,STATE_TX,TRAMADOL,,
1346496197,GENDER_F,HYDROCODONE,SPCLTY_Rheumatology,STATE_IL,,,
1346516606,GENDER_F,HYDROCODONE,SPCLTY_Family Practice,STATE_KS,TRAMADOL,,
1346517927,GENDER_F,HYDROCODONE,OXYCODONE,SPCLTY_Nurse Practitioner,STATE_TN,TRAMADOL,
1346518412,GENDER_F,OXYCODONE,SPCLTY_Physician Assistant,STATE_MD,,,
1346537321,GENDER_F,HYDROCODONE,SPCLTY_Physician Assistant,STATE_WV,,,
1346545837,GENDER_M,HYDROCODONE,SPCLTY_Student in an Organiz,STATE_TX,,,
1346555240,GENDER_M,HYDROCODONE,SPCLTY_Emergency Medicine,STATE_MI,,,
1346556040,GENDER_F,HYDROCODONE,SPCLTY_Dentist,STATE_NM,,,
1346561172,GENDER_M,HYDROCODONE,OXYCODONE,SPCLTY_Family Practice,STATE_NV,TRAMADOL,
1346567468,GENDER_F,OXYCODONE,SPCLTY_Osteopathic Manipulat,STATE_NC,TRAMADOL,,
1346567617,GENDER_F,HYDROCODONE,SPCLTY_Family Practice,STATE_CA,,,
1346571098,FENTANYL,GENDER_M,HYDROCODONE,OXYCODONE,SPCLTY_Internal Medicine,STATE_PA,TRAMADOL
1346571411,GENDER_M,HYDROCODONE,SPCLTY_Nurse Practitioner,STATE_TN,,,
1346571767,GENDER_M,HYDROCODONE,SPCLTY_Physician Assistant,STATE_MD,,,
1346573912,GENDER_M,OXYCODONE,SPCLTY_Urology,STATE_NY,,,
1346582723,GENDER_F,OXYCODONE,SPCLTY_Student in an Organiz,STATE_NY,,,
1346583630,GENDER_M,OXYCODONE,SPCLTY_Student in an Organiz,STATE_OH,,,
1346593050,GENDER_M,HYDROCODONE,SPCLTY_Physician Assistant,STATE_WA,,,
1346681301,FENTANYL,GENDER_F,HYDROCODONE,OXYCODONE,SPCLTY_Nurse Practitioner,STATE_IN,TRAMADOL
1346684412,GENDER_F,OXYCODONE,SPCLTY_Student in an Organiz,STATE_OR,,,
1346685195,GENDER_M,HYDROCODONE,SPCLTY_Oral Surgery (dentist,STATE_KY,,,
1356300990,GENDER_F,HYDROCODONE,SPCLTY_Rheumatology,STATE_TX,TRAMADOL,,
1356306575,FENTANYL,GENDER_F,HYDROCODONE,OXYCODONE,SPCLTY_Family Practice,STATE_OR,TRAMADOL
1356306617,FENTANYL,GENDER_M,HYDROCODONE,OXYCODONE,SPCLTY_Family Practice,STATE_NY,TRAMADOL
1356308134,FENTANYL,GENDER_M,HYDROCODONE,OXYCODONE,SPCLTY_General Practice,STATE_NC,TRAMADOL
1356309884,GENDER_F,HYDROCODONE,SPCLTY_Family Practice,STATE_NC,,,
1356312466,FENTANYL,GENDER_M,HYDROCODONE,OXYCODONE,SPCLTY_Medical Oncology,STATE_AR,TRAMADOL
1356313316,GENDER_F,SPCLTY_Nurse Practitioner,STATE_MO,TRAMADOL,,,
1356314694,GENDER_M,HYDROCODONE,SPCLTY_Dentist,STATE_WA,,,
1356317481,GENDER_M,HYDROCODONE,SPCLTY_Emergency Medicine,STATE_NY,,,
1356319107,GENDER_M,HYDROCODONE,SPCLTY_Emergency Medicine,STATE_WV,,,
1356320915,GENDER_M,HYDROCODONE,SPCLTY_Family Practice,STATE_ID,,,
1356321095,GENDER_F,HYDROCODONE,SPCLTY_Family Practice,STATE_NC,TRAMADOL,,
1356324271,GENDER_M,OXYCODONE,SPCLTY_Hematology/Oncology,STATE_NE,,,
1356327647,GENDER_F,SPCLTY_Internal Medicine,STATE_OH,TRAMADOL,,,
1356331052,GENDER_F,HYDROCODONE,OXYCODONE,SPCLTY_General Surgery,STATE_OK,TRAMADOL,
1356333454,GENDER_F,HYDROCODONE,SPCLTY_Internal Medicine,STATE_AZ,,,
1356333603,GENDER_M,HYDROCODONE,SPCLTY_Family Practice,STATE_FL,TRAMADOL,,
1356334387,GENDER_M,HYDROCODONE,SPCLTY_Otolaryngology,STATE_WA,,,
1356334783,GENDER_F,HYDROCODONE,SPCLTY_General Surgery,STATE_TX,,,
1356336457,FENTANYL,GENDER_F,HYDROCODONE,OXYCODONE,SPCLTY_Family Practice,STATE_NC,TRAMADOL
1356336614,GENDER_F,OXYCODONE,SPCLTY_Podiatry,STATE_NH,,,
1356338016,FENTANYL,GENDER_M,HYDROCODONE,OXYCODONE,SPCLTY_Internal Medicine,STATE_NY,TRAMADOL
1356338172,GENDER_F,OXYCODONE,SPCLTY_Nurse Practitioner,STATE_PA,,,
1356344964,FENTANYL,GENDER_F,HYDROCODONE,OXYCODONE,SPCLTY_Emergency Medicine,STATE_VA,TRAMADOL
1356345995,GENDER_M,OXYCODONE,SPCLTY_Internal Medicine,STATE_NY,TRAMADOL,,
1356347496,GENDER_F,HYDROCODONE,OXYCODONE,SPCLTY_Nurse Practitioner,STATE_SD,TRAMADOL,
1356347736,GENDER_M,HYDROCODONE,SPCLTY_Nephrology,STATE_IN,TRAMADOL,,
1356349831,GENDER_M,HYDROCODONE,SPCLTY_Urology,STATE_CA,,,
1356349963,GENDER_M,HYDROCODONE,OXYCODONE,SPCLTY_General Surgery,STATE_TN,,
1356354252,GENDER_M,OXYCODONE,SPCLTY_Obstetrics/Gynecology,STATE_NY,,,
1356356745,GENDER_M,HYDROCODONE,OXYCODONE,SPCLTY_Orthopedic Surgery,STATE_TX,TRAMADOL,
1356359640,GENDER_M,OXYCODONE,SPCLTY_Hematology,STATE_OH,,,
1356360713,GENDER_M,HYDROCODONE,OXYCODONE,SPCLTY_Orthopedic Surgery,STATE_VA,,
1356361620,FENTANYL,GENDER_M,HYDROCODONE,OXYCODONE,SPCLTY_Family Practice,STATE_OH,TRAMADOL
1356362826,GENDER_M,HYDROCODONE,OXYCODONE,SPCLTY_Family Practice,STATE_GA,TRAMADOL,
1356363915,FENTANYL,GENDER_M,HYDROCODONE,OXYCODONE,SPCLTY_Family Practice,STATE_MS,TRAMADOL
1356364459,GENDER_M,HYDROCODONE,SPCLTY_Family Practice,STATE_AL,TRAMADOL,,
1356366835,GENDER_M,HYDROCODONE,SPCLTY_Family Practice,STATE_CA,TRAMADOL,,
1356369482,GENDER_M,HYDROCODONE,OXYCODONE,SPCLTY_Orthopedic Surgery,STATE_OH,TRAMADOL,
1356370688,GENDER_M,HYDROCODONE,SPCLTY_Internal Medicine,STATE_LA,,,
1356371231,GENDER_M,SPCLTY_Internal Medicine,STATE_LA,TRAMADOL,,,
1356372965,GENDER_F,HYDROCODONE,OXYCODONE,SPCLTY_Family Practice,STATE_CA,TRAMADOL,
1356375414,GENDER_M,HYDROCODONE,OXYCODONE,SPCLTY_Orthopedic Surgery,STATE_SC,TRAMADOL,
1356376164,GENDER_M,OXYCODONE,SPCLTY_Internal Medicine,STATE_CA,,,
1356376644,GENDER_M,HYDROCODONE,OXYCODONE,SPCLTY_Orthopedic Surgery,STATE_DE,TRAMADOL,
1356379622,FENTANYL,GENDER_M,OXYCODONE,SPCLTY_Internal Medicine,STATE_NY,,
1356380083,GENDER_M,OXYCODONE,SPCLTY_Orthopedic Surgery,STATE_NM,,,
1356382618,GENDER_M,SPCLTY_Neurology,STATE_PA,TRAMADOL,,,
1356385389,GENDER_F,HYDROCODONE,SPCLTY_Internal Medicine,STATE_IL,,,
1356386346,GENDER_M,HYDROCODONE,SPCLTY_General Surgery,STATE_GA,,,
1356387047,GENDER_M,HYDROCODONE,OXYCODONE,SPCLTY_Orthopedic Surgery,STATE_NC,TRAMADOL,
1356389399,GENDER_M,OXYCODONE,SPCLTY_Internal Medicine,STATE_NY,,,
1356391601,GENDER_M,OXYCODONE,SPCLTY_Podiatry,STATE_FL,,,
1356392252,GENDER_M,HYDROCODONE,SPCLTY_Orthopedic Surgery,STATE_WI,,,
1356393482,FENTANYL,GENDER_M,HYDROCODONE,OXYCODONE,SPCLTY_Internal Medicine,STATE_MI,TRAMADOL
1356395172,GENDER_F,OXYCODONE,SPCLTY_Emergency Medicine,STATE_MA,,,
1356396634,FENTANYL,GENDER_M,HYDROCODONE,OXYCODONE,SPCLTY_Internal Medicine,STATE_MI,TRAMADOL
1356396790,GENDER_F,HYDROCODONE,SPCLTY_Internal Medicine,STATE_AR,TRAMADOL,,
1356398739,GENDER_M,HYDROCODONE,OXYCODONE,SPCLTY_Family Practice,STATE_NM,TRAMADOL,
1356399109,GENDER_M,HYDROCODONE,SPCLTY_Emergency Medicine,STATE_NC,TRAMADOL,,
1356400287,FENTANYL,GENDER_M,HYDROCODONE,OXYCODONE,SPCLTY_Nurse Practitioner,STATE_WY,TRAMADOL
1356420061,GENDER_M,HYDROCODONE,SPCLTY_Emergency Medicine,STATE_FL,,,
1356420079,GENDER_M,HYDROCODONE,SPCLTY_Family Practice,STATE_MN,TRAMADOL,,
1356420459,GENDER_M,HYDROCODONE,SPCLTY_Plastic and Reconstru,STATE_TX,,,
1356421473,FENTANYL,GENDER_M,HYDROCODONE,OXYCODONE,SPCLTY_General Practice,STATE_IL,TRAMADOL
1356424170,GENDER_M,HYDROCODONE,SPCLTY_Dentist,STATE_SC,,,
1356427199,GENDER_M,HYDROCODONE,OXYCODONE,SPCLTY_Nephrology,STATE_LA,TRAMADOL,
1356430821,GENDER_M,HYDROCODONE,OXYCODONE,SPCLTY_Family Practice,STATE_DE,TRAMADOL,
1356436166,GENDER_M,HYDROCODONE,SPCLTY_Cardiology,STATE_TX,TRAMADOL,,
1356440325,GENDER_M,HYDROCODONE,SPCLTY_Orthopedic Surgery,STATE_TX,,,
1356440333,GENDER_M,OXYCODONE,SPCLTY_Emergency Medicine,STATE_GA,TRAMADOL,,
1356441661,GENDER_M,HYDROCODONE,SPCLTY_Internal Medicine,STATE_FL,,,
1356442578,FENTANYL,GENDER_M,HYDROCODONE,OXYCODONE,SPCLTY_Family Practice,STATE_MS,TRAMADOL
1356442768,GENDER_F,HYDROCODONE,SPCLTY_Internal Medicine,STATE_TX,TRAMADOL,,
1356443410,GENDER_M,HYDROCODONE,SPCLTY_Dentist,STATE_MS,,,
1356445712,GENDER_M,HYDROCODONE,SPCLTY_Neurosurgery,STATE_TN,TRAMADOL,,
1356446165,GENDER_M,SPCLTY_Dentist,STATE_WI,TRAMADOL,,,
1356448336,GENDER_M,HYDROCODONE,SPCLTY_Internal Medicine,STATE_CA,,,
1356450142,GENDER_F,HYDROCODONE,SPCLTY_Nurse Practitioner,STATE_IL,,,
1356455547,FENTANYL,GENDER_M,HYDROCODONE,OXYCODONE,SPCLTY_Physical Medicine and,STATE_AL,TRAMADOL
1356459010,GENDER_M,HYDROCODONE,SPCLTY_Emergency Medicine,STATE_UT,,,
1356462196,FENTANYL,GENDER_F,SPCLTY_Nurse Practitioner,STATE_VA,TRAMADOL,,
1356467823,GENDER_M,HYDROCODONE,SPCLTY_Internal Medicine,STATE_MI,,,
1356474548,FENTANYL,GENDER_M,HYDROCODONE,OXYCODONE,SPCLTY_Hematology/Oncology,STATE_FL,TRAMADOL
1356486278,GENDER_F,HYDROCODONE,SPCLTY_Emergency Medicine,STATE_MD,,,
1356508287,GENDER_M,HYDROCODONE,SPCLTY_General Surgery,STATE_TX,,,
1356516462,GENDER_F,OXYCODONE,SPCLTY_Internal Medicine,STATE_NY,TRAMADOL,,
1356516843,GENDER_M,HYDROCODONE,OXYCODONE,SPCLTY_Internal Medicine,STATE_FL,,
1356517361,GENDER_F,HYDROCODONE,SPCLTY_Internal Medicine,STATE_MI,TRAMADOL,,
1356526214,GENDER_F,HYDROCODONE,SPCLTY_General Surgery,STATE_HI,,,
1356533145,GENDER_F,HYDROCODONE,SPCLTY_Hematology/Oncology,STATE_TX,,,
1356538904,GENDER_M,HYDROCODONE,SPCLTY_Urology,STATE_CA,,,
1356539449,GENDER_M,HYDROCODONE,SPCLTY_Dentist,STATE_FL,,,
1356542617,GENDER_M,HYDROCODONE,SPCLTY_Internal Medicine,STATE_TX,,,
1356568588,FENTANYL,GENDER_M,HYDROCODONE,OXYCODONE,SPCLTY_Neurosurgery,STATE_MS,
1356570188,FENTANYL,GENDER_M,HYDROCODONE,OXYCODONE,SPCLTY_Nurse Practitioner,STATE_NC,TRAMADOL
1356570923,GENDER_M,HYDROCODONE,OXYCODONE,SPCLTY_Internal Medicine,STATE_WA,TRAMADOL,
1356606941,GENDER_F,HYDROCODONE,SPCLTY_Dentist,STATE_LA,,,
1356607279,GENDER_M,HYDROCODONE,SPCLTY_Dentist,STATE_MI,,,
1356612030,GENDER_M,SPCLTY_Physician Assistant,STATE_NE,TRAMADOL,,,
1356614192,GENDER_F,HYDROCODONE,OXYCODONE,SPCLTY_Physician Assistant,STATE_CO,,
1356630321,GENDER_F,HYDROCODONE,OXYCODONE,SPCLTY_Physician Assistant,STATE_ID,,
1356658488,GENDER_M,HYDROCODONE,SPCLTY_Nurse Practitioner,STATE_OH,TRAMADOL,,
1356675730,GENDER_F,OXYCODONE,SPCLTY_Physician Assistant,STATE_NY,,,
1356696181,GENDER_F,HYDROCODONE,SPCLTY_Nurse Practitioner,STATE_TX,,,
1356752737,GENDER_M,OXYCODONE,SPCLTY_Student in an Organiz,STATE_OH,,,
1356762934,GENDER_F,HYDROCODONE,SPCLTY_Dentist,STATE_TN,,,
1356772941,GENDER_F,HYDROCODONE,SPCLTY_Nurse Practitioner,STATE_FL,,,
1356788715,GENDER_F,HYDROCODONE,SPCLTY_Emergency Medicine,STATE_IN,,,
1366401523,FENTANYL,GENDER_M,HYDROCODONE,OXYCODONE,SPCLTY_Family Practice,STATE_MN,TRAMADOL
1366402893,GENDER_M,OXYCODONE,SPCLTY_Hematology/Oncology,STATE_NJ,,,
1366406217,GENDER_M,HYDROCODONE,OXYCODONE,SPCLTY_Urology,STATE_OK,,
1366407546,GENDER_M,HYDROCODONE,OXYCODONE,SPCLTY_Family Practice,STATE_NY,TRAMADOL,
1366407918,GENDER_M,HYDROCODONE,SPCLTY_Rheumatology,STATE_TX,TRAMADOL,,
1366409815,FENTANYL,GENDER_M,HYDROCODONE,OXYCODONE,SPCLTY_Family Practice,STATE_NY,TRAMADOL
1366409963,GENDER_F,HYDROCODONE,OXYCODONE,SPCLTY_Nurse Practitioner,STATE_MN,,
1366410664,GENDER_M,HYDROCODONE,OXYCODONE,SPCLTY_Family Practice,STATE_VA,TRAMADOL,
1366411068,GENDER_F,HYDROCODONE,SPCLTY_Physician Assistant,STATE_NY,,,
1366411126,GENDER_M,HYDROCODONE,SPCLTY_Family Practice,STATE_PA,,,
1366411902,GENDER_M,HYDROCODONE,OXYCODONE,SPCLTY_Obstetrics/Gynecology,STATE_MO,TRAMADOL,
1366415465,GENDER_M,OXYCODONE,SPCLTY_Cardiology,STATE_NJ,,,
1366417479,GENDER_M,OXYCODONE,SPCLTY_General Surgery,STATE_GA,,,
1366419004,GENDER_M,HYDROCODONE,SPCLTY_Dermatology,STATE_CA,,,
1366419277,GENDER_M,HYDROCODONE,SPCLTY_Family Practice,STATE_OH,TRAMADOL,,
1366421224,GENDER_M,HYDROCODONE,SPCLTY_Dentist,STATE_OH,,,
1366423105,FENTANYL,GENDER_M,HYDROCODONE,OXYCODONE,SPCLTY_Family Practice,STATE_IN,TRAMADOL
1366424798,GENDER_F,HYDROCODONE,OXYCODONE,SPCLTY_Family Practice,STATE_OH,TRAMADOL,
1366424905,GENDER_M,HYDROCODONE,SPCLTY_Internal Medicine,STATE_LA,,,
1366426728,GENDER_F,OXYCODONE,SPCLTY_Physician Assistant,STATE_AZ,,,
1366427684,GENDER_M,HYDROCODONE,SPCLTY_Rheumatology,STATE_OH,TRAMADOL,,
1366427767,FENTANYL,GENDER_M,HYDROCODONE,OXYCODONE,SPCLTY_Physician Assistant,STATE_IA,TRAMADOL
1366428583,GENDER_F,OXYCODONE,SPCLTY_Obstetrics/Gynecology,STATE_NC,,,
1366432015,GENDER_F,HYDROCODONE,OXYCODONE,SPCLTY_Family Practice,STATE_MN,TRAMADOL,
1366434870,GENDER_M,HYDROCODONE,SPCLTY_Otolaryngology,STATE_NC,,,
1366434896,GENDER_M,HYDROCODONE,OXYCODONE,SPCLTY_Internal Medicine,STATE_MO,,
1366435000,GENDER_M,SPCLTY_Internal Medicine,STATE_PR,TRAMADOL,,,
1366435158,GENDER_M,SPCLTY_Neurology,STATE_IL,TRAMADOL,,,
1366435901,FENTANYL,GENDER_M,HYDROCODONE,SPCLTY_Internal Medicine,STATE_IL,TRAMADOL,
1366436693,GENDER_M,HYDROCODONE,OXYCODONE,SPCLTY_Thoracic Surgery,STATE_OK,,
1366439044,FENTANYL,GENDER_M,HYDROCODONE,OXYCODONE,SPCLTY_Family Practice,STATE_MI,TRAMADOL
1366440307,GENDER_F,HYDROCODONE,SPCLTY_Internal Medicine,STATE_TN,,,
1366441644,GENDER_M,HYDROCODONE,SPCLTY_Orthopedic Surgery,STATE_IL,TRAMADOL,,
1366442329,GENDER_M,HYDROCODONE,OXYCODONE,SPCLTY_Orthopedic Surgery,STATE_OK,,
1366442733,GENDER_M,HYDROCODONE,OXYCODONE,SPCLTY_Family Practice,STATE_NC,TRAMADOL,
1366444838,GENDER_M,HYDROCODONE,SPCLTY_Family Practice,STATE_CA,TRAMADOL,,
1366445470,FENTANYL,GENDER_F,HYDROCODONE,OXYCODONE,SPCLTY_Hematology/Oncology,STATE_CA,
1366445942,GENDER_M,HYDROCODONE,OXYCODONE,SPCLTY_Orthopedic Surgery,STATE_MD,TRAMADOL,
1366446064,GENDER_M,HYDROCODONE,SPCLTY_Urology,STATE_MD,,,
1366446619,GENDER_M,OXYCODONE,SPCLTY_Neurology,STATE_DE,,,
1366448151,FENTANYL,GENDER_F,HYDROCODONE,OXYCODONE,SPCLTY_Nurse Practitioner,STATE_NY,TRAMADOL
1366448417,GENDER_M,HYDROCODONE,SPCLTY_Maxillofacial Surgery,STATE_CO,,,
1366453458,GENDER_M,HYDROCODONE,OXYCODONE,SPCLTY_Internal Medicine,STATE_SC,TRAMADOL,
1366456386,GENDER_M,HYDROCODONE,OXYCODONE,SPCLTY_Emergency Medicine,STATE_KY,,
1366456881,GENDER_F,HYDROCODONE,OXYCODONE,SPCLTY_Family Practice,STATE_FL,TRAMADOL,
1366457129,GENDER_M,HYDROCODONE,OXYCODONE,SPCLTY_Family Practice,STATE_MI,TRAMADOL,
1366459075,GENDER_M,HYDROCODONE,SPCLTY_General Practice,STATE_CA,TRAMADOL,,
1366465122,GENDER_M,HYDROCODONE,SPCLTY_Internal Medicine,STATE_TX,TRAMADOL,,
1366467342,GENDER_M,SPCLTY_Family Practice,STATE_FL,TRAMADOL,,,
1366471211,FENTANYL,GENDER_F,HYDROCODONE,OXYCODONE,SPCLTY_Physical Medicine and,STATE_AR,TRAMADOL
1366475931,FENTANYL,GENDER_M,HYDROCODONE,SPCLTY_Family Practice,STATE_MI,TRAMADOL,
1366476152,GENDER_M,HYDROCODONE,OXYCODONE,SPCLTY_Rheumatology,STATE_CA,TRAMADOL,
1366477408,GENDER_F,HYDROCODONE,OXYCODONE,SPCLTY_Nurse Practitioner,STATE_AZ,TRAMADOL,
1366479289,GENDER_M,HYDROCODONE,OXYCODONE,SPCLTY_Orthopedic Surgery,STATE_NY,,
1366481764,GENDER_M,HYDROCODONE,OXYCODONE,SPCLTY_Orthopedic Surgery,STATE_MO,TRAMADOL,
1366481822,FENTANYL,GENDER_M,HYDROCODONE,OXYCODONE,SPCLTY_Family Practice,STATE_OH,TRAMADOL
1366482630,FENTANYL,GENDER_M,HYDROCODONE,OXYCODONE,SPCLTY_Family Practice,STATE_NJ,TRAMADOL
1366482929,GENDER_M,HYDROCODONE,OXYCODONE,SPCLTY_Family Practice,STATE_AZ,TRAMADOL,
1366487258,FENTANYL,GENDER_F,OXYCODONE,SPCLTY_Nurse Practitioner,STATE_ME,TRAMADOL,
1366489296,GENDER_M,HYDROCODONE,SPCLTY_Emergency Medicine,STATE_MS,,,
1366495046,GENDER_M,HYDROCODONE,OXYCODONE,SPCLTY_Internal Medicine,STATE_MA,TRAMADOL,
1366496200,GENDER_F,HYDROCODONE,SPCLTY_Dentist,STATE_MN,,,
1366496580,GENDER_M,HYDROCODONE,OXYCODONE,SPCLTY_Emergency Medicine,STATE_MD,TRAMADOL,
1366496762,GENDER_M,HYDROCODONE,SPCLTY_Family Practice,STATE_VA,TRAMADOL,,
1366503922,GENDER_F,OXYCODONE,SPCLTY_Nurse Practitioner,STATE_PA,,,
1366506859,GENDER_M,HYDROCODONE,OXYCODONE,SPCLTY_Rheumatology,STATE_CA,TRAMADOL,
1366510810,GENDER_M,HYDROCODONE,SPCLTY_Hematology/Oncology,STATE_MI,,,
1366510893,GENDER_M,HYDROCODONE,OXYCODONE,SPCLTY_Internal Medicine,STATE_MI,TRAMADOL,
1366514317,GENDER_M,HYDROCODONE,OXYCODONE,SPCLTY_Physician Assistant,STATE_OH,TRAMADOL,
1366514606,GENDER_M,HYDROCODONE,SPCLTY_Physician Assistant,STATE_CA,TRAMADOL,,
1366519456,GENDER_M,HYDROCODONE,SPCLTY_Dentist,STATE_AZ,,,
1366525339,GENDER_M,HYDROCODONE,OXYCODONE,SPCLTY_Physical Medicine and,STATE_CO,TRAMADOL,
1366528689,GENDER_F,HYDROCODONE,OXYCODONE,SPCLTY_Emergency Medicine,STATE_FL,,
1366529570,GENDER_M,HYDROCODONE,OXYCODONE,SPCLTY_Family Practice,STATE_WA,TRAMADOL,
1366532723,GENDER_M,HYDROCODONE,SPCLTY_Orthopedic Surgery,STATE_NJ,TRAMADOL,,
1366535106,GENDER_F,HYDROCODONE,SPCLTY_Dentist,STATE_PA,,,
1366535734,GENDER_M,HYDROCODONE,SPCLTY_Family Practice,STATE_MI,,,
1366537847,GENDER_F,HYDROCODONE,OXYCODONE,SPCLTY_Hand Surgery,STATE_NC,TRAMADOL,
1366538902,GENDER_M,HYDROCODONE,SPCLTY_Orthopedic Surgery,STATE_OK,,,
1366547473,FENTANYL,GENDER_F,HYDROCODONE,SPCLTY_Infectious Disease,STATE_MS,TRAMADOL,
1366547762,GENDER_F,HYDROCODONE,SPCLTY_Nurse Practitioner,STATE_OR,,,
1366552838,GENDER_M,HYDROCODONE,OXYCODONE,SPCLTY_Family Practice,STATE_WA,TRAMADOL,
1366553331,GENDER_M,HYDROCODONE,SPCLTY_Orthopedic Surgery,STATE_NE,,,
1366559874,GENDER_M,HYDROCODONE,SPCLTY_Emergency Medicine,STATE_CA,,,
1366563280,GENDER_F,HYDROCODONE,SPCLTY_Physician Assistant,STATE_IL,TRAMADOL,,
1366564460,GENDER_M,OXYCODONE,SPCLTY_Plastic and Reconstru,STATE_NJ,,,
1366574725,GENDER_M,OXYCODONE,SPCLTY_Hematology/Oncology,STATE_PR,TRAMADOL,,
1366582587,GENDER_M,HYDROCODONE,SPCLTY_Dentist,STATE_MN,,,
1366588253,GENDER_M,HYDROCODONE,OXYCODONE,SPCLTY_Orthopedic Surgery,STATE_MO,TRAMADOL,
1366589707,GENDER_M,HYDROCODONE,SPCLTY_Dentist,STATE_GA,,,
1366595662,GENDER_M,HYDROCODONE,SPCLTY_Family Practice,STATE_WA,,,
1366602963,GENDER_M,HYDROCODONE,SPCLTY_Family Practice,STATE_CA,,,
1366608176,FENTANYL,GENDER_F,HYDROCODONE,SPCLTY_Family Practice,STATE_WI,TRAMADOL,
1366608366,GENDER_F,HYDROCODONE,SPCLTY_Dentist,STATE_TX,,,
1366612566,FENTANYL,GENDER_M,HYDROCODONE,OXYCODONE,SPCLTY_Family Practice,STATE_GA,TRAMADOL
1366612749,GENDER_F,OXYCODONE,SPCLTY_Internal Medicine,STATE_AZ,TRAMADOL,,
1366616872,GENDER_M,SPCLTY_Family Practice,STATE_IL,TRAMADOL,,,
1366621583,GENDER_M,HYDROCODONE,SPCLTY_Emergency Medicine,STATE_CA,,,
1366625683,GENDER_F,SPCLTY_Internal Medicine,STATE_TX,TRAMADOL,,,
1366641011,GENDER_F,HYDROCODONE,OXYCODONE,SPCLTY_Family Practice,STATE_VA,TRAMADOL,
1366646192,GENDER_M,SPCLTY_Sports Medicine,STATE_KY,TRAMADOL,,,
1366648511,GENDER_F,HYDROCODONE,SPCLTY_Family Practice,STATE_AR,TRAMADOL,,
1366649584,GENDER_F,HYDROCODONE,SPCLTY_Emergency Medicine,STATE_IA,,,
1366651481,GENDER_M,HYDROCODONE,SPCLTY_Emergency Medicine,STATE_UT,,,
1366672032,GENDER_F,HYDROCODONE,OXYCODONE,SPCLTY_Certified Clinical Nu,STATE_DE,,
1366673097,GENDER_F,HYDROCODONE,OXYCODONE,SPCLTY_Family Practice,STATE_WA,TRAMADOL,
1366679318,GENDER_M,HYDROCODONE,SPCLTY_Urology,STATE_SC,,,
1366707580,GENDER_M,HYDROCODONE,OXYCODONE,SPCLTY_Student in an Organiz,STATE_CT,,
1366729766,FENTANYL,GENDER_M,HYDROCODONE,OXYCODONE,SPCLTY_Nurse Practitioner,STATE_CA,
1366738692,GENDER_M,HYDROCODONE,OXYCODONE,SPCLTY_Internal Medicine,STATE_NV,,
1366750283,FENTANYL,GENDER_F,HYDROCODONE,OXYCODONE,SPCLTY_Nurse Practitioner,STATE_NE,TRAMADOL
1366751059,GENDER_F,OXYCODONE,SPCLTY_Nurse Practitioner,STATE_MN,,,
1366753535,GENDER_F,HYDROCODONE,OXYCODONE,SPCLTY_Family Practice,STATE_SC,TRAMADOL,
1366757411,GENDER_F,HYDROCODONE,OXYCODONE,SPCLTY_Nurse Practitioner,STATE_NY,,
1366766610,FENTANYL,GENDER_F,HYDROCODONE,SPCLTY_Family Practice,STATE_MN,TRAMADOL,
1366791477,GENDER_F,HYDROCODONE,SPCLTY_Nurse Practitioner,STATE_AL,TRAMADOL,,
1366795395,GENDER_F,HYDROCODONE,SPCLTY_Physician Assistant,STATE_CA,,,
1366853145,GENDER_M,HYDROCODONE,SPCLTY_Student in an Organiz,STATE_AL,,,
1366856965,GENDER_M,HYDROCODONE,SPCLTY_Physician Assistant,STATE_WA,,,
1366869125,GENDER_F,SPCLTY_Nurse Practitioner,STATE_AL,TRAMADOL,,,
1376500850,GENDER_M,HYDROCODONE,OXYCODONE,SPCLTY_Family Practice,STATE_MD,TRAMADOL,
1376501171,GENDER_M,HYDROCODONE,OXYCODONE,SPCLTY_Nephrology,STATE_HI,,
1376501965,GENDER_M,SPCLTY_Endocrinology,STATE_TX,TRAMADOL,,,
1376502278,GENDER_F,HYDROCODONE,OXYCODONE,SPCLTY_Internal Medicine,STATE_NC,,
1376503383,GENDER_M,HYDROCODONE,OXYCODONE,SPCLTY_Internal Medicine,STATE_NY,,
1376505305,GENDER_M,HYDROCODONE,OXYCODONE,SPCLTY_Internal Medicine,STATE_NC,TRAMADOL,
1376506808,GENDER_M,HYDROCODONE,OXYCODONE,SPCLTY_Internal Medicine,STATE_FL,TRAMADOL,
1376507814,GENDER_M,OXYCODONE,SPCLTY_Neuromusculoskeletal,STATE_NJ,,,
1376509844,GENDER_M,SPCLTY_Podiatry,STATE_PA,TRAMADOL,,,
1376510099,FENTANYL,GENDER_M,HYDROCODONE,OXYCODONE,SPCLTY_Family Practice,STATE_MI,TRAMADOL
1376511485,GENDER_F,HYDROCODONE,SPCLTY_Family Practice,STATE_NM,,,
1376513598,GENDER_M,HYDROCODONE,SPCLTY_Emergency Medicine,STATE_OH,,,
1376516476,FENTANYL,GENDER_M,HYDROCODONE,OXYCODONE,SPCLTY_Family Practice,STATE_IL,TRAMADOL
1376519330,GENDER_M,HYDROCODONE,SPCLTY_Urology,STATE_TX,,,
1376519892,GENDER_M,HYDROCODONE,SPCLTY_Dentist,STATE_NY,,,
1376520148,FENTANYL,GENDER_M,HYDROCODONE,OXYCODONE,SPCLTY_Medical Oncology,STATE_GA,
1376520684,GENDER_M,HYDROCODONE,OXYCODONE,SPCLTY_Physician Assistant,STATE_NC,TRAMADOL,
1376520874,GENDER_M,HYDROCODONE,OXYCODONE,SPCLTY_Family Practice,STATE_GA,TRAMADOL,
1376526103,FENTANYL,GENDER_F,HYDROCODONE,SPCLTY_Family Practice,STATE_CA,TRAMADOL,
1376529750,GENDER_M,HYDROCODONE,SPCLTY_Oral Surgery (dentist,STATE_IL,TRAMADOL,,
1376540419,GENDER_F,HYDROCODONE,SPCLTY_Internal Medicine,STATE_TN,TRAMADOL,,
1376541359,GENDER_M,HYDROCODONE,OXYCODONE,SPCLTY_Internal Medicine,STATE_NJ,TRAMADOL,
1376541789,GENDER_M,HYDROCODONE,SPCLTY_Thoracic Surgery,STATE_TX,,,
1376543447,FENTANYL,GENDER_F,HYDROCODONE,SPCLTY_Internal Medicine,STATE_OH,TRAMADOL,
1376544049,GENDER_F,SPCLTY_Nurse Practitioner,STATE_FL,TRAMADOL,,,
1376545681,GENDER_F,HYDROCODONE,OXYCODONE,SPCLTY_Family Practice,STATE_CO,TRAMADOL,
1376546127,GENDER_M,HYDROCODONE,SPCLTY_Internal Medicine,STATE_CA,TRAMADOL,,
1376546861,GENDER_M,HYDROCODONE,SPCLTY_Medical Oncology,STATE_TX,,,
1376549477,FENTANYL,GENDER_F,HYDROCODONE,OXYCODONE,SPCLTY_Family Practice,STATE_CT,TRAMADOL
1376551663,GENDER_M,HYDROCODONE,OXYCODONE,SPCLTY_Pediatric Medicine,STATE_FL,TRAMADOL,
1376551903,GENDER_M,HYDROCODONE,OXYCODONE,SPCLTY_Family Practice,STATE_SC,TRAMADOL,
1376552661,FENTANYL,GENDER_M,HYDROCODONE,OXYCODONE,SPCLTY_Physical Medicine and,STATE_FL,TRAMADOL
1376554923,FENTANYL,GENDER_F,HYDROCODONE,OXYCODONE,SPCLTY_Family Practice,STATE_MA,TRAMADOL
1376559963,GENDER_M,HYDROCODONE,OXYCODONE,SPCLTY_Orthopedic Surgery,STATE_HI,TRAMADOL,
1376560102,GENDER_F,HYDROCODONE,OXYCODONE,SPCLTY_Internal Medicine,STATE_IL,TRAMADOL,
1376563171,GENDER_F,HYDROCODONE,SPCLTY_Physical Medicine and,STATE_PA,TRAMADOL,,
1376563601,GENDER_F,HYDROCODONE,SPCLTY_Internal Medicine,STATE_TX,TRAMADOL,,
1376566182,GENDER_F,HYDROCODONE,SPCLTY_Physician Assistant,STATE_AR,TRAMADOL,,
1376568576,FENTANYL,GENDER_F,HYDROCODONE,OXYCODONE,SPCLTY_Family Practice,STATE_VT,TRAMADOL
1376571083,GENDER_M,HYDROCODONE,OXYCODONE,SPCLTY_Family Practice,STATE_WA,TRAMADOL,
1376573188,GENDER_F,HYDROCODONE,SPCLTY_Family Practice,STATE_CA,,,
1376575712,GENDER_M,OXYCODONE,SPCLTY_Internal Medicine,STATE_MA,TRAMADOL,,
1376579185,GENDER_M,SPCLTY_Internal Medicine,STATE_FL,TRAMADOL,,,
1376580191,GENDER_F,HYDROCODONE,OXYCODONE,SPCLTY_Family Practice,STATE_OH,TRAMADOL,
1376580662,FENTANYL,GENDER_F,HYDROCODONE,OXYCODONE,SPCLTY_Internal Medicine,STATE_NY,TRAMADOL
1376581736,FENTANYL,GENDER_F,HYDROCODONE,OXYCODONE,SPCLTY_Nurse Practitioner,STATE_MD,TRAMADOL
1376585547,GENDER_F,HYDROCODONE,OXYCODONE,SPCLTY_Family Practice,STATE_NY,TRAMADOL,
1376585810,FENTANYL,GENDER_F,HYDROCODONE,OXYCODONE,SPCLTY_Family Practice,STATE_MI,TRAMADOL
1376586461,GENDER_M,HYDROCODONE,SPCLTY_Family Practice,STATE_MI,TRAMADOL,,
1376589192,GENDER_M,SPCLTY_Family Practice,STATE_CA,TRAMADOL,,,
1376589648,GENDER_F,HYDROCODONE,SPCLTY_Neurology,STATE_OH,TRAMADOL,,
1376590232,GENDER_M,HYDROCODONE,OXYCODONE,SPCLTY_Emergency Medicine,STATE_KY,,
1376595561,GENDER_M,HYDROCODONE,SPCLTY_Orthopedic Surgery,STATE_FL,TRAMADOL,,
1376596098,GENDER_M,HYDROCODONE,SPCLTY_Emergency Medicine,STATE_AZ,,,
1376599027,GENDER_M,HYDROCODONE,SPCLTY_Physician Assistant,STATE_MI,,,
1376617274,GENDER_M,HYDROCODONE,OXYCODONE,SPCLTY_Family Practice,STATE_MO,TRAMADOL,
1376621953,FENTANYL,GENDER_M,HYDROCODONE,OXYCODONE,SPCLTY_Family Practice,STATE_CA,TRAMADOL
1376624718,GENDER_M,HYDROCODONE,SPCLTY_Internal Medicine,STATE_CA,TRAMADOL,,
1376626663,GENDER_F,OXYCODONE,SPCLTY_Family Practice,STATE_IN,TRAMADOL,,
1376626994,GENDER_F,HYDROCODONE,SPCLTY_Internal Medicine,STATE_NY,,,
1376627810,GENDER_M,HYDROCODONE,SPCLTY_Internal Medicine,STATE_IN,,,
1376628529,GENDER_M,HYDROCODONE,SPCLTY_Nephrology,STATE_MS,TRAMADOL,,
1376631283,FENTANYL,GENDER_M,HYDROCODONE,OXYCODONE,SPCLTY_Internal Medicine,STATE_KY,TRAMADOL
1376634006,GENDER_M,HYDROCODONE,SPCLTY_Dentist,STATE_AR,,,
1376634600,GENDER_M,HYDROCODONE,SPCLTY_Dentist,STATE_OR,,,
1376635532,GENDER_M,HYDROCODONE,SPCLTY_Internal Medicine,STATE_OR,,,
1376636084,FENTANYL,GENDER_M,HYDROCODONE,OXYCODONE,SPCLTY_Family Practice,STATE_OK,TRAMADOL
1376647941,GENDER_M,HYDROCODONE,SPCLTY_Pediatric Medicine,STATE_TX,TRAMADOL,,
1376650754,GENDER_M,OXYCODONE,SPCLTY_Pulmonary Disease,STATE_NJ,,,
1376650895,GENDER_M,HYDROCODONE,OXYCODONE,SPCLTY_Internal Medicine,STATE_WI,TRAMADOL,
1376654350,GENDER_M,HYDROCODONE,SPCLTY_Urology,STATE_RI,,,
1376654939,GENDER_M,HYDROCODONE,SPCLTY_Vascular Surgery,STATE_CA,,,
1376655506,GENDER_M,HYDROCODONE,SPCLTY_General Surgery,STATE_TX,,,
1376656645,GENDER_F,HYDROCODONE,SPCLTY_Family Practice,STATE_IL,TRAMADOL,,
1376658575,FENTANYL,GENDER_M,HYDROCODONE,OXYCODONE,SPCLTY_Internal Medicine,STATE_NC,TRAMADOL
1376660100,GENDER_M,HYDROCODONE,SPCLTY_Dentist,STATE_AR,,,
1376688994,GENDER_F,HYDROCODONE,OXYCODONE,SPCLTY_Physical Medicine and,STATE_MD,TRAMADOL,
1376694729,GENDER_M,HYDROCODONE,SPCLTY_Dentist,STATE_NY,,,
1376700930,GENDER_M,HYDROCODONE,OXYCODONE,SPCLTY_Internal Medicine,STATE_TN,,
1376706614,GENDER_M,HYDROCODONE,SPCLTY_Emergency Medicine,STATE_AR,TRAMADOL,,
1376707919,GENDER_M,HYDROCODONE,OXYCODONE,SPCLTY_Internal Medicine,STATE_CA,,
1376708016,GENDER_M,OXYCODONE,SPCLTY_Emergency Medicine,STATE_CT,,,
1376719344,GENDER_F,OXYCODONE,SPCLTY_Pulmonary Disease,STATE_MA,,,
1376723783,GENDER_F,SPCLTY_Nurse Practitioner,STATE_FL,TRAMADOL,,,
1376730143,GENDER_M,SPCLTY_Dentist,STATE_NE,TRAMADOL,,,
1376749358,GENDER_M,HYDROCODONE,OXYCODONE,SPCLTY_Hand Surgery,STATE_MN,,
1376749622,GENDER_M,HYDROCODONE,OXYCODONE,SPCLTY_Orthopedic Surgery,STATE_OH,TRAMADOL,
1376753822,FENTANYL,GENDER_F,HYDROCODONE,OXYCODONE,SPCLTY_Family Practice,STATE_FL,
1376754671,GENDER_M,HYDROCODONE,OXYCODONE,SPCLTY_Orthopedic Surgery,STATE_KY,TRAMADOL,
1376777920,GENDER_F,HYDROCODONE,SPCLTY_Dentist,STATE_GA,,,
1376792739,GENDER_F,HYDROCODONE,SPCLTY_Family Practice,STATE_NY,,,
1376794842,GENDER_M,HYDROCODONE,OXYCODONE,SPCLTY_Pain Management,STATE_PA,TRAMADOL,
1376802405,GENDER_M,SPCLTY_Student in an Organiz,STATE_MA,TRAMADOL,,,
1376804187,GENDER_M,HYDROCODONE,SPCLTY_Family Practice,STATE_SC,,,
1376828970,GENDER_M,HYDROCODONE,OXYCODONE,SPCLTY_Internal Medicine,STATE_FL,TRAMADOL,
1376829184,GENDER_F,SPCLTY_Physician Assistant,STATE_NY,TRAMADOL,,,
1376834002,GENDER_M,HYDROCODONE,OXYCODONE,SPCLTY_Physician Assistant,STATE_NV,TRAMADOL,
1376836916,GENDER_M,HYDROCODONE,SPCLTY_Podiatry,STATE_OH,,,
1376840199,GENDER_F,SPCLTY_Nurse Practitioner,STATE_CA,TRAMADOL,,,
1376849877,GENDER_M,HYDROCODONE,SPCLTY_Hand Surgery,STATE_GA,,,
1376861799,GENDER_F,SPCLTY_Physician Assistant,STATE_TX,TRAMADOL,,,
1376861971,GENDER_M,HYDROCODONE,SPCLTY_Nurse Practitioner,STATE_TX,TRAMADOL,,
1376864512,GENDER_M,OXYCODONE,SPCLTY_Anesthesiology,STATE_MA,,,
1376869677,FENTANYL,GENDER_F,HYDROCODONE,OXYCODONE,SPCLTY_Nurse Practitioner,STATE_SC,TRAMADOL
1376887547,GENDER_F,HYDROCODONE,OXYCODONE,SPCLTY_Physician Assistant,STATE_OR,,
1376888099,GENDER_F,HYDROCODONE,SPCLTY_Nurse Practitioner,STATE_KS,,,
1376889964,GENDER_F,OXYCODONE,SPCLTY_Nurse Practitioner,STATE_OH,,,
1376973073,GENDER_F,HYDROCODONE,SPCLTY_Nurse Practitioner,STATE_MI,,,
1376981399,GENDER_F,HYDROCODONE,SPCLTY_Dentist,STATE_OK,,,
1376982686,GENDER_M,OXYCODONE,SPCLTY_Plastic Surgery,STATE_MO,,,
1376986299,GENDER_F,HYDROCODONE,OXYCODONE,SPCLTY_Nurse Practitioner,STATE_IL,TRAMADOL,
1386082667,GENDER_F,HYDROCODONE,SPCLTY_Family Practice,STATE_FL,TRAMADOL,,
1386083442,GENDER_F,SPCLTY_Internal Medicine,STATE_PA,TRAMADOL,,,
1386084259,GENDER_M,HYDROCODONE,SPCLTY_Urology,STATE_MI,,,
1386087658,GENDER_M,HYDROCODONE,SPCLTY_Student in an Organiz,STATE_IA,,,
1386600476,GENDER_M,HYDROCODONE,SPCLTY_Obstetrics/Gynecology,STATE_KS,,,
1386601102,GENDER_M,HYDROCODONE,SPCLTY_Physician Assistant,STATE_SC,,,
1386602043,GENDER_M,HYDROCODONE,SPCLTY_General Surgery,STATE_ND,,,
1386602662,GENDER_M,HYDROCODONE,SPCLTY_Family Practice,STATE_GA,TRAMADOL,,
1386603033,GENDER_M,HYDROCODONE,OXYCODONE,SPCLTY_Family Practice,STATE_IL,TRAMADOL,
1386603041,GENDER_M,HYDROCODONE,SPCLTY_General Practice,STATE_PR,TRAMADOL,,
1386603686,GENDER_M,HYDROCODONE,SPCLTY_Geriatric Medicine,STATE_MI,,,
1386608032,GENDER_M,HYDROCODONE,SPCLTY_Family Practice,STATE_TX,,,
1386608784,GENDER_F,HYDROCODONE,OXYCODONE,SPCLTY_Family Practice,STATE_SC,TRAMADOL,
1386609824,GENDER_M,HYDROCODONE,OXYCODONE,SPCLTY_Physician Assistant,STATE_MI,,
1386612224,GENDER_M,HYDROCODONE,SPCLTY_Emergency Medicine,STATE_IN,,,
1386616175,FENTANYL,GENDER_F,HYDROCODONE,OXYCODONE,SPCLTY_Internal Medicine,STATE_PA,TRAMADOL
1386617165,GENDER_M,HYDROCODONE,OXYCODONE,SPCLTY_Family Practice,STATE_PA,,
1386618155,GENDER_M,OXYCODONE,SPCLTY_Otolaryngology,STATE_GA,,,
1386620136,GENDER_F,HYDROCODONE,OXYCODONE,SPCLTY_Emergency Medicine,STATE_NC,TRAMADOL,
1386621381,GENDER_M,OXYCODONE,SPCLTY_Podiatry,STATE_PA,,,
1386622744,GENDER_F,HYDROCODONE,SPCLTY_Family Practice,STATE_WA,TRAMADOL,,
1386625275,FENTANYL,GENDER_F,OXYCODONE,SPCLTY_Rheumatology,STATE_NY,TRAMADOL,
1386626158,GENDER_F,HYDROCODONE,OXYCODONE,SPCLTY_Physician Assistant,STATE_CO,TRAMADOL,
1386627057,FENTANYL,GENDER_M,HYDROCODONE,OXYCODONE,SPCLTY_Family Practice,STATE_MA,TRAMADOL
1386634046,GENDER_M,HYDROCODONE,OXYCODONE,SPCLTY_Physician Assistant,STATE_OH,,
1386636009,GENDER_F,HYDROCODONE,OXYCODONE,SPCLTY_Internal Medicine,STATE_MO,TRAMADOL,
1386636249,GENDER_M,HYDROCODONE,OXYCODONE,SPCLTY_Physician Assistant,STATE_WA,TRAMADOL,
1386636447,GENDER_M,HYDROCODONE,OXYCODONE,SPCLTY_Internal Medicine,STATE_MO,TRAMADOL,
1386636892,GENDER_F,OXYCODONE,SPCLTY_Nurse Practitioner,STATE_PA,TRAMADOL,,
1386637239,GENDER_M,HYDROCODONE,SPCLTY_Oral Surgery (dentist,STATE_PA,,,
1386637643,GENDER_F,HYDROCODONE,OXYCODONE,SPCLTY_Nurse Practitioner,STATE_CA,,
1386639466,GENDER_M,HYDROCODONE,SPCLTY_Otolaryngology,STATE_MD,,,
1386639789,GENDER_M,HYDROCODONE,OXYCODONE,SPCLTY_Podiatry,STATE_TN,,
1386640365,GENDER_M,HYDROCODONE,OXYCODONE,SPCLTY_Orthopedic Surgery,STATE_VA,TRAMADOL,
1386647295,GENDER_M,HYDROCODONE,SPCLTY_General Surgery,STATE_CA,,,
1386649911,GENDER_M,HYDROCODONE,OXYCODONE,SPCLTY_Urology,STATE_AZ,,
1386651057,GENDER_M,HYDROCODONE,OXYCODONE,SPCLTY_Physical Medicine and,STATE_OH,,
1386651503,FENTANYL,GENDER_M,HYDROCODONE,OXYCODONE,SPCLTY_Family Practice,STATE_IA,TRAMADOL
1386652006,FENTANYL,GENDER_M,HYDROCODONE,OXYCODONE,SPCLTY_Internal Medicine,STATE_LA,TRAMADOL
1386656601,GENDER_F,HYDROCODONE,SPCLTY_Specialist,STATE_CO,,,
1386657450,FENTANYL,GENDER_M,HYDROCODONE,SPCLTY_Internal Medicine,STATE_WI,TRAMADOL,
1386658789,GENDER_M,HYDROCODONE,SPCLTY_Family Practice,STATE_VA,,,
1386658870,GENDER_M,HYDROCODONE,SPCLTY_Podiatry,STATE_FL,TRAMADOL,,
1386660322,GENDER_M,HYDROCODONE,OXYCODONE,SPCLTY_Internal Medicine,STATE_IL,TRAMADOL,
1386664670,FENTANYL,GENDER_M,HYDROCODONE,OXYCODONE,SPCLTY_Internal Medicine,STATE_NC,TRAMADOL
1386665719,GENDER_M,HYDROCODONE,SPCLTY_Diagnostic Radiology,STATE_OH,,,
1386675502,FENTANYL,GENDER_M,HYDROCODONE,SPCLTY_Family Practice,STATE_TX,TRAMADOL,
1386676492,GENDER_M,HYDROCODONE,OXYCODONE,SPCLTY_Emergency Medicine,STATE_AZ,,
1386677938,GENDER_M,HYDROCODONE,OXYCODONE,SPCLTY_Hematology/Oncology,STATE_KS,,
1386679504,GENDER_F,HYDROCODONE,SPCLTY_Family Practice,STATE_CA,TRAMADOL,,
1386682318,GENDER_F,SPCLTY_Neurology,STATE_TN,TRAMADOL,,,
1386682854,FENTANYL,GENDER_M,HYDROCODONE,SPCLTY_Internal Medicine,STATE_MI,TRAMADOL,
1386684298,GENDER_M,HYDROCODONE,SPCLTY_Internal Medicine,STATE_LA,TRAMADOL,,
1386684686,GENDER_M,HYDROCODONE,SPCLTY_Hematology/Oncology,STATE_CA,,,
1386685519,GENDER_M,HYDROCODONE,SPCLTY_Family Practice,STATE_VA,TRAMADOL,,
1386685824,GENDER_F,HYDROCODONE,OXYCODONE,SPCLTY_Family Practice,STATE_PA,TRAMADOL,
1386686392,GENDER_M,HYDROCODONE,OXYCODONE,SPCLTY_Family Practice,STATE_MS,TRAMADOL,
1386686400,GENDER_M,HYDROCODONE,SPCLTY_Internal Medicine,STATE_CA,,,
1386686558,FENTANYL,GENDER_F,HYDROCODONE,SPCLTY_Hematology/Oncology,STATE_TX,,
1386687457,FENTANYL,GENDER_M,HYDROCODONE,OXYCODONE,SPCLTY_Family Practice,STATE_KY,TRAMADOL
1386692572,GENDER_M,HYDROCODONE,OXYCODONE,SPCLTY_Physician Assistant,STATE_AZ,TRAMADOL,
1386693190,FENTANYL,GENDER_M,HYDROCODONE,OXYCODONE,SPCLTY_Internal Medicine,STATE_NY,TRAMADOL
1386694131,FENTANYL,GENDER_F,HYDROCODONE,OXYCODONE,SPCLTY_Internal Medicine,STATE_NE,TRAMADOL
1386694776,GENDER_M,HYDROCODONE,OXYCODONE,SPCLTY_Family Practice,STATE_OR,TRAMADOL,
1386696912,GENDER_F,HYDROCODONE,SPCLTY_Nurse Practitioner,STATE_MI,,,
1386699841,GENDER_F,HYDROCODONE,SPCLTY_Emergency Medicine,STATE_CA,,,
1386703908,GENDER_M,HYDROCODONE,SPCLTY_Internal Medicine,STATE_CA,TRAMADOL,,
1386706018,GENDER_M,HYDROCODONE,OXYCODONE,SPCLTY_Emergency Medicine,STATE_VA,TRAMADOL,
1386708022,GENDER_M,HYDROCODONE,SPCLTY_Dentist,STATE_MS,,,
1386708105,GENDER_M,HYDROCODONE,SPCLTY_Podiatry,STATE_IL,,,
1386710218,FENTANYL,GENDER_F,HYDROCODONE,SPCLTY_General Practice,STATE_CA,,
1386715332,GENDER_M,HYDROCODONE,OXYCODONE,SPCLTY_Orthopedic Surgery,STATE_CA,TRAMADOL,
1386718013,GENDER_M,HYDROCODONE,SPCLTY_Family Practice,STATE_TX,,,
1386720761,GENDER_F,HYDROCODONE,SPCLTY_Physician Assistant,STATE_WA,TRAMADOL,,
1386722197,FENTANYL,GENDER_M,HYDROCODONE,OXYCODONE,SPCLTY_Family Practice,STATE_CA,TRAMADOL
1386727246,GENDER_F,HYDROCODONE,OXYCODONE,SPCLTY_Nurse Practitioner,STATE_WA,,
1386728004,GENDER_M,HYDROCODONE,SPCLTY_Emergency Medicine,STATE_OR,,,
1386728996,GENDER_M,HYDROCODONE,OXYCODONE,SPCLTY_Infectious Disease,STATE_AR,,
1386730059,GENDER_M,HYDROCODONE,SPCLTY_Nephrology,STATE_AL,TRAMADOL,,
1386730661,GENDER_M,HYDROCODONE,SPCLTY_Orthopedic Surgery,STATE_CT,TRAMADOL,,
1386734721,GENDER_M,HYDROCODONE,OXYCODONE,SPCLTY_General Practice,STATE_FL,,
1386734747,GENDER_F,HYDROCODONE,SPCLTY_Internal Medicine,STATE_CA,TRAMADOL,,
1386739340,GENDER_M,HYDROCODONE,SPCLTY_Dentist,STATE_NM,,,
1386739910,GENDER_F,HYDROCODONE,OXYCODONE,SPCLTY_Nurse Practitioner,STATE_NY,,
1386741890,FENTANYL,GENDER_M,HYDROCODONE,OXYCODONE,SPCLTY_Family Practice,STATE_FL,TRAMADOL
1386743953,GENDER_F,HYDROCODONE,SPCLTY_Dentist,STATE_TX,,,
1386744563,GENDER_M,OXYCODONE,SPCLTY_Hematology/Oncology,STATE_PA,,,
1386746097,GENDER_F,HYDROCODONE,OXYCODONE,SPCLTY_Urology,STATE_CA,TRAMADOL,
1386747343,GENDER_F,HYDROCODONE,SPCLTY_Nurse Practitioner,STATE_IL,TRAMADOL,,
1386755643,GENDER_F,OXYCODONE,SPCLTY_General Surgery,STATE_ME,,,
1386759603,GENDER_M,HYDROCODONE,SPCLTY_Neurology,STATE_MS,TRAMADOL,,
1386763464,GENDER_M,HYDROCODONE,SPCLTY_Dentist,STATE_GA,,,
1386764884,GENDER_M,HYDROCODONE,SPCLTY_Family Practice,STATE_IL,,,
1386768968,GENDER_M,HYDROCODONE,OXYCODONE,SPCLTY_Infectious Disease,STATE_AL,,
1386776797,GENDER_M,OXYCODONE,SPCLTY_Cardiology,STATE_NJ,TRAMADOL,,
1386782266,GENDER_M,HYDROCODONE,SPCLTY_Pulmonary Disease,STATE_TX,,,
1386783033,GENDER_F,HYDROCODONE,SPCLTY_Family Practice,STATE_CA,,,
1386784270,GENDER_M,HYDROCODONE,SPCLTY_Emergency Medicine,STATE_OH,TRAMADOL,,
1386787950,GENDER_F,HYDROCODONE,SPCLTY_Family Practice,STATE_KS,,,
1386793156,GENDER_M,HYDROCODONE,SPCLTY_Cardiology,STATE_OK,,,
1386800076,GENDER_M,HYDROCODONE,OXYCODONE,SPCLTY_Family Practice,STATE_AZ,TRAMADOL,
1386804532,GENDER_F,HYDROCODONE,SPCLTY_Nurse Practitioner,STATE_MN,TRAMADOL,,
1386808335,GENDER_F,OXYCODONE,SPCLTY_Family Practice,STATE_MN,,,
1386811073,GENDER_M,HYDROCODONE,OXYCODONE,SPCLTY_Internal Medicine,STATE_VA,TRAMADOL,
1386812642,FENTANYL,GENDER_F,HYDROCODONE,OXYCODONE,SPCLTY_Nurse Practitioner,STATE_KS,TRAMADOL
1386821940,GENDER_F,HYDROCODONE,SPCLTY_Internal Medicine,STATE_MI,,,
1386822245,GENDER_M,HYDROCODONE,SPCLTY_Internal Medicine,STATE_CA,TRAMADOL,,
1386828374,GENDER_F,HYDROCODONE,SPCLTY_Nurse Practitioner,STATE_AZ,TRAMADOL,,
1386832442,GENDER_F,HYDROCODONE,OXYCODONE,SPCLTY_Emergency Medicine,STATE_OH,,
1386834273,GENDER_F,HYDROCODONE,SPCLTY_Nurse Practitioner,STATE_KY,,,
1386840395,GENDER_F,HYDROCODONE,SPCLTY_Emergency Medicine,STATE_IL,,,
1386841609,GENDER_F,OXYCODONE,SPCLTY_Physician Assistant,STATE_VA,,,
1386842805,GENDER_M,OXYCODONE,SPCLTY_Nurse Practitioner,STATE_MD,TRAMADOL,,
1386844587,GENDER_F,HYDROCODONE,SPCLTY_Family Practice,STATE_TX,TRAMADOL,,
1386852895,GENDER_F,HYDROCODONE,OXYCODONE,SPCLTY_Family Practice,STATE_PA,TRAMADOL,
1386870673,GENDER_F,HYDROCODONE,OXYCODONE,SPCLTY_Family Practice,STATE_TX,TRAMADOL,
1386871135,GENDER_F,HYDROCODONE,SPCLTY_Emergency Medicine,STATE_MI,,,
1386872588,GENDER_M,HYDROCODONE,SPCLTY_General Surgery,STATE_MI,,,
1386872828,GENDER_M,HYDROCODONE,OXYCODONE,SPCLTY_Emergency Medicine,STATE_GA,TRAMADOL,
1386886083,GENDER_F,HYDROCODONE,OXYCODONE,SPCLTY_Emergency Medicine,STATE_OR,,
1386888626,GENDER_M,HYDROCODONE,OXYCODONE,SPCLTY_Family Practice,STATE_FL,TRAMADOL,
1386890598,GENDER_M,HYDROCODONE,SPCLTY_Oral Surgery (dentist,STATE_CA,,,
1386890879,GENDER_F,HYDROCODONE,SPCLTY_Nurse Practitioner,STATE_MI,,,
1386894749,GENDER_F,SPCLTY_Internal Medicine,STATE_NY,TRAMADOL,,,
1386895522,GENDER_F,HYDROCODONE,OXYCODONE,SPCLTY_Physician Assistant,STATE_OR,,
1386903912,GENDER_M,HYDROCODONE,SPCLTY_Student in an Organiz,STATE_CA,TRAMADOL,,
1386922292,GENDER_F,HYDROCODONE,SPCLTY_Physician Assistant,STATE_MD,TRAMADOL,,
1386932028,FENTANYL,GENDER_F,HYDROCODONE,OXYCODONE,SPCLTY_Nurse Practitioner,STATE_AZ,TRAMADOL
1386937258,GENDER_F,HYDROCODONE,OXYCODONE,SPCLTY_Internal Medicine,STATE_IN,,
1386937431,GENDER_M,OXYCODONE,SPCLTY_Family Practice,STATE_TX,,,
1386950202,GENDER_F,HYDROCODONE,OXYCODONE,SPCLTY_Physician Assistant,STATE_PA,TRAMADOL,
1386951770,GENDER_F,OXYCODONE,SPCLTY_Physician Assistant,STATE_CA,,,
1386962785,FENTANYL,GENDER_M,HYDROCODONE,OXYCODONE,SPCLTY_Anesthesiology,STATE_NJ,TRAMADOL
1386963619,GENDER_F,SPCLTY_Clinic/Center,STATE_FL,TRAMADOL,,,
1386964930,GENDER_F,HYDROCODONE,SPCLTY_Family Practice,STATE_AL,TRAMADOL,,
1386965184,GENDER_M,HYDROCODONE,OXYCODONE,SPCLTY_Family Practice,STATE_MN,TRAMADOL,
1386995165,FENTANYL,GENDER_F,HYDROCODONE,OXYCODONE,SPCLTY_Nurse Practitioner,STATE_OH,
1396001061,GENDER_M,SPCLTY_Student in an Organiz,STATE_NY,TRAMADOL,,,
1396008611,GENDER_M,HYDROCODONE,SPCLTY_Family Practice,STATE_TX,TRAMADOL,,
1396009338,GENDER_M,HYDROCODONE,SPCLTY_Dentist,STATE_MA,,,
1396015772,GENDER_F,HYDROCODONE,SPCLTY_Physician Assistant,STATE_NC,TRAMADOL,,
1396025409,GENDER_M,HYDROCODONE,SPCLTY_Physician Assistant,STATE_CA,,,
1396028585,GENDER_F,HYDROCODONE,SPCLTY_Physician Assistant,STATE_KS,TRAMADOL,,
1396035788,GENDER_M,OXYCODONE,SPCLTY_Emergency Medicine,STATE_LA,,,
1396044541,GENDER_M,HYDROCODONE,OXYCODONE,SPCLTY_Family Practice,STATE_CO,TRAMADOL,
1396044798,GENDER_F,HYDROCODONE,SPCLTY_Physician Assistant,STATE_TX,TRAMADOL,,
1396045035,FENTANYL,GENDER_F,OXYCODONE,SPCLTY_Nurse Practitioner,STATE_CT,,
1396045167,GENDER_M,HYDROCODONE,SPCLTY_Physician Assistant,STATE_TX,TRAMADOL,,
1396045258,GENDER_F,HYDROCODONE,SPCLTY_Nurse Practitioner,STATE_KY,,,
1396056305,GENDER_M,HYDROCODONE,SPCLTY_Emergency Medicine,STATE_CA,,,
1396056651,GENDER_M,HYDROCODONE,SPCLTY_Dentist,STATE_OK,,,
1396059069,GENDER_M,OXYCODONE,SPCLTY_Family Practice,STATE_PA,,,
1396060364,GENDER_M,HYDROCODONE,SPCLTY_Emergency Medicine,STATE_TX,,,
1396065405,GENDER_F,HYDROCODONE,SPCLTY_Internal Medicine,STATE_OK,,,
1396069035,GENDER_F,OXYCODONE,SPCLTY_Emergency Medicine,STATE_MA,,,
1396070819,GENDER_M,HYDROCODONE,OXYCODONE,SPCLTY_Internal Medicine,STATE_AZ,TRAMADOL,
1396078002,GENDER_F,SPCLTY_Internal Medicine,STATE_NV,TRAMADOL,,,
1396078051,FENTANYL,GENDER_F,HYDROCODONE,SPCLTY_Nurse Practitioner,STATE_IL,TRAMADOL,
1396083192,GENDER_M,HYDROCODONE,SPCLTY_Physician Assistant,STATE_CA,,,
1396083515,GENDER_M,HYDROCODONE,SPCLTY_Dentist,STATE_FL,,,
1396095204,GENDER_F,OXYCODONE,SPCLTY_Physician Assistant,STATE_NJ,,,
1396097382,GENDER_F,HYDROCODONE,SPCLTY_Nurse Practitioner,STATE_TN,,,
1396184289,GENDER_F,OXYCODONE,SPCLTY_Internal Medicine,STATE_FL,,,
1396701645,FENTANYL,GENDER_M,HYDROCODONE,OXYCODONE,SPCLTY_Anesthesiology,STATE_PA,TRAMADOL
1396702064,GENDER_M,HYDROCODONE,SPCLTY_Orthopedic Surgery,STATE_KS,,,
1396703161,GENDER_M,HYDROCODONE,SPCLTY_Orthopedic Surgery,STATE_CA,,,
1396704995,GENDER_F,HYDROCODONE,SPCLTY_Nurse Practitioner,STATE_GA,TRAMADOL,,
1396705323,FENTANYL,GENDER_M,HYDROCODONE,OXYCODONE,SPCLTY_Internal Medicine,STATE_MN,TRAMADOL
1396710943,GENDER_M,HYDROCODONE,SPCLTY_Family Practice,STATE_NM,,,
1396711446,GENDER_M,HYDROCODONE,OXYCODONE,SPCLTY_Emergency Medicine,STATE_MN,,
1396711529,GENDER_M,HYDROCODONE,SPCLTY_Obstetrics/Gynecology,STATE_WA,,,
1396711834,GENDER_F,OXYCODONE,SPCLTY_Physician Assistant,STATE_NC,,,
1396716411,GENDER_M,HYDROCODONE,SPCLTY_Emergency Medicine,STATE_IA,,,
1396721080,GENDER_M,HYDROCODONE,SPCLTY_Family Practice,STATE_CO,TRAMADOL,,
1396722765,GENDER_M,HYDROCODONE,SPCLTY_Dermatology,STATE_MO,,,
1396723813,FENTANYL,GENDER_M,HYDROCODONE,OXYCODONE,SPCLTY_Internal Medicine,STATE_MA,TRAMADOL
1396724613,GENDER_M,HYDROCODONE,OXYCODONE,SPCLTY_Internal Medicine,STATE_AL,TRAMADOL,
1396724985,GENDER_M,HYDROCODONE,SPCLTY_Pulmonary Disease,STATE_CA,,,
1396726808,FENTANYL,GENDER_M,HYDROCODONE,SPCLTY_Internal Medicine,STATE_MI,TRAMADOL,
1396727392,GENDER_M,HYDROCODONE,SPCLTY_Internal Medicine,STATE_TX,TRAMADOL,,
1396728457,GENDER_M,OXYCODONE,SPCLTY_Emergency Medicine,STATE_MO,,,
1396729448,GENDER_M,HYDROCODONE,SPCLTY_Neurology,STATE_MI,TRAMADOL,,
1396729794,GENDER_F,HYDROCODONE,SPCLTY_Nurse Practitioner,STATE_WA,,,
1396730487,GENDER_M,HYDROCODONE,OXYCODONE,SPCLTY_Hand Surgery,STATE_CT,,
1396734182,GENDER_F,HYDROCODONE,SPCLTY_Family Practice,STATE_ME,,,
1396738472,GENDER_F,HYDROCODONE,SPCLTY_Emergency Medicine,STATE_NY,,,
1396739504,FENTANYL,GENDER_M,HYDROCODONE,OXYCODONE,SPCLTY_Physician Assistant,STATE_AZ,TRAMADOL
1396740106,GENDER_F,HYDROCODONE,SPCLTY_Family Practice,STATE_MD,TRAMADOL,,
1396740791,GENDER_M,HYDROCODONE,SPCLTY_Otolaryngology,STATE_LA,,,
1396742342,FENTANYL,GENDER_M,SPCLTY_Internal Medicine,STATE_NJ,TRAMADOL,,
1396743530,GENDER_M,HYDROCODONE,SPCLTY_General Practice,STATE_WA,,,
1396744546,GENDER_M,HYDROCODONE,SPCLTY_Internal Medicine,STATE_CA,,,
1396744850,GENDER_M,HYDROCODONE,SPCLTY_Family Practice,STATE_CA,,,
1396745923,GENDER_F,HYDROCODONE,OXYCODONE,SPCLTY_Obstetrics/Gynecology,STATE_GA,TRAMADOL,
1396747168,GENDER_M,HYDROCODONE,SPCLTY_General Surgery,STATE_OK,,,
1396748851,FENTANYL,GENDER_M,HYDROCODONE,OXYCODONE,SPCLTY_Physical Medicine and,STATE_AZ,TRAMADOL
1396749768,FENTANYL,GENDER_F,HYDROCODONE,OXYCODONE,SPCLTY_Family Practice,STATE_SD,TRAMADOL
1396749859,FENTANYL,GENDER_M,HYDROCODONE,OXYCODONE,SPCLTY_Internal Medicine,STATE_OR,TRAMADOL
1396754032,GENDER_F,HYDROCODONE,OXYCODONE,SPCLTY_Nurse Practitioner,STATE_MA,TRAMADOL,
1396755211,GENDER_F,HYDROCODONE,OXYCODONE,SPCLTY_Internal Medicine,STATE_MA,TRAMADOL,
1396761474,FENTANYL,GENDER_M,HYDROCODONE,OXYCODONE,SPCLTY_Internal Medicine,STATE_NY,TRAMADOL
1396766937,FENTANYL,GENDER_M,HYDROCODONE,OXYCODONE,SPCLTY_Family Practice,STATE_IA,TRAMADOL
1396769618,FENTANYL,GENDER_M,HYDROCODONE,OXYCODONE,SPCLTY_Medical Oncology,STATE_NC,
1396770566,GENDER_F,HYDROCODONE,SPCLTY_Internal Medicine,STATE_LA,TRAMADOL,,
1396776597,FENTANYL,GENDER_M,HYDROCODONE,OXYCODONE,SPCLTY_Physical Medicine and,STATE_TX,TRAMADOL
1396779096,GENDER_M,HYDROCODONE,SPCLTY_Physician Assistant,STATE_CO,,,
1396780144,FENTANYL,GENDER_M,HYDROCODONE,OXYCODONE,SPCLTY_Family Practice,STATE_WI,TRAMADOL
1396781027,GENDER_M,HYDROCODONE,SPCLTY_Emergency Medicine,STATE_FL,,,
1396781423,GENDER_M,HYDROCODONE,SPCLTY_Plastic and Reconstru,STATE_TX,TRAMADOL,,
1396785994,GENDER_M,SPCLTY_Nephrology,STATE_NC,TRAMADOL,,,
1396787578,GENDER_M,HYDROCODONE,OXYCODONE,SPCLTY_Internal Medicine,STATE_MD,TRAMADOL,
1396788345,GENDER_M,HYDROCODONE,SPCLTY_Emergency Medicine,STATE_CA,TRAMADOL,,
1396796660,GENDER_F,HYDROCODONE,OXYCODONE,SPCLTY_Physician Assistant,STATE_WI,TRAMADOL,
1396797221,GENDER_F,HYDROCODONE,OXYCODONE,SPCLTY_Internal Medicine,STATE_MA,TRAMADOL,
1396797510,FENTANYL,GENDER_M,HYDROCODONE,OXYCODONE,SPCLTY_Emergency Medicine,STATE_OH,TRAMADOL
1396797692,GENDER_M,OXYCODONE,SPCLTY_Medical Oncology,STATE_FL,TRAMADOL,,
1396799128,GENDER_M,SPCLTY_Family Practice,STATE_TX,TRAMADOL,,,
1396803177,GENDER_F,HYDROCODONE,OXYCODONE,SPCLTY_Nurse Practitioner,STATE_PA,TRAMADOL,
1396803847,GENDER_M,HYDROCODONE,OXYCODONE,SPCLTY_Orthopedic Surgery,STATE_MD,TRAMADOL,
1396805081,FENTANYL,GENDER_M,HYDROCODONE,OXYCODONE,SPCLTY_Physician Assistant,STATE_MD,TRAMADOL
1396805701,GENDER_M,HYDROCODONE,OXYCODONE,SPCLTY_Internal Medicine,STATE_MA,TRAMADOL,
1396806535,GENDER_M,HYDROCODONE,SPCLTY_Internal Medicine,STATE_TX,,,
1396815452,GENDER_M,HYDROCODONE,OXYCODONE,SPCLTY_Emergency Medicine,STATE_HI,,
1396815460,GENDER_M,HYDROCODONE,SPCLTY_Dentist,STATE_MO,,,
1396815940,GENDER_M,HYDROCODONE,OXYCODONE,SPCLTY_Internal Medicine,STATE_CA,TRAMADOL,
1396820759,FENTANYL,GENDER_M,HYDROCODONE,OXYCODONE,SPCLTY_Internal Medicine,STATE_NY,TRAMADOL
1396822193,GENDER_M,OXYCODONE,SPCLTY_Emergency Medicine,STATE_CA,,,
1396823423,GENDER_M,HYDROCODONE,SPCLTY_Internal Medicine,STATE_CA,,,
1396824462,GENDER_M,HYDROCODONE,SPCLTY_Obstetrics/Gynecology,STATE_AL,,,
1396824595,GENDER_F,HYDROCODONE,SPCLTY_Radiation Oncology,STATE_WA,,,
1396826160,GENDER_M,HYDROCODONE,OXYCODONE,SPCLTY_Internal Medicine,STATE_FL,TRAMADOL,
1396826640,GENDER_M,HYDROCODONE,OXYCODONE,SPCLTY_Surgical Oncology,STATE_VA,,
1396827630,GENDER_M,HYDROCODONE,SPCLTY_Dentist,STATE_MD,,,
1396828109,GENDER_M,SPCLTY_Clinic/Center,STATE_NJ,TRAMADOL,,,
1396828182,GENDER_F,HYDROCODONE,OXYCODONE,SPCLTY_General Practice,STATE_NY,TRAMADOL,
1396828844,GENDER_M,SPCLTY_Cardiology,STATE_CA,TRAMADOL,,,
1396830477,FENTANYL,GENDER_F,HYDROCODONE,OXYCODONE,SPCLTY_Internal Medicine,STATE_MO,TRAMADOL
1396831889,GENDER_M,HYDROCODONE,SPCLTY_Internal Medicine,STATE_CA,,,
1396833265,FENTANYL,GENDER_M,HYDROCODONE,SPCLTY_Internal Medicine,STATE_CA,,
1396837357,GENDER_M,HYDROCODONE,SPCLTY_Dentist,STATE_MT,,,
1396844262,GENDER_M,HYDROCODONE,SPCLTY_Medical Oncology,STATE_TX,TRAMADOL,,
1396849915,FENTANYL,GENDER_M,HYDROCODONE,OXYCODONE,SPCLTY_Family Practice,STATE_FL,TRAMADOL
1396852273,GENDER_M,HYDROCODONE,SPCLTY_Hematology/Oncology,STATE_TN,,,
1396854576,GENDER_F,HYDROCODONE,OXYCODONE,SPCLTY_Family Practice,STATE_AL,TRAMADOL,
1396856019,GENDER_F,HYDROCODONE,SPCLTY_Internal Medicine,STATE_IL,TRAMADOL,,
1396859617,FENTANYL,GENDER_M,HYDROCODONE,OXYCODONE,SPCLTY_Family Practice,STATE_FL,TRAMADOL
1396868048,GENDER_M,HYDROCODONE,SPCLTY_Dentist,STATE_OR,,,
1396871687,GENDER_F,HYDROCODONE,SPCLTY_Physician Assistant,STATE_IN,,,
1396874525,GENDER_F,HYDROCODONE,SPCLTY_Family Practice,STATE_NY,,,
1396881447,GENDER_M,HYDROCODONE,OXYCODONE,SPCLTY_Family Practice,STATE_NJ,TRAMADOL,
1396891826,FENTANYL,GENDER_F,HYDROCODONE,OXYCODONE,SPCLTY_Nurse Practitioner,STATE_OH,TRAMADOL
1396892436,GENDER_F,HYDROCODONE,SPCLTY_Internal Medicine,STATE_WA,,,
1396896494,FENTANYL,GENDER_F,HYDROCODONE,SPCLTY_Nurse Practitioner,STATE_ID,TRAMADOL,
1396897500,GENDER_F,OXYCODONE,SPCLTY_Nurse Practitioner,STATE_MA,TRAMADOL,,
1396898086,GENDER_M,HYDROCODONE,SPCLTY_Neurology,STATE_WA,,,
1396907689,GENDER_F,OXYCODONE,SPCLTY_Internal Medicine,STATE_NY,,,
1396908562,GENDER_M,OXYCODONE,SPCLTY_Family Practice,STATE_MA,TRAMADOL,,
1396908752,GENDER_M,HYDROCODONE,SPCLTY_General Surgery,STATE_OK,,,
1396916037,GENDER_M,HYDROCODONE,SPCLTY_Neurology,STATE_TX,,,
1396920658,GENDER_F,OXYCODONE,SPCLTY_Podiatry,STATE_FL,TRAMADOL,,
1396930491,FENTANYL,GENDER_F,HYDROCODONE,OXYCODONE,SPCLTY_Nurse Practitioner,STATE_CT,TRAMADOL
1396934196,GENDER_M,HYDROCODONE,OXYCODONE,SPCLTY_Physician Assistant,STATE_AZ,TRAMADOL,
1396935862,GENDER_F,HYDROCODONE,SPCLTY_Family Practice,STATE_CA,TRAMADOL,,
1396938205,FENTANYL,GENDER_F,HYDROCODONE,OXYCODONE,SPCLTY_Internal Medicine,STATE_PA,TRAMADOL
1396942496,GENDER_F,HYDROCODONE,SPCLTY_Podiatry,STATE_TX,,,
1396943205,GENDER_F,HYDROCODONE,OXYCODONE,SPCLTY_Family Practice,STATE_MA,TRAMADOL,
1396949632,GENDER_M,HYDROCODONE,SPCLTY_Dentist,STATE_TX,,,
1396952446,GENDER_M,HYDROCODONE,SPCLTY_Vascular Surgery,STATE_FL,,,
1396960068,GENDER_M,HYDROCODONE,SPCLTY_Dentist,STATE_FL,,,
1396973152,GENDER_M,OXYCODONE,SPCLTY_Podiatry,STATE_PA,,,
1396979092,GENDER_M,HYDROCODONE,SPCLTY_Vascular Surgery,STATE_AL,TRAMADOL,,
1396989109,GENDER_F,HYDROCODONE,SPCLTY_Family Practice,STATE_VA,,,
1407001852,GENDER_F,HYDROCODONE,SPCLTY_Nurse Practitioner,STATE_ID,,,
1407006588,GENDER_M,HYDROCODONE,SPCLTY_Dentist,STATE_CA,TRAMADOL,,
1407021637,GENDER_F,HYDROCODONE,OXYCODONE,SPCLTY_Family Practice,STATE_MN,TRAMADOL,
1407022924,GENDER_F,HYDROCODONE,OXYCODONE,SPCLTY_Family Practice,STATE_MO,TRAMADOL,
1407025745,GENDER_M,HYDROCODONE,OXYCODONE,SPCLTY_Emergency Medicine,STATE_MI,TRAMADOL,
1407026479,GENDER_M,HYDROCODONE,SPCLTY_Urology,STATE_NC,,,
1407026818,GENDER_M,HYDROCODONE,OXYCODONE,SPCLTY_Nephrology,STATE_GA,TRAMADOL,
1407032188,GENDER_M,HYDROCODONE,SPCLTY_Vascular Surgery,STATE_TX,,,
1407044241,GENDER_M,HYDROCODONE,SPCLTY_Family Practice,STATE_IL,TRAMADOL,,
1407051840,GENDER_F,OXYCODONE,SPCLTY_Geriatric Medicine,STATE_DC,,,
1407052020,GENDER_F,SPCLTY_Nurse Practitioner,STATE_AL,TRAMADOL,,,
1407052921,GENDER_M,HYDROCODONE,SPCLTY_Emergency Medicine,STATE_NM,,,
1407056518,GENDER_M,HYDROCODONE,OXYCODONE,SPCLTY_Orthopedic Surgery,STATE_OH,TRAMADOL,
1407059025,GENDER_F,HYDROCODONE,SPCLTY_Dermatology,STATE_CA,,,
1407060551,GENDER_M,HYDROCODONE,SPCLTY_Dentist,STATE_TX,,,
1407065063,GENDER_M,HYDROCODONE,OXYCODONE,SPCLTY_Orthopedic Surgery,STATE_AL,TRAMADOL,
1407068661,GENDER_F,SPCLTY_Cardiology,STATE_PA,TRAMADOL,,,
1407076193,GENDER_M,HYDROCODONE,OXYCODONE,SPCLTY_Orthopedic Surgery,STATE_UT,,
1407077712,GENDER_M,HYDROCODONE,OXYCODONE,SPCLTY_Otolaryngology,STATE_WA,,
1407089436,FENTANYL,GENDER_F,HYDROCODONE,OXYCODONE,SPCLTY_Internal Medicine,STATE_LA,TRAMADOL
1407090731,FENTANYL,GENDER_M,HYDROCODONE,OXYCODONE,SPCLTY_Family Practice,STATE_AL,TRAMADOL
1407090921,GENDER_M,HYDROCODONE,OXYCODONE,SPCLTY_Internal Medicine,STATE_FL,TRAMADOL,
1407103898,GENDER_F,HYDROCODONE,SPCLTY_Nurse Practitioner,STATE_KY,TRAMADOL,,
1407116932,GENDER_M,OXYCODONE,SPCLTY_Student in an Organiz,STATE_MD,,,
1407134109,GENDER_F,HYDROCODONE,SPCLTY_Dentist,STATE_MS,,,
1407141500,GENDER_M,SPCLTY_Internal Medicine,STATE_IN,TRAMADOL,,,
1407155666,GENDER_F,SPCLTY_Internal Medicine,STATE_FL,TRAMADOL,,,
1407155955,FENTANYL,GENDER_F,HYDROCODONE,OXYCODONE,SPCLTY_Physician Assistant,STATE_CA,TRAMADOL
1407156615,GENDER_F,HYDROCODONE,SPCLTY_Family Practice,STATE_CA,TRAMADOL,,
1407157357,GENDER_F,HYDROCODONE,SPCLTY_Physician Assistant,STATE_CA,,,
1407159288,GENDER_F,HYDROCODONE,OXYCODONE,SPCLTY_Physician Assistant,STATE_CA,TRAMADOL,
1407167356,GENDER_M,HYDROCODONE,OXYCODONE,SPCLTY_Family Practice,STATE_IL,,
1407173347,GENDER_M,HYDROCODONE,OXYCODONE,SPCLTY_Family Practice,STATE_GA,TRAMADOL,
1407183221,GENDER_F,OXYCODONE,SPCLTY_Nurse Practitioner,STATE_MA,,,
1407186687,GENDER_M,OXYCODONE,SPCLTY_Internal Medicine,STATE_IN,TRAMADOL,,
1407188840,GENDER_F,HYDROCODONE,OXYCODONE,SPCLTY_Nurse Practitioner,STATE_IN,,
1407192263,GENDER_F,OXYCODONE,SPCLTY_Nurse Practitioner,STATE_PA,,,
1407197841,GENDER_F,HYDROCODONE,SPCLTY_Nurse Practitioner,STATE_IL,TRAMADOL,,
1407198583,GENDER_F,SPCLTY_Physician Assistant,STATE_MA,TRAMADOL,,,
1407290943,GENDER_F,HYDROCODONE,SPCLTY_Nurse Practitioner,STATE_NY,,,
1407293103,GENDER_M,OXYCODONE,SPCLTY_General Surgery,STATE_AZ,,,
1407298987,GENDER_M,HYDROCODONE,SPCLTY_Podiatry,STATE_MI,,,
1407800154,GENDER_M,HYDROCODONE,SPCLTY_Internal Medicine,STATE_MD,TRAMADOL,,
1407801947,FENTANYL,GENDER_F,HYDROCODONE,OXYCODONE,SPCLTY_Nurse Practitioner,STATE_MD,TRAMADOL
1407802283,FENTANYL,GENDER_M,HYDROCODONE,OXYCODONE,SPCLTY_Family Practice,STATE_AL,TRAMADOL
1407802671,FENTANYL,GENDER_M,OXYCODONE,SPCLTY_Hematology/Oncology,STATE_VA,,
1407805070,GENDER_M,HYDROCODONE,OXYCODONE,SPCLTY_Orthopedic Surgery,STATE_KY,TRAMADOL,
1407805583,GENDER_F,OXYCODONE,SPCLTY_Nurse Practitioner,STATE_NJ,TRAMADOL,,
1407807696,GENDER_M,HYDROCODONE,SPCLTY_General Surgery,STATE_MN,,,
1407808983,GENDER_M,HYDROCODONE,OXYCODONE,SPCLTY_Physical Medicine and,STATE_ID,TRAMADOL,
1407811011,GENDER_M,HYDROCODONE,SPCLTY_Family Practice,STATE_OR,,,
1407811086,GENDER_F,SPCLTY_Nurse Practitioner,STATE_FL,TRAMADOL,,,
1407813090,GENDER_F,HYDROCODONE,OXYCODONE,SPCLTY_Family Practice,STATE_VA,TRAMADOL,
1407817406,GENDER_F,OXYCODONE,SPCLTY_Internal Medicine,STATE_NY,,,
1407817489,FENTANYL,GENDER_F,HYDROCODONE,SPCLTY_Family Practice,STATE_TX,TRAMADOL,
1407819626,GENDER_M,HYDROCODONE,OXYCODONE,SPCLTY_Internal Medicine,STATE_MA,TRAMADOL,
1407822463,GENDER_M,OXYCODONE,SPCLTY_General Surgery,STATE_MN,,,
1407823115,GENDER_F,HYDROCODONE,SPCLTY_Internal Medicine,STATE_TX,,,
1407823230,GENDER_F,HYDROCODONE,SPCLTY_Family Practice,STATE_TX,TRAMADOL,,
1407825029,GENDER_M,HYDROCODONE,OXYCODONE,SPCLTY_Podiatry,STATE_WI,,
1407825052,GENDER_M,HYDROCODONE,SPCLTY_Emergency Medicine,STATE_TX,,,
1407830193,GENDER_M,HYDROCODONE,OXYCODONE,SPCLTY_Hematology/Oncology,STATE_FL,,
1407830441,FENTANYL,GENDER_M,HYDROCODONE,OXYCODONE,SPCLTY_Internal Medicine,STATE_WA,TRAMADOL
1407831837,GENDER_F,HYDROCODONE,SPCLTY_Dentist,STATE_OH,,,
1407837784,GENDER_F,OXYCODONE,SPCLTY_Obstetrics/Gynecology,STATE_FL,,,
1407843485,GENDER_M,HYDROCODONE,OXYCODONE,SPCLTY_Cardiac Surgery,STATE_OK,,
1407844145,FENTANYL,GENDER_M,HYDROCODONE,OXYCODONE,SPCLTY_Family Practice,STATE_NY,TRAMADOL
1407845324,GENDER_M,HYDROCODONE,SPCLTY_Obstetrics/Gynecology,STATE_KY,,,
1407846512,GENDER_F,HYDROCODONE,SPCLTY_Radiation Oncology,STATE_FL,,,
1407847833,GENDER_M,SPCLTY_Physician Assistant,STATE_WV,TRAMADOL,,,
1407848336,GENDER_M,OXYCODONE,SPCLTY_Neurology,STATE_IA,,,
1407848948,GENDER_M,HYDROCODONE,OXYCODONE,SPCLTY_Otolaryngology,STATE_OR,,
1407849144,GENDER_M,HYDROCODONE,SPCLTY_Family Practice,STATE_TX,,,
1407858368,FENTANYL,GENDER_M,HYDROCODONE,OXYCODONE,SPCLTY_Family Practice,STATE_TN,TRAMADOL
1407858467,FENTANYL,GENDER_M,HYDROCODONE,OXYCODONE,SPCLTY_Hematology/Oncology,STATE_SC,TRAMADOL
1407866908,GENDER_M,SPCLTY_Family Practice,STATE_MO,TRAMADOL,,,
1407867658,GENDER_M,HYDROCODONE,SPCLTY_Physical Medicine and,STATE_UT,,,
1407871817,GENDER_F,HYDROCODONE,OXYCODONE,SPCLTY_Internal Medicine,STATE_CA,TRAMADOL,
1407875222,FENTANYL,GENDER_M,HYDROCODONE,OXYCODONE,SPCLTY_Internal Medicine,STATE_TN,TRAMADOL
1407876337,GENDER_F,OXYCODONE,SPCLTY_Emergency Medicine,STATE_NJ,,,
1407878598,GENDER_M,HYDROCODONE,OXYCODONE,SPCLTY_General Surgery,STATE_NC,,
1407879182,GENDER_M,HYDROCODONE,SPCLTY_Internal Medicine,STATE_SC,,,
1407879463,GENDER_M,HYDROCODONE,SPCLTY_Internal Medicine,STATE_TX,TRAMADOL,,
1407879489,GENDER_M,HYDROCODONE,SPCLTY_Internal Medicine,STATE_TX,TRAMADOL,,
1407880602,GENDER_M,HYDROCODONE,OXYCODONE,SPCLTY_Family Practice,STATE_WI,TRAMADOL,
1407883150,GENDER_M,HYDROCODONE,OXYCODONE,SPCLTY_Neurology,STATE_NY,,
1407883903,GENDER_M,SPCLTY_Family Practice,STATE_MD,TRAMADOL,,,
1407889215,GENDER_F,HYDROCODONE,SPCLTY_Nurse Practitioner,STATE_OR,,,
1407891708,GENDER_M,HYDROCODONE,SPCLTY_Family Practice,STATE_OH,,,
1407895261,FENTANYL,GENDER_M,HYDROCODONE,OXYCODONE,SPCLTY_Internal Medicine,STATE_AL,TRAMADOL
1407896111,FENTANYL,GENDER_F,HYDROCODONE,OXYCODONE,SPCLTY_Family Practice,STATE_WA,TRAMADOL
1407896640,GENDER_M,HYDROCODONE,SPCLTY_Internal Medicine,STATE_HI,TRAMADOL,,
1407898505,FENTANYL,GENDER_M,HYDROCODONE,SPCLTY_Hematology/Oncology,STATE_TX,,
1407905680,GENDER_M,HYDROCODONE,SPCLTY_Dentist,STATE_TX,,,
1407908742,GENDER_M,HYDROCODONE,SPCLTY_Dentist,STATE_CO,,,
1407911498,GENDER_M,HYDROCODONE,OXYCODONE,SPCLTY_Family Practice,STATE_WA,,
1407911936,GENDER_M,HYDROCODONE,SPCLTY_Internal Medicine,STATE_OH,TRAMADOL,,
1407917719,GENDER_M,HYDROCODONE,SPCLTY_Emergency Medicine,STATE_TX,,,
1407921323,GENDER_M,SPCLTY_Physician Assistant,STATE_FL,TRAMADOL,,,
1407922446,GENDER_M,HYDROCODONE,OXYCODONE,SPCLTY_Family Practice,STATE_UT,TRAMADOL,
1407923352,GENDER_F,HYDROCODONE,SPCLTY_Obstetrics/Gynecology,STATE_CA,,,
1407925027,FENTANYL,GENDER_F,OXYCODONE,SPCLTY_Hospice and Palliativ,STATE_VA,,
1407928112,GENDER_M,HYDROCODONE,SPCLTY_Otolaryngology,STATE_OR,,,
1407928401,FENTANYL,GENDER_M,HYDROCODONE,OXYCODONE,SPCLTY_Family Practice,STATE_AZ,TRAMADOL
1407930548,GENDER_M,SPCLTY_Gastroenterology,STATE_MI,TRAMADOL,,,
1407937733,GENDER_M,HYDROCODONE,OXYCODONE,SPCLTY_Emergency Medicine,STATE_FL,TRAMADOL,
1407938061,GENDER_M,HYDROCODONE,SPCLTY_Podiatry,STATE_CA,,,
1407938186,GENDER_M,HYDROCODONE,SPCLTY_Orthopedic Surgery,STATE_IL,,,
1407939242,GENDER_M,HYDROCODONE,SPCLTY_Internal Medicine,STATE_MI,,,
1407939705,FENTANYL,GENDER_M,OXYCODONE,SPCLTY_Internal Medicine,STATE_NY,TRAMADOL,
1407952609,GENDER_M,HYDROCODONE,SPCLTY_Oral Surgery (dentist,STATE_IN,,,
1407954100,GENDER_M,HYDROCODONE,SPCLTY_Physician Assistant,STATE_CA,,,
1407954589,GENDER_M,HYDROCODONE,SPCLTY_Obstetrics/Gynecology,STATE_MI,TRAMADOL,,
1407958101,GENDER_M,HYDROCODONE,SPCLTY_Family Practice,STATE_WV,,,
1407959976,FENTANYL,GENDER_M,HYDROCODONE,OXYCODONE,SPCLTY_Internal Medicine,STATE_SC,TRAMADOL
1407960339,GENDER_F,HYDROCODONE,SPCLTY_Emergency Medicine,STATE_WA,,,
1407961410,GENDER_M,HYDROCODONE,SPCLTY_Physician Assistant,STATE_TX,TRAMADOL,,
1407961485,GENDER_F,HYDROCODONE,OXYCODONE,SPCLTY_Family Practice,STATE_CO,TRAMADOL,
1407962285,GENDER_F,SPCLTY_Family Practice,STATE_MA,TRAMADOL,,,
1407962343,GENDER_M,HYDROCODONE,SPCLTY_Dentist,STATE_NC,,,
1407963507,GENDER_M,HYDROCODONE,OXYCODONE,SPCLTY_Emergency Medicine,STATE_TN,TRAMADOL,
1407969041,GENDER_F,SPCLTY_Family Practice,STATE_IL,TRAMADOL,,,
1407969058,GENDER_F,HYDROCODONE,SPCLTY_Nurse Practitioner,STATE_GA,TRAMADOL,,
1407969140,FENTANYL,GENDER_M,HYDROCODONE,OXYCODONE,SPCLTY_Family Practice,STATE_TX,TRAMADOL
1407969348,GENDER_M,HYDROCODONE,SPCLTY_Family Practice,STATE_MO,,,
1407969959,GENDER_M,HYDROCODONE,OXYCODONE,SPCLTY_Internal Medicine,STATE_NY,TRAMADOL,
1407970205,GENDER_M,HYDROCODONE,SPCLTY_Dentist,STATE_NC,,,
1407975501,GENDER_M,HYDROCODONE,SPCLTY_Emergency Medicine,STATE_CA,TRAMADOL,,
1407984180,GENDER_M,OXYCODONE,SPCLTY_Internal Medicine,STATE_CT,TRAMADOL,,
1407991615,GENDER_M,HYDROCODONE,SPCLTY_General Practice,STATE_MI,,,
1407992464,GENDER_M,HYDROCODONE,SPCLTY_Internal Medicine,STATE_NY,,,
1417002965,GENDER_M,OXYCODONE,SPCLTY_Orthopedic Surgery,STATE_MS,TRAMADOL,,
1417005711,GENDER_M,HYDROCODONE,OXYCODONE,SPCLTY_Internal Medicine,STATE_TN,TRAMADOL,
1417007113,GENDER_M,HYDROCODONE,SPCLTY_Dentist,STATE_GA,,,
1417009648,GENDER_F,HYDROCODONE,SPCLTY_Internal Medicine,STATE_CA,TRAMADOL,,
1417023177,GENDER_F,HYDROCODONE,OXYCODONE,SPCLTY_Internal Medicine,STATE_MI,TRAMADOL,
1417030883,GENDER_M,HYDROCODONE,OXYCODONE,SPCLTY_Family Practice,STATE_NY,TRAMADOL,
1417031295,GENDER_M,HYDROCODONE,SPCLTY_General Surgery,STATE_NE,,,
1417031410,GENDER_M,HYDROCODONE,OXYCODONE,SPCLTY_Emergency Medicine,STATE_CA,,
1417034786,GENDER_M,HYDROCODONE,OXYCODONE,SPCLTY_Physician Assistant,STATE_CT,TRAMADOL,
1417040189,GENDER_F,HYDROCODONE,SPCLTY_Family Practice,STATE_ND,TRAMADOL,,
1417047333,GENDER_M,HYDROCODONE,OXYCODONE,SPCLTY_Physician Assistant,STATE_SC,TRAMADOL,
1417051574,GENDER_M,SPCLTY_Neurology,STATE_CA,TRAMADOL,,,
1417052671,GENDER_M,OXYCODONE,SPCLTY_Plastic and Reconstru,STATE_CA,,,
1417054222,GENDER_M,HYDROCODONE,OXYCODONE,SPCLTY_Family Practice,STATE_MA,TRAMADOL,
1417055179,FENTANYL,GENDER_M,HYDROCODONE,OXYCODONE,SPCLTY_Internal Medicine,STATE_LA,TRAMADOL
1417056805,GENDER_F,HYDROCODONE,OXYCODONE,SPCLTY_Internal Medicine,STATE_HI,,
1417057514,GENDER_M,HYDROCODONE,SPCLTY_Urology,STATE_CA,,,
1417059676,GENDER_F,HYDROCODONE,SPCLTY_Dentist,STATE_FL,,,
1417059866,GENDER_M,HYDROCODONE,SPCLTY_Dentist,STATE_TX,,,
1417061748,GENDER_M,OXYCODONE,SPCLTY_Urology,STATE_VA,,,
1417064189,GENDER_M,HYDROCODONE,SPCLTY_Emergency Medicine,STATE_WI,,,
1417066747,GENDER_M,HYDROCODONE,SPCLTY_Emergency Medicine,STATE_HI,,,
1417068198,GENDER_F,SPCLTY_Rheumatology,STATE_OR,TRAMADOL,,,
1417068511,FENTANYL,GENDER_M,HYDROCODONE,OXYCODONE,SPCLTY_Gastroenterology,STATE_CA,TRAMADOL
1417071416,GENDER_M,OXYCODONE,SPCLTY_Dentist,STATE_MD,,,
1417106576,GENDER_M,HYDROCODONE,SPCLTY_Dentist,STATE_WV,,,
1417108358,GENDER_M,HYDROCODONE,SPCLTY_Neurosurgery,STATE_CA,,,
1417111857,GENDER_F,OXYCODONE,SPCLTY_Internal Medicine,STATE_NY,TRAMADOL,,
1417112442,GENDER_M,HYDROCODONE,OXYCODONE,SPCLTY_Family Practice,STATE_WI,TRAMADOL,
1417114067,GENDER_F,HYDROCODONE,SPCLTY_Family Practice,STATE_CA,,,
1417117003,GENDER_M,SPCLTY_Endocrinology,STATE_GA,TRAMADOL,,,
1417120379,GENDER_M,HYDROCODONE,SPCLTY_Dentist,STATE_WI,,,
1417123324,GENDER_M,OXYCODONE,SPCLTY_Emergency Medicine,STATE_VA,,,
1417123696,GENDER_F,HYDROCODONE,SPCLTY_Family Practice,STATE_MN,TRAMADOL,,
1417132911,GENDER_M,HYDROCODONE,SPCLTY_Dermatology,STATE_IN,TRAMADOL,,
1417141912,GENDER_F,HYDROCODONE,SPCLTY_Family Practice,STATE_TX,TRAMADOL,,
1417144577,FENTANYL,GENDER_F,HYDROCODONE,SPCLTY_Internal Medicine,STATE_IL,TRAMADOL,
1417148545,GENDER_F,HYDROCODONE,OXYCODONE,SPCLTY_Physician Assistant,STATE_TN,TRAMADOL,
1417151234,FENTANYL,GENDER_F,HYDROCODONE,OXYCODONE,SPCLTY_Physical Medicine and,STATE_NC,TRAMADOL
1417156936,GENDER_F,HYDROCODONE,OXYCODONE,SPCLTY_Infectious Disease,STATE_CA,TRAMADOL,
1417158866,GENDER_F,HYDROCODONE,SPCLTY_Internal Medicine,STATE_CA,TRAMADOL,,
1417160342,GENDER_M,HYDROCODONE,SPCLTY_Dentist,STATE_TX,,,
1417163452,GENDER_F,OXYCODONE,SPCLTY_General Surgery,STATE_OH,,,
1417166166,GENDER_M,HYDROCODONE,OXYCODONE,SPCLTY_Orthopedic Surgery,STATE_AL,TRAMADOL,
1417166703,GENDER_M,HYDROCODONE,SPCLTY_Dentist,STATE_MS,,,
1417173378,GENDER_M,HYDROCODONE,SPCLTY_Gastroenterology,STATE_SC,,,
1417174673,GENDER_F,SPCLTY_Physician Assistant,STATE_SC,TRAMADOL,,,
1417184508,GENDER_M,OXYCODONE,SPCLTY_Emergency Medicine,STATE_PA,,,
1417204942,GENDER_F,SPCLTY_Nurse Practitioner,STATE_FL,TRAMADOL,,,
1417205642,GENDER_M,OXYCODONE,SPCLTY_Podiatry,STATE_OH,,,
1417210394,GENDER_F,SPCLTY_Emergency Medicine,STATE_NJ,TRAMADOL,,,
1417218660,GENDER_F,OXYCODONE,SPCLTY_Nurse Practitioner,STATE_NY,,,
1417242868,GENDER_F,SPCLTY_General Practice,STATE_TX,TRAMADOL,,,
1417245523,GENDER_F,HYDROCODONE,SPCLTY_Internal Medicine,STATE_MO,,,
1417266255,GENDER_M,OXYCODONE,SPCLTY_Physician Assistant,STATE_PA,TRAMADOL,,
1417270356,GENDER_M,OXYCODONE,SPCLTY_Surgery,STATE_FL,,,
1417272717,GENDER_F,SPCLTY_Nurse Practitioner,STATE_NJ,TRAMADOL,,,
1417274606,GENDER_M,HYDROCODONE,SPCLTY_Emergency Medicine,STATE_TX,,,
1417280272,GENDER_F,HYDROCODONE,SPCLTY_Dentist,STATE_WA,,,
1417284175,GENDER_M,OXYCODONE,SPCLTY_Nurse Practitioner,STATE_OR,,,
1417292285,GENDER_M,OXYCODONE,SPCLTY_Physician Assistant,STATE_NY,,,
1417383696,GENDER_M,HYDROCODONE,SPCLTY_Dentist,STATE_MA,,,
1417386590,GENDER_F,HYDROCODONE,SPCLTY_Specialist,STATE_IL,,,
1417389701,FENTANYL,GENDER_F,HYDROCODONE,OXYCODONE,SPCLTY_Family Practice,STATE_NY,TRAMADOL
1417396870,FENTANYL,GENDER_F,HYDROCODONE,OXYCODONE,SPCLTY_Registered Nurse,STATE_WY,
1417399205,GENDER_F,HYDROCODONE,OXYCODONE,SPCLTY_Nurse Practitioner,STATE_ME,TRAMADOL,
1417903113,FENTANYL,GENDER_M,HYDROCODONE,OXYCODONE,SPCLTY_Internal Medicine,STATE_AL,TRAMADOL
1417903295,GENDER_M,HYDROCODONE,SPCLTY_Internal Medicine,STATE_NY,TRAMADOL,,
1417906272,FENTANYL,GENDER_F,HYDROCODONE,SPCLTY_Internal Medicine,STATE_OH,TRAMADOL,
1417906629,FENTANYL,GENDER_F,HYDROCODONE,OXYCODONE,SPCLTY_Internal Medicine,STATE_NY,TRAMADOL
1417906835,GENDER_M,HYDROCODONE,OXYCODONE,SPCLTY_Hematology/Oncology,STATE_OH,,
1417909102,FENTANYL,GENDER_F,HYDROCODONE,OXYCODONE,SPCLTY_Hematology/Oncology,STATE_MI,TRAMADOL
1417909458,GENDER_M,HYDROCODONE,OXYCODONE,SPCLTY_Internal Medicine,STATE_IN,TRAMADOL,
1417911009,FENTANYL,GENDER_M,HYDROCODONE,OXYCODONE,SPCLTY_Family Practice,STATE_PA,TRAMADOL
1417914003,GENDER_F,HYDROCODONE,SPCLTY_Oral Surgery (dentist,STATE_WI,,,
1417914029,GENDER_M,HYDROCODONE,SPCLTY_Family Practice,STATE_NY,,,
1417914144,GENDER_M,HYDROCODONE,SPCLTY_Dentist,STATE_WV,,,
1417915778,GENDER_M,HYDROCODONE,SPCLTY_General Surgery,STATE_CA,TRAMADOL,,
1417916198,GENDER_M,HYDROCODONE,SPCLTY_Family Practice,STATE_CO,,,
1417918020,GENDER_M,HYDROCODONE,OXYCODONE,SPCLTY_Family Practice,STATE_MN,TRAMADOL,
1417920174,FENTANYL,GENDER_F,HYDROCODONE,OXYCODONE,SPCLTY_Family Practice,STATE_WV,TRAMADOL
1417921958,GENDER_M,SPCLTY_Nephrology,STATE_OH,TRAMADOL,,,
1417923558,GENDER_M,HYDROCODONE,OXYCODONE,SPCLTY_Orthopedic Surgery,STATE_CA,TRAMADOL,
1417926999,GENDER_M,HYDROCODONE,SPCLTY_Podiatry,STATE_TX,,,
1417928508,GENDER_M,HYDROCODONE,SPCLTY_Critical Care (Intens,STATE_FL,,,
1417928946,GENDER_F,HYDROCODONE,OXYCODONE,SPCLTY_Internal Medicine,STATE_WI,TRAMADOL,
1417929019,GENDER_M,HYDROCODONE,OXYCODONE,SPCLTY_Emergency Medicine,STATE_CO,,
1417931841,FENTANYL,GENDER_M,HYDROCODONE,OXYCODONE,SPCLTY_Family Practice,STATE_LA,TRAMADOL
1417932005,GENDER_M,HYDROCODONE,OXYCODONE,SPCLTY_Orthopedic Surgery,STATE_FL,TRAMADOL,
1417934605,GENDER_M,HYDROCODONE,SPCLTY_Urology,STATE_MN,,,
1417940784,FENTANYL,GENDER_F,HYDROCODONE,OXYCODONE,SPCLTY_Nurse Practitioner,STATE_TN,TRAMADOL
1417942335,GENDER_F,HYDROCODONE,SPCLTY_Nurse Practitioner,STATE_ND,TRAMADOL,,
1417942970,GENDER_M,HYDROCODONE,SPCLTY_Gynecological/Oncolog,STATE_VA,,,
1417943002,GENDER_M,OXYCODONE,SPCLTY_Emergency Medicine,STATE_NY,,,
1417943630,GENDER_F,SPCLTY_Rheumatology,STATE_WA,TRAMADOL,,,
1417943937,GENDER_M,HYDROCODONE,SPCLTY_Vascular Surgery,STATE_IL,,,
1417944802,GENDER_M,HYDROCODONE,OXYCODONE,SPCLTY_Family Practice,STATE_AZ,,
1417950429,GENDER_M,HYDROCODONE,SPCLTY_Emergency Medicine,STATE_FL,,,
1417951161,GENDER_M,HYDROCODONE,SPCLTY_General Surgery,STATE_SD,,,
1417951856,GENDER_F,HYDROCODONE,OXYCODONE,SPCLTY_Family Practice,STATE_WI,TRAMADOL,
1417951997,GENDER_M,HYDROCODONE,SPCLTY_Physical Medicine and,STATE_CA,,,
1417952326,GENDER_M,HYDROCODONE,SPCLTY_General Surgery,STATE_VA,,,
1417952490,FENTANYL,GENDER_M,HYDROCODONE,OXYCODONE,SPCLTY_Family Practice,STATE_OH,TRAMADOL
1417952565,GENDER_M,HYDROCODONE,SPCLTY_Family Practice,STATE_WV,TRAMADOL,,
1417953290,GENDER_M,HYDROCODONE,OXYCODONE,SPCLTY_Psychiatry,STATE_KS,,
1417955063,GENDER_M,HYDROCODONE,SPCLTY_Plastic and Reconstru,STATE_OK,,,
1417957242,GENDER_M,SPCLTY_Psychiatry,STATE_FL,TRAMADOL,,,
1417958216,GENDER_M,HYDROCODONE,OXYCODONE,SPCLTY_Emergency Medicine,STATE_TN,TRAMADOL,
1417959065,GENDER_M,HYDROCODONE,SPCLTY_General Surgery,STATE_GA,,,
1417959693,GENDER_M,HYDROCODONE,OXYCODONE,SPCLTY_Physician Assistant,STATE_VA,TRAMADOL,
1417959925,GENDER_M,HYDROCODONE,SPCLTY_Family Practice,STATE_TX,TRAMADOL,,
1417961129,GENDER_M,HYDROCODONE,SPCLTY_Neurosurgery,STATE_AL,TRAMADOL,,
1417962580,GENDER_M,HYDROCODONE,SPCLTY_Internal Medicine,STATE_TX,TRAMADOL,,
1417963315,GENDER_M,HYDROCODONE,OXYCODONE,SPCLTY_Family Practice,STATE_AL,TRAMADOL,
1417967837,FENTANYL,GENDER_M,HYDROCODONE,OXYCODONE,SPCLTY_Internal Medicine,STATE_UT,TRAMADOL
1417968884,GENDER_M,HYDROCODONE,SPCLTY_Dentist,STATE_CT,,,
1417971672,GENDER_M,HYDROCODONE,SPCLTY_Dentist,STATE_NV,,,
1417973512,GENDER_M,OXYCODONE,SPCLTY_Emergency Medicine,STATE_NJ,,,
1417980335,GENDER_F,HYDROCODONE,OXYCODONE,SPCLTY_Family Practice,STATE_OR,,
1417980558,GENDER_F,HYDROCODONE,SPCLTY_Family Practice,STATE_GA,TRAMADOL,,
1417981846,FENTANYL,GENDER_M,HYDROCODONE,OXYCODONE,SPCLTY_Infectious Disease,STATE_MO,TRAMADOL
1417986837,GENDER_M,HYDROCODONE,OXYCODONE,SPCLTY_Emergency Medicine,STATE_FL,,
1417989401,GENDER_M,HYDROCODONE,OXYCODONE,SPCLTY_Orthopedic Surgery,STATE_MN,TRAMADOL,
1417990862,GENDER_M,HYDROCODONE,OXYCODONE,SPCLTY_Orthopedic Surgery,STATE_FL,TRAMADOL,
1417994427,GENDER_F,HYDROCODONE,SPCLTY_Physician Assistant,STATE_PA,,,
1417994682,GENDER_M,HYDROCODONE,OXYCODONE,SPCLTY_Interventional Pain M,STATE_PA,TRAMADOL,
1417995291,GENDER_M,HYDROCODONE,SPCLTY_Emergency Medicine,STATE_TX,,,
1417996505,GENDER_M,HYDROCODONE,OXYCODONE,SPCLTY_Orthopedic Surgery,STATE_MA,TRAMADOL,
1417997073,GENDER_F,SPCLTY_Emergency Medicine,STATE_VA,TRAMADOL,,,
1427002047,GENDER_F,OXYCODONE,SPCLTY_Internal Medicine,STATE_VI,TRAMADOL,,
1427004605,GENDER_F,OXYCODONE,SPCLTY_Internal Medicine,STATE_PA,TRAMADOL,,
1427005172,GENDER_M,HYDROCODONE,SPCLTY_Dentist,STATE_OK,,,
1427006071,GENDER_F,HYDROCODONE,SPCLTY_Obstetrics/Gynecology,STATE_MO,,,
1427008374,GENDER_M,HYDROCODONE,OXYCODONE,SPCLTY_General Surgery,STATE_NC,,
1427009349,GENDER_M,HYDROCODONE,OXYCODONE,SPCLTY_Orthopedic Surgery,STATE_AL,TRAMADOL,
1427010651,GENDER_M,HYDROCODONE,SPCLTY_Orthopedic Surgery,STATE_IA,TRAMADOL,,
1427014570,GENDER_M,HYDROCODONE,OXYCODONE,SPCLTY_Orthopedic Surgery,STATE_GA,TRAMADOL,
1427015312,GENDER_M,HYDROCODONE,SPCLTY_Specialist,STATE_CA,,,
1427016179,FENTANYL,GENDER_M,HYDROCODONE,OXYCODONE,SPCLTY_General Practice,STATE_WY,TRAMADOL
1427016211,GENDER_M,HYDROCODONE,SPCLTY_Orthopedic Surgery,STATE_OH,TRAMADOL,,
1427018621,GENDER_F,HYDROCODONE,SPCLTY_Internal Medicine,STATE_AL,TRAMADOL,,
1427019512,GENDER_F,OXYCODONE,SPCLTY_Nurse Practitioner,STATE_RI,,,
1427020692,FENTANYL,GENDER_F,OXYCODONE,SPCLTY_Physical Medicine and,STATE_MA,,
1427021039,GENDER_M,HYDROCODONE,SPCLTY_Hematology/Oncology,STATE_PA,,,
1427021070,GENDER_M,HYDROCODONE,SPCLTY_Multispecialty Clinic,STATE_GA,,,
1427022144,GENDER_M,HYDROCODONE,SPCLTY_Radiation Oncology,STATE_AZ,,,
1427022862,FENTANYL,GENDER_F,HYDROCODONE,SPCLTY_Nurse Practitioner,STATE_ME,TRAMADOL,
1427023886,GENDER_M,HYDROCODONE,OXYCODONE,SPCLTY_Family Practice,STATE_MO,TRAMADOL,
1427024108,GENDER_M,HYDROCODONE,OXYCODONE,SPCLTY_Family Practice,STATE_RI,TRAMADOL,
1427026319,FENTANYL,GENDER_M,HYDROCODONE,OXYCODONE,SPCLTY_Family Practice,STATE_AZ,TRAMADOL
1427034743,GENDER_M,HYDROCODONE,OXYCODONE,SPCLTY_Family Practice,STATE_OH,TRAMADOL,
1427036003,GENDER_M,HYDROCODONE,OXYCODONE,SPCLTY_Physician Assistant,STATE_MD,TRAMADOL,
1427038553,GENDER_F,HYDROCODONE,OXYCODONE,SPCLTY_General Surgery,STATE_CA,,
1427039221,GENDER_F,HYDROCODONE,SPCLTY_Nurse Practitioner,STATE_TN,,,
1427040153,GENDER_M,HYDROCODONE,SPCLTY_Podiatry,STATE_NC,,,
1427042050,GENDER_M,HYDROCODONE,OXYCODONE,SPCLTY_Emergency Medicine,STATE_CA,,
1427042167,GENDER_M,HYDROCODONE,OXYCODONE,SPCLTY_Family Practice,STATE_MD,TRAMADOL,
1427046952,GENDER_F,HYDROCODONE,OXYCODONE,SPCLTY_Physical Medicine and,STATE_MI,,
1427047828,GENDER_F,HYDROCODONE,OXYCODONE,SPCLTY_Internal Medicine,STATE_MA,TRAMADOL,
1427048396,GENDER_M,HYDROCODONE,SPCLTY_Oral Surgery (dentist,STATE_IA,TRAMADOL,,
1427050079,GENDER_M,HYDROCODONE,SPCLTY_Urology,STATE_KS,,,
1427050590,GENDER_M,HYDROCODONE,OXYCODONE,SPCLTY_Hematology/Oncology,STATE_NY,,
1427052117,FENTANYL,GENDER_M,HYDROCODONE,OXYCODONE,SPCLTY_Family Practice,STATE_PA,TRAMADOL
1427053958,GENDER_M,HYDROCODONE,SPCLTY_Neurology,STATE_CT,,,
1427055169,GENDER_F,HYDROCODONE,OXYCODONE,SPCLTY_Radiation Oncology,STATE_OK,,
1427057736,GENDER_M,HYDROCODONE,OXYCODONE,SPCLTY_General Surgery,STATE_GA,,
1427057819,FENTANYL,GENDER_M,HYDROCODONE,OXYCODONE,SPCLTY_Internal Medicine,STATE_OH,TRAMADOL
1427061662,GENDER_M,HYDROCODONE,OXYCODONE,SPCLTY_Colorectal Surgery (f,STATE_KS,,
1427061704,GENDER_M,HYDROCODONE,OXYCODONE,SPCLTY_Family Practice,STATE_DE,TRAMADOL,
1427074772,GENDER_M,HYDROCODONE,SPCLTY_General Surgery,STATE_MI,,,
1427075399,GENDER_M,OXYCODONE,SPCLTY_Urology,STATE_FL,TRAMADOL,,
1427075506,FENTANYL,GENDER_M,HYDROCODONE,OXYCODONE,SPCLTY_Pain Management,STATE_NC,TRAMADOL
1427075985,GENDER_M,HYDROCODONE,OXYCODONE,SPCLTY_Internal Medicine,STATE_MN,TRAMADOL,
1427076447,GENDER_M,OXYCODONE,SPCLTY_Family Practice,STATE_FL,TRAMADOL,,
1427076835,GENDER_M,HYDROCODONE,SPCLTY_Gynecological/Oncolog,STATE_FL,,,
1427077510,GENDER_M,OXYCODONE,SPCLTY_Internal Medicine,STATE_GA,TRAMADOL,,
1427078054,FENTANYL,GENDER_M,HYDROCODONE,SPCLTY_Family Practice,STATE_NY,TRAMADOL,
1427078344,GENDER_M,HYDROCODONE,SPCLTY_Internal Medicine,STATE_FL,,,
1427078526,FENTANYL,GENDER_F,HYDROCODONE,SPCLTY_Nurse Practitioner,STATE_IN,TRAMADOL,
1427082023,GENDER_F,HYDROCODONE,SPCLTY_Physician Assistant,STATE_TX,TRAMADOL,,
1427085075,GENDER_M,HYDROCODONE,SPCLTY_General Practice,STATE_AR,,,
1427087238,GENDER_F,HYDROCODONE,SPCLTY_Nurse Practitioner,STATE_WA,,,
1427088236,GENDER_M,SPCLTY_Internal Medicine,STATE_CA,TRAMADOL,,,
1427090810,GENDER_M,HYDROCODONE,SPCLTY_Dentist,STATE_LA,,,
1427091354,GENDER_M,HYDROCODONE,SPCLTY_Emergency Medicine,STATE_MA,,,
1427092691,GENDER_F,HYDROCODONE,SPCLTY_Physician Assistant,STATE_NJ,,,
1427094838,GENDER_F,HYDROCODONE,OXYCODONE,SPCLTY_Physician Assistant,STATE_NY,,
1427094937,GENDER_F,SPCLTY_Nurse Practitioner,STATE_FL,TRAMADOL,,,
1427096866,GENDER_M,HYDROCODONE,SPCLTY_Dentist,STATE_TX,,,
1427098151,GENDER_M,HYDROCODONE,SPCLTY_Dentist,STATE_TX,,,
1427099043,GENDER_M,HYDROCODONE,SPCLTY_Family Practice,STATE_AK,,,
1427102938,FENTANYL,GENDER_F,HYDROCODONE,OXYCODONE,SPCLTY_Family Practice,STATE_ID,TRAMADOL
1427118983,GENDER_M,HYDROCODONE,SPCLTY_Dentist,STATE_AR,,,
1427122977,FENTANYL,GENDER_M,HYDROCODONE,OXYCODONE,SPCLTY_Family Practice,STATE_NV,TRAMADOL
1427125442,GENDER_F,HYDROCODONE,SPCLTY_Rheumatology,STATE_CA,,,
1427125848,GENDER_M,HYDROCODONE,OXYCODONE,SPCLTY_Family Practice,STATE_WA,TRAMADOL,
1427128321,GENDER_F,HYDROCODONE,OXYCODONE,SPCLTY_Nurse Practitioner,STATE_IN,,
1427128701,GENDER_M,HYDROCODONE,SPCLTY_Dentist,STATE_RI,,,
1427138023,GENDER_M,SPCLTY_General Practice,STATE_AZ,TRAMADOL,,,
1427139583,GENDER_M,HYDROCODONE,OXYCODONE,SPCLTY_Family Practice,STATE_WA,TRAMADOL,
1427143676,GENDER_M,HYDROCODONE,SPCLTY_Orthopedic Surgery,STATE_TX,TRAMADOL,,
1427148881,GENDER_M,HYDROCODONE,SPCLTY_Dentist,STATE_ID,,,
1427148998,GENDER_M,SPCLTY_Endocrinology,STATE_AR,TRAMADOL,,,
1427157841,GENDER_M,HYDROCODONE,SPCLTY_Emergency Medicine,STATE_IL,TRAMADOL,,
1427158427,GENDER_M,HYDROCODONE,OXYCODONE,SPCLTY_Internal Medicine,STATE_MN,TRAMADOL,
1427162965,GENDER_M,HYDROCODONE,SPCLTY_Dentist,STATE_MO,,,
1427162981,GENDER_F,HYDROCODONE,OXYCODONE,SPCLTY_Nurse Practitioner,STATE_ME,TRAMADOL,
1427169267,GENDER_M,HYDROCODONE,OXYCODONE,SPCLTY_Family Practice,STATE_MI,TRAMADOL,
1427173616,GENDER_M,SPCLTY_General Practice,STATE_PR,TRAMADOL,,,
1427201359,GENDER_M,OXYCODONE,SPCLTY_Vascular Surgery,STATE_PA,,,
1427206861,GENDER_F,HYDROCODONE,OXYCODONE,SPCLTY_Family Practice,STATE_CA,TRAMADOL,
1427210426,FENTANYL,GENDER_M,HYDROCODONE,OXYCODONE,SPCLTY_Internal Medicine,STATE_AZ,TRAMADOL
1427218809,GENDER_F,SPCLTY_Nurse Practitioner,STATE_TX,TRAMADOL,,,
1427219989,FENTANYL,GENDER_M,HYDROCODONE,OXYCODONE,SPCLTY_Pain Management,STATE_TN,TRAMADOL
1427220904,GENDER_F,HYDROCODONE,SPCLTY_Family Practice,STATE_KY,TRAMADOL,,
1427228402,GENDER_M,SPCLTY_General Practice,STATE_FL,TRAMADOL,,,
1427241447,FENTANYL,GENDER_F,HYDROCODONE,SPCLTY_Nurse Practitioner,STATE_ID,TRAMADOL,
1427249184,FENTANYL,GENDER_M,HYDROCODONE,OXYCODONE,SPCLTY_Hospice and Palliativ,STATE_OH,
1427249887,GENDER_M,HYDROCODONE,SPCLTY_Dentist,STATE_TX,,,
1427251776,GENDER_F,HYDROCODONE,OXYCODONE,SPCLTY_Family Practice,STATE_AR,,
1427255843,GENDER_M,HYDROCODONE,SPCLTY_Dentist,STATE_MI,,,
1427261056,GENDER_F,HYDROCODONE,SPCLTY_Dentist,STATE_OR,,,
1427262906,GENDER_M,OXYCODONE,SPCLTY_Colorectal Surgery (f,STATE_MA,,,
1427264910,GENDER_M,HYDROCODONE,OXYCODONE,SPCLTY_Orthopedic Surgery,STATE_MI,TRAMADOL,
1427265958,GENDER_F,HYDROCODONE,OXYCODONE,SPCLTY_Internal Medicine,STATE_MD,,
1427275239,GENDER_M,HYDROCODONE,SPCLTY_Nephrology,STATE_TX,,,
1427284553,GENDER_F,HYDROCODONE,SPCLTY_Family Practice,STATE_TX,TRAMADOL,,
1427286749,GENDER_F,SPCLTY_Physician Assistant,STATE_NC,TRAMADOL,,,
1427288299,GENDER_M,HYDROCODONE,SPCLTY_Plastic Surgery,STATE_WI,,,
1427311471,GENDER_M,HYDROCODONE,SPCLTY_Dentist,STATE_MA,,,
1427315704,GENDER_F,HYDROCODONE,OXYCODONE,SPCLTY_Student in an Organiz,STATE_OR,,
1427317056,GENDER_M,HYDROCODONE,SPCLTY_Orthopaedic Surgery,STATE_MI,,,
1427327071,GENDER_F,SPCLTY_Nurse Practitioner,STATE_CT,TRAMADOL,,,
1427343532,GENDER_F,SPCLTY_Internal Medicine,STATE_SC,TRAMADOL,,,
1427348945,GENDER_F,OXYCODONE,SPCLTY_Physician Assistant,STATE_NC,,,
1427349513,GENDER_F,HYDROCODONE,SPCLTY_Nurse Practitioner,STATE_OH,,,
1427350628,GENDER_F,OXYCODONE,SPCLTY_Nurse Practitioner,STATE_MD,,,
1427377431,GENDER_F,HYDROCODONE,SPCLTY_Radiation Oncology,STATE_CA,,,
1427487784,GENDER_F,HYDROCODONE,OXYCODONE,SPCLTY_Physician Assistant,STATE_VA,,
1427489798,GENDER_F,HYDROCODONE,SPCLTY_Physician Assistant,STATE_KS,,,
1427492610,GENDER_M,HYDROCODONE,SPCLTY_Student in an Organiz,STATE_AR,,,
1437103090,GENDER_M,HYDROCODONE,OXYCODONE,SPCLTY_Physician Assistant,STATE_NY,,
1437103264,GENDER_M,HYDROCODONE,SPCLTY_Family Practice,STATE_CA,TRAMADOL,,
1437105665,GENDER_M,HYDROCODONE,SPCLTY_Emergency Medicine,STATE_OH,,,
1437106747,GENDER_M,HYDROCODONE,OXYCODONE,SPCLTY_Emergency Medicine,STATE_MT,,
1437109303,GENDER_M,HYDROCODONE,SPCLTY_Podiatry,STATE_OR,,,
1437118189,GENDER_F,HYDROCODONE,OXYCODONE,SPCLTY_Internal Medicine,STATE_GA,TRAMADOL,
1437119047,GENDER_M,OXYCODONE,SPCLTY_Rheumatology,STATE_MD,TRAMADOL,,
1437119369,GENDER_M,HYDROCODONE,SPCLTY_Podiatry,STATE_IN,,,
1437120094,FENTANYL,GENDER_F,OXYCODONE,SPCLTY_Family Practice,STATE_MA,TRAMADOL,
1437124914,GENDER_F,HYDROCODONE,OXYCODONE,SPCLTY_Internal Medicine,STATE_FL,TRAMADOL,
1437127230,GENDER_F,OXYCODONE,SPCLTY_Family Practice,STATE_PA,TRAMADOL,,
1437129798,FENTANYL,GENDER_M,HYDROCODONE,OXYCODONE,SPCLTY_Internal Medicine,STATE_IN,TRAMADOL
1437130028,FENTANYL,GENDER_M,OXYCODONE,SPCLTY_Medical Oncology,STATE_NJ,,
1437130564,GENDER_M,HYDROCODONE,SPCLTY_Podiatry,STATE_AL,TRAMADOL,,
1437131067,GENDER_M,HYDROCODONE,SPCLTY_Orthopedic Surgery,STATE_CA,TRAMADOL,,
1437132198,FENTANYL,GENDER_M,HYDROCODONE,OXYCODONE,SPCLTY_Interventional Pain M,STATE_WI,TRAMADOL
1437136645,GENDER_M,HYDROCODONE,OXYCODONE,SPCLTY_Family Practice,STATE_OH,TRAMADOL,
1437137478,GENDER_M,HYDROCODONE,SPCLTY_Cardiology,STATE_IL,,,
1437137783,GENDER_F,HYDROCODONE,SPCLTY_Physician Assistant,STATE_IA,,,
1437141967,GENDER_M,HYDROCODONE,OXYCODONE,SPCLTY_Cardiology,STATE_NC,TRAMADOL,
1437142361,GENDER_F,HYDROCODONE,OXYCODONE,SPCLTY_Nurse Practitioner,STATE_VA,TRAMADOL,
1437143237,FENTANYL,GENDER_M,HYDROCODONE,OXYCODONE,SPCLTY_Emergency Medicine,STATE_PA,TRAMADOL
1437144128,GENDER_F,SPCLTY_Family Practice,STATE_VA,TRAMADOL,,,
1437144318,GENDER_M,HYDROCODONE,OXYCODONE,SPCLTY_Internal Medicine,STATE_AZ,,
1437144847,GENDER_M,HYDROCODONE,OXYCODONE,SPCLTY_Internal Medicine,STATE_MA,TRAMADOL,
1437148699,GENDER_F,OXYCODONE,SPCLTY_Physical Medicine and,STATE_PA,TRAMADOL,,
1437150067,GENDER_M,HYDROCODONE,OXYCODONE,SPCLTY_Family Practice,STATE_IN,TRAMADOL,
1437150083,GENDER_M,SPCLTY_Internal Medicine,STATE_TX,TRAMADOL,,,
1437150836,GENDER_F,SPCLTY_Nurse Practitioner,STATE_MD,TRAMADOL,,,
1437150844,GENDER_M,HYDROCODONE,OXYCODONE,SPCLTY_Internal Medicine,STATE_MD,,
1437151115,GENDER_M,HYDROCODONE,SPCLTY_Emergency Medicine,STATE_OH,TRAMADOL,,
1437155330,GENDER_M,HYDROCODONE,SPCLTY_Orthopedic Surgery,STATE_PA,,,
1437156395,GENDER_M,OXYCODONE,SPCLTY_Thoracic Surgery,STATE_MA,,,
1437156577,GENDER_M,HYDROCODONE,OXYCODONE,SPCLTY_Otolaryngology,STATE_VA,,
1437158409,GENDER_M,HYDROCODONE,OXYCODONE,SPCLTY_Family Practice,STATE_PA,TRAMADOL,
1437159217,GENDER_M,HYDROCODONE,OXYCODONE,SPCLTY_Podiatry,STATE_MO,,
1437166980,GENDER_F,HYDROCODONE,SPCLTY_Physician Assistant,STATE_OH,,,
1437167277,FENTANYL,GENDER_M,HYDROCODONE,OXYCODONE,SPCLTY_Family Practice,STATE_IL,TRAMADOL
1437168473,GENDER_M,HYDROCODONE,SPCLTY_General Surgery,STATE_WI,,,
1437169091,GENDER_M,HYDROCODONE,SPCLTY_Neurology,STATE_CA,,,
1437173085,GENDER_M,HYDROCODONE,OXYCODONE,SPCLTY_Internal Medicine,STATE_CA,TRAMADOL,
1437173531,GENDER_M,HYDROCODONE,SPCLTY_Emergency Medicine,STATE_TX,,,
1437173747,GENDER_F,HYDROCODONE,SPCLTY_Nurse Practitioner,STATE_NY,,,
1437174505,GENDER_M,HYDROCODONE,SPCLTY_Family Practice,STATE_SC,,,
1437174851,FENTANYL,GENDER_M,HYDROCODONE,OXYCODONE,SPCLTY_Family Practice,STATE_WV,TRAMADOL
1437175890,GENDER_M,HYDROCODONE,OXYCODONE,SPCLTY_Family Practice,STATE_NC,TRAMADOL,
1437177052,GENDER_M,HYDROCODONE,SPCLTY_Emergency Medicine,STATE_TX,,,
1437177722,GENDER_M,HYDROCODONE,SPCLTY_Oral & Maxillofacial,STATE_KY,,,
1437179447,GENDER_M,HYDROCODONE,SPCLTY_Internal Medicine,STATE_NC,TRAMADOL,,
1437184439,GENDER_M,HYDROCODONE,OXYCODONE,SPCLTY_Physician Assistant,STATE_CA,,
1437185618,GENDER_M,OXYCODONE,SPCLTY_Emergency Medicine,STATE_NH,,,
1437186061,GENDER_M,HYDROCODONE,SPCLTY_Emergency Medicine,STATE_WA,TRAMADOL,,
1437188596,GENDER_M,HYDROCODONE,OXYCODONE,SPCLTY_Neurosurgery,STATE_OH,,
1437190576,GENDER_M,HYDROCODONE,SPCLTY_Neurology,STATE_CA,TRAMADOL,,
1437190683,GENDER_F,HYDROCODONE,SPCLTY_Internal Medicine,STATE_SC,TRAMADOL,,
1437191749,GENDER_M,HYDROCODONE,OXYCODONE,SPCLTY_Internal Medicine,STATE_TN,TRAMADOL,
1437192002,GENDER_M,HYDROCODONE,OXYCODONE,SPCLTY_Family Practice,STATE_NH,TRAMADOL,
1437194610,GENDER_M,HYDROCODONE,SPCLTY_Hematology/Oncology,STATE_IL,,,
1437196847,GENDER_M,HYDROCODONE,SPCLTY_Dentist,STATE_FL,,,
1437197233,GENDER_M,HYDROCODONE,OXYCODONE,SPCLTY_Emergency Medicine,STATE_WA,,
1437198066,GENDER_F,HYDROCODONE,OXYCODONE,SPCLTY_Family Practice,STATE_OH,TRAMADOL,
1437199312,GENDER_M,HYDROCODONE,OXYCODONE,SPCLTY_Orthopedic Surgery,STATE_GA,TRAMADOL,
1437202181,GENDER_M,HYDROCODONE,SPCLTY_Dentist,STATE_OR,,,
1437207610,GENDER_M,SPCLTY_Family Practice,STATE_NJ,TRAMADOL,,,
1437208147,GENDER_F,OXYCODONE,SPCLTY_Nurse Practitioner,STATE_NY,,,
1437211422,GENDER_M,HYDROCODONE,SPCLTY_Obstetrics/Gynecology,STATE_TX,,,
1437215860,GENDER_F,HYDROCODONE,OXYCODONE,SPCLTY_Family Practice,STATE_PA,,
1437220084,FENTANYL,GENDER_M,HYDROCODONE,OXYCODONE,SPCLTY_Internal Medicine,STATE_NY,TRAMADOL
1437220167,GENDER_M,HYDROCODONE,SPCLTY_Neurology,STATE_MI,TRAMADOL,,
1437222999,GENDER_F,HYDROCODONE,SPCLTY_Nurse Practitioner,STATE_KS,TRAMADOL,,
1437225224,GENDER_F,HYDROCODONE,OXYCODONE,SPCLTY_Internal Medicine,STATE_NY,TRAMADOL,
1437226974,GENDER_M,OXYCODONE,SPCLTY_Internal Medicine,STATE_GA,,,
1437231651,GENDER_M,HYDROCODONE,SPCLTY_Dentist,STATE_GA,,,
1437235025,GENDER_M,OXYCODONE,SPCLTY_General Practice,STATE_PR,TRAMADOL,,
1437236460,GENDER_F,HYDROCODONE,SPCLTY_Nurse Practitioner,STATE_OH,TRAMADOL,,
1437240694,GENDER_M,HYDROCODONE,SPCLTY_Family Practice,STATE_IN,TRAMADOL,,
1437240744,GENDER_M,HYDROCODONE,OXYCODONE,SPCLTY_Internal Medicine,STATE_OH,TRAMADOL,
1437242724,GENDER_F,SPCLTY_Nurse Practitioner,STATE_MS,TRAMADOL,,,
1437244985,GENDER_M,HYDROCODONE,SPCLTY_Family Practice,STATE_NC,TRAMADOL,,
1437248358,FENTANYL,GENDER_F,HYDROCODONE,OXYCODONE,SPCLTY_Internal Medicine,STATE_OR,TRAMADOL
1437250198,GENDER_M,HYDROCODONE,SPCLTY_Emergency Medicine,STATE_NY,TRAMADOL,,
1437253853,GENDER_M,OXYCODONE,SPCLTY_Urology,STATE_NY,,,
1437258985,GENDER_M,SPCLTY_Family Practice,STATE_NY,TRAMADOL,,,
1437259918,GENDER_M,HYDROCODONE,SPCLTY_Emergency Medicine,STATE_FL,,,
1437262474,FENTANYL,GENDER_M,HYDROCODONE,OXYCODONE,SPCLTY_Internal Medicine,STATE_CA,TRAMADOL
1437263621,GENDER_M,HYDROCODONE,SPCLTY_Rheumatology,STATE_NY,TRAMADOL,,
1437263944,GENDER_M,HYDROCODONE,SPCLTY_Family Practice,STATE_IN,TRAMADOL,,
1437268034,FENTANYL,GENDER_M,HYDROCODONE,OXYCODONE,SPCLTY_Anesthesiology,STATE_IL,TRAMADOL
1437273554,GENDER_M,HYDROCODONE,SPCLTY_Physical Medicine and,STATE_MO,TRAMADOL,,
1437274537,GENDER_M,HYDROCODONE,SPCLTY_Orthopedic Surgery,STATE_TX,TRAMADOL,,
1437282423,GENDER_M,OXYCODONE,SPCLTY_Podiatry,STATE_MA,,,
1437292612,FENTANYL,GENDER_M,HYDROCODONE,OXYCODONE,SPCLTY_Internal Medicine,STATE_CA,TRAMADOL
1437292646,GENDER_M,OXYCODONE,SPCLTY_Physician Assistant,STATE_NM,,,
1437296712,FENTANYL,GENDER_F,HYDROCODONE,OXYCODONE,SPCLTY_Internal Medicine,STATE_CO,TRAMADOL
1437306313,FENTANYL,GENDER_F,HYDROCODONE,SPCLTY_Family Practice,STATE_CA,TRAMADOL,
1437312956,GENDER_F,HYDROCODONE,OXYCODONE,SPCLTY_Internal Medicine,STATE_NY,TRAMADOL,
1437314465,GENDER_F,SPCLTY_Physical Medicine and,STATE_FL,TRAMADOL,,,
1437314606,FENTANYL,GENDER_F,OXYCODONE,SPCLTY_Physical Medicine and,STATE_NJ,,
1437319191,GENDER_M,HYDROCODONE,SPCLTY_Family Practice,STATE_CA,,,
1437323359,GENDER_M,OXYCODONE,SPCLTY_Emergency Medicine,STATE_TN,TRAMADOL,,
1437334356,GENDER_F,HYDROCODONE,SPCLTY_Internal Medicine,STATE_CA,,,
1437341252,GENDER_F,HYDROCODONE,SPCLTY_Internal Medicine,STATE_LA,TRAMADOL,,
1437343183,GENDER_M,HYDROCODONE,SPCLTY_Neurology,STATE_CA,TRAMADOL,,
1437343746,FENTANYL,GENDER_F,HYDROCODONE,OXYCODONE,SPCLTY_Nurse Practitioner,STATE_WA,TRAMADOL
1437344660,GENDER_M,HYDROCODONE,SPCLTY_Orthopedic Surgery,STATE_AZ,,,
1437352994,GENDER_M,HYDROCODONE,OXYCODONE,SPCLTY_Internal Medicine,STATE_MI,TRAMADOL,
1437358538,GENDER_M,HYDROCODONE,SPCLTY_Dentist,STATE_CA,,,
1437361037,GENDER_M,HYDROCODONE,OXYCODONE,SPCLTY_Gynecological/Oncolog,STATE_NY,,
1437364338,GENDER_M,HYDROCODONE,SPCLTY_Dentist,STATE_GA,,,
1437372257,GENDER_F,HYDROCODONE,OXYCODONE,SPCLTY_General Surgery,STATE_GA,,
1437374030,GENDER_F,HYDROCODONE,SPCLTY_Family Practice,STATE_MI,,,
1437378577,GENDER_F,HYDROCODONE,SPCLTY_Emergency Medicine,STATE_FL,TRAMADOL,,
1437379021,FENTANYL,GENDER_M,HYDROCODONE,OXYCODONE,SPCLTY_Family Practice,STATE_AL,TRAMADOL
1437383932,GENDER_M,HYDROCODONE,OXYCODONE,SPCLTY_Nurse Practitioner,STATE_UT,TRAMADOL,
1437384674,GENDER_M,SPCLTY_Family Practice,STATE_TX,TRAMADOL,,,
1437392263,GENDER_F,OXYCODONE,SPCLTY_Family Practice,STATE_CA,,,
1437410735,GENDER_M,HYDROCODONE,SPCLTY_Dentist,STATE_VA,,,
1437447091,GENDER_M,HYDROCODONE,SPCLTY_Emergency Medicine,STATE_MO,,,
1437457801,GENDER_M,SPCLTY_Emergency Medicine,STATE_CO,TRAMADOL,,,
1437464906,GENDER_F,SPCLTY_Nurse Practitioner,STATE_LA,TRAMADOL,,,
1437470135,GENDER_F,OXYCODONE,SPCLTY_Nurse Practitioner,STATE_NC,,,
1437473618,GENDER_F,HYDROCODONE,OXYCODONE,SPCLTY_Nurse Practitioner,STATE_TN,,
1437475183,FENTANYL,GENDER_F,HYDROCODONE,OXYCODONE,SPCLTY_Family Practice,STATE_DE,TRAMADOL
1437479151,GENDER_M,HYDROCODONE,SPCLTY_Emergency Medicine,STATE_IL,,,
1437479862,GENDER_M,HYDROCODONE,SPCLTY_Emergency Medicine,STATE_TX,TRAMADOL,,
1437572898,GENDER_F,HYDROCODONE,SPCLTY_Nurse Practitioner,STATE_TX,,,
1437583986,GENDER_F,HYDROCODONE,OXYCODONE,SPCLTY_Nurse Practitioner,STATE_MN,TRAMADOL,
1437591823,GENDER_F,HYDROCODONE,SPCLTY_Physician Assistant,STATE_NM,,,
1437594306,GENDER_F,HYDROCODONE,SPCLTY_General Practice,STATE_FL,TRAMADOL,,
1437594587,GENDER_M,HYDROCODONE,SPCLTY_General Surgery,STATE_TX,,,
1447202585,GENDER_M,HYDROCODONE,OXYCODONE,SPCLTY_Physician Assistant,STATE_WA,TRAMADOL,
1447204854,GENDER_M,HYDROCODONE,OXYCODONE,SPCLTY_Neurosurgery,STATE_PA,,
1447205000,GENDER_M,HYDROCODONE,OXYCODONE,SPCLTY_Physician Assistant,STATE_MI,TRAMADOL,
1447206685,FENTANYL,GENDER_M,HYDROCODONE,OXYCODONE,SPCLTY_Family Practice,STATE_NE,TRAMADOL
1447207113,FENTANYL,GENDER_M,HYDROCODONE,OXYCODONE,SPCLTY_Physical Medicine and,STATE_FL,
1447209473,GENDER_F,HYDROCODONE,SPCLTY_Physician Assistant,STATE_UT,,,
1447209531,FENTANYL,GENDER_M,HYDROCODONE,OXYCODONE,SPCLTY_Internal Medicine,STATE_TX,TRAMADOL
1447211784,GENDER_M,HYDROCODONE,SPCLTY_Obstetrics/Gynecology,STATE_CA,,,
1447211883,GENDER_M,HYDROCODONE,SPCLTY_Family Practice,STATE_IN,,,
1447211891,GENDER_M,OXYCODONE,SPCLTY_Interventional Radiol,STATE_GA,,,
1447212709,GENDER_M,HYDROCODONE,SPCLTY_Internal Medicine,STATE_KS,,,
1447212857,GENDER_M,HYDROCODONE,OXYCODONE,SPCLTY_Family Practice,STATE_KS,TRAMADOL,
1447214333,GENDER_M,HYDROCODONE,OXYCODONE,SPCLTY_Neurology,STATE_OK,,
1447216189,FENTANYL,GENDER_M,HYDROCODONE,OXYCODONE,SPCLTY_Internal Medicine,STATE_OR,TRAMADOL
1447216866,GENDER_M,OXYCODONE,SPCLTY_Radiation Oncology,STATE_VA,,,
1447220843,GENDER_M,HYDROCODONE,OXYCODONE,SPCLTY_Internal Medicine,STATE_OK,TRAMADOL,
1447221759,GENDER_F,HYDROCODONE,OXYCODONE,SPCLTY_Nurse Practitioner,STATE_IN,TRAMADOL,
1447222344,GENDER_F,HYDROCODONE,SPCLTY_Physician Assistant,STATE_IA,TRAMADOL,,
1447224050,GENDER_M,HYDROCODONE,OXYCODONE,SPCLTY_Hematology/Oncology,STATE_AZ,,
1447224506,FENTANYL,GENDER_M,HYDROCODONE,SPCLTY_Neurology,STATE_FL,TRAMADOL,
1447225834,GENDER_M,HYDROCODONE,OXYCODONE,SPCLTY_Internal Medicine,STATE_MA,TRAMADOL,
1447226915,FENTANYL,GENDER_F,OXYCODONE,SPCLTY_Nurse Practitioner,STATE_CT,,
1447228457,GENDER_M,HYDROCODONE,OXYCODONE,SPCLTY_Internal Medicine,STATE_OH,TRAMADOL,
1447228515,GENDER_F,OXYCODONE,SPCLTY_Internal Medicine,STATE_MA,,,
1447228549,GENDER_M,HYDROCODONE,OXYCODONE,SPCLTY_Internal Medicine,STATE_OK,TRAMADOL,
1447229182,GENDER_F,HYDROCODONE,OXYCODONE,SPCLTY_Family Practice,STATE_PA,TRAMADOL,
1447229307,GENDER_F,HYDROCODONE,OXYCODONE,SPCLTY_Internal Medicine,STATE_MA,TRAMADOL,
1447229497,GENDER_F,HYDROCODONE,SPCLTY_Physician Assistant,STATE_TX,TRAMADOL,,
1447231600,GENDER_F,HYDROCODONE,SPCLTY_Internal Medicine,STATE_TN,,,
1447233655,GENDER_F,HYDROCODONE,SPCLTY_Nurse Practitioner,STATE_OH,TRAMADOL,,
1447237904,FENTANYL,GENDER_M,HYDROCODONE,OXYCODONE,SPCLTY_Nephrology,STATE_MO,TRAMADOL
1447243175,GENDER_M,HYDROCODONE,SPCLTY_Emergency Medicine,STATE_WI,,,
1447243365,GENDER_F,HYDROCODONE,SPCLTY_General Practice,STATE_CA,,,
1447243597,GENDER_M,HYDROCODONE,SPCLTY_Physician Assistant,STATE_WA,,,
1447244009,GENDER_M,SPCLTY_Family Practice,STATE_VA,TRAMADOL,,,
1447244678,FENTANYL,GENDER_M,HYDROCODONE,OXYCODONE,SPCLTY_Internal Medicine,STATE_FL,TRAMADOL
1447245840,GENDER_F,SPCLTY_Physician Assistant,STATE_WI,TRAMADOL,,,
1447246772,GENDER_M,OXYCODONE,SPCLTY_Family Practice,STATE_MD,,,
1447248885,GENDER_F,HYDROCODONE,OXYCODONE,SPCLTY_Family Practice,STATE_CO,TRAMADOL,
1447249156,GENDER_M,HYDROCODONE,OXYCODONE,SPCLTY_Hematology/Oncology,STATE_GA,TRAMADOL,
1447251566,FENTANYL,GENDER_F,HYDROCODONE,OXYCODONE,SPCLTY_Nurse Practitioner,STATE_NY,
1447252283,GENDER_M,HYDROCODONE,SPCLTY_General Surgery,STATE_MO,,,
1447252614,FENTANYL,GENDER_M,HYDROCODONE,OXYCODONE,SPCLTY_Family Practice,STATE_OH,TRAMADOL
1447253786,GENDER_M,HYDROCODONE,OXYCODONE,SPCLTY_Family Practice,STATE_KY,TRAMADOL,
1447255278,GENDER_M,SPCLTY_Physician Assistant,STATE_TX,TRAMADOL,,,
1447258801,GENDER_M,HYDROCODONE,SPCLTY_General Surgery,STATE_WA,,,
1447262209,GENDER_M,HYDROCODONE,SPCLTY_Orthopedic Surgery,STATE_NY,,,
1447263413,GENDER_F,HYDROCODONE,SPCLTY_Dentist,STATE_OK,,,
1447264486,GENDER_M,HYDROCODONE,SPCLTY_Dentist,STATE_WI,,,
1447267026,FENTANYL,GENDER_M,HYDROCODONE,OXYCODONE,SPCLTY_Geriatric Medicine,STATE_CT,TRAMADOL
1447268164,FENTANYL,GENDER_M,HYDROCODONE,SPCLTY_Family Practice,STATE_TX,TRAMADOL,
1447278569,GENDER_F,HYDROCODONE,SPCLTY_Physician Assistant,STATE_SC,TRAMADOL,,
1447279898,FENTANYL,GENDER_M,HYDROCODONE,OXYCODONE,SPCLTY_Hematology/Oncology,STATE_TN,
1447280334,FENTANYL,GENDER_F,HYDROCODONE,OXYCODONE,SPCLTY_Internal Medicine,STATE_WA,TRAMADOL
1447282413,GENDER_M,HYDROCODONE,SPCLTY_Family Practice,STATE_OH,,,
1447284815,GENDER_M,HYDROCODONE,OXYCODONE,SPCLTY_Physician Assistant,STATE_CA,TRAMADOL,
1447285341,FENTANYL,GENDER_F,HYDROCODONE,OXYCODONE,SPCLTY_Internal Medicine,STATE_CA,TRAMADOL
1447285770,FENTANYL,GENDER_M,HYDROCODONE,OXYCODONE,SPCLTY_Internal Medicine,STATE_GA,TRAMADOL
1447285986,FENTANYL,GENDER_M,HYDROCODONE,OXYCODONE,SPCLTY_Geriatric Medicine,STATE_CT,TRAMADOL
1447286281,GENDER_F,HYDROCODONE,SPCLTY_Rheumatology,STATE_TX,TRAMADOL,,
1447291737,GENDER_M,HYDROCODONE,SPCLTY_Otolaryngology,STATE_MI,,,
1447293402,FENTANYL,GENDER_M,HYDROCODONE,OXYCODONE,SPCLTY_Family Practice,STATE_IN,TRAMADOL
1447295563,GENDER_M,HYDROCODONE,OXYCODONE,SPCLTY_Internal Medicine,STATE_OH,TRAMADOL,
1447297783,GENDER_F,HYDROCODONE,SPCLTY_Internal Medicine,STATE_TX,TRAMADOL,,
1447298526,GENDER_M,HYDROCODONE,SPCLTY_Physical Medicine and,STATE_MI,TRAMADOL,,
1447298971,GENDER_F,HYDROCODONE,OXYCODONE,SPCLTY_Emergency Medicine,STATE_IN,TRAMADOL,
1447299888,FENTANYL,GENDER_M,HYDROCODONE,OXYCODONE,SPCLTY_Family Practice,STATE_ID,TRAMADOL
1447300389,GENDER_M,HYDROCODONE,SPCLTY_General Surgery,STATE_WA,,,
1447304498,GENDER_M,HYDROCODONE,SPCLTY_Emergency Medicine,STATE_MI,TRAMADOL,,
1447310859,FENTANYL,GENDER_F,HYDROCODONE,OXYCODONE,SPCLTY_Internal Medicine,STATE_OR,
1447318803,GENDER_M,HYDROCODONE,SPCLTY_Dentist,STATE_TN,,,
1447320221,GENDER_F,HYDROCODONE,SPCLTY_Dentist,STATE_FL,,,
1447321310,GENDER_M,HYDROCODONE,OXYCODONE,SPCLTY_Internal Medicine,STATE_NY,TRAMADOL,
1447321773,GENDER_M,HYDROCODONE,SPCLTY_Dentist,STATE_KY,,,
1447323076,GENDER_F,HYDROCODONE,SPCLTY_Dentist,STATE_FL,,,
1447331152,GENDER_M,HYDROCODONE,SPCLTY_Cardiology,STATE_TN,,,
1447332291,GENDER_M,SPCLTY_Dentist,STATE_FL,TRAMADOL,,,
1447332424,FENTANYL,GENDER_M,HYDROCODONE,OXYCODONE,SPCLTY_Internal Medicine,STATE_CO,TRAMADOL
1447334172,FENTANYL,GENDER_F,OXYCODONE,SPCLTY_Medical Oncology,STATE_NJ,,
1447334875,GENDER_M,HYDROCODONE,SPCLTY_Dentist,STATE_MO,,,
1447336185,GENDER_M,HYDROCODONE,SPCLTY_Obstetrics/Gynecology,STATE_GA,,,
1447337852,FENTANYL,GENDER_F,HYDROCODONE,SPCLTY_Nurse Practitioner,STATE_MT,,
1447338009,GENDER_M,HYDROCODONE,SPCLTY_Orthopedic Surgery,STATE_CA,,,
1447341904,GENDER_F,HYDROCODONE,SPCLTY_General Surgery,STATE_MI,,,
1447343579,GENDER_F,HYDROCODONE,SPCLTY_Family Practice,STATE_KS,,,
1447346663,GENDER_F,HYDROCODONE,SPCLTY_Family Practice,STATE_CA,,,
1447351390,GENDER_M,HYDROCODONE,OXYCODONE,SPCLTY_Emergency Medicine,STATE_HI,,
1447352216,GENDER_M,HYDROCODONE,OXYCODONE,SPCLTY_Emergency Medicine,STATE_FL,TRAMADOL,
1447352794,GENDER_F,HYDROCODONE,SPCLTY_Dentist,STATE_FL,,,
1447358775,GENDER_M,HYDROCODONE,OXYCODONE,SPCLTY_Family Practice,STATE_PA,TRAMADOL,
1447360367,GENDER_M,HYDROCODONE,OXYCODONE,SPCLTY_Family Practice,STATE_FL,TRAMADOL,
1447361373,GENDER_M,HYDROCODONE,SPCLTY_Nephrology,STATE_KS,TRAMADOL,,
1447364658,GENDER_M,HYDROCODONE,SPCLTY_Orthopedic Surgery,STATE_TX,,,
1447368568,FENTANYL,GENDER_F,HYDROCODONE,OXYCODONE,SPCLTY_Internal Medicine,STATE_NY,TRAMADOL
1447381843,GENDER_M,HYDROCODONE,SPCLTY_Dentist,STATE_OH,,,
1447387428,GENDER_M,HYDROCODONE,OXYCODONE,SPCLTY_Family Practice,STATE_CO,TRAMADOL,
1447389804,GENDER_F,HYDROCODONE,SPCLTY_Nurse Practitioner,STATE_TX,TRAMADOL,,
1447405683,FENTANYL,GENDER_F,HYDROCODONE,OXYCODONE,SPCLTY_Family Practice,STATE_NY,
1447412929,GENDER_M,HYDROCODONE,SPCLTY_General Surgery,STATE_OR,,,
1447416722,GENDER_F,HYDROCODONE,SPCLTY_General Surgery,STATE_IL,,,
1447420427,GENDER_F,OXYCODONE,SPCLTY_Urology,STATE_MA,,,
1447422571,GENDER_M,HYDROCODONE,OXYCODONE,SPCLTY_Physician Assistant,STATE_NC,TRAMADOL,
1447444807,GENDER_F,HYDROCODONE,OXYCODONE,SPCLTY_Family Practice,STATE_CO,,
1447448337,GENDER_M,HYDROCODONE,SPCLTY_Podiatry,STATE_MI,,,
1447450861,FENTANYL,GENDER_F,HYDROCODONE,OXYCODONE,SPCLTY_Physician Assistant,STATE_NV,
1447453402,GENDER_F,HYDROCODONE,SPCLTY_Dermatology,STATE_NC,,,
1447461579,GENDER_M,HYDROCODONE,SPCLTY_Critical Care (Intens,STATE_SC,,,
1447463989,FENTANYL,GENDER_F,HYDROCODONE,OXYCODONE,SPCLTY_Nurse Practitioner,STATE_CA,
1447468210,GENDER_M,HYDROCODONE,SPCLTY_Internal Medicine,STATE_CA,TRAMADOL,,
1447469598,GENDER_M,HYDROCODONE,OXYCODONE,SPCLTY_Emergency Medicine,STATE_IL,,
1447474861,GENDER_M,OXYCODONE,SPCLTY_Thoracic Surgery,STATE_FL,,,
1447483193,GENDER_F,HYDROCODONE,SPCLTY_Nurse Practitioner,STATE_NH,TRAMADOL,,
1447490016,GENDER_F,HYDROCODONE,SPCLTY_Nurse Practitioner,STATE_CO,,,
1447497532,GENDER_M,OXYCODONE,SPCLTY_Podiatry,STATE_NY,,,
1447548326,GENDER_F,HYDROCODONE,SPCLTY_Physician Assistant,STATE_CA,TRAMADOL,,
1447566807,GENDER_F,HYDROCODONE,SPCLTY_Certified Clinical Nu,STATE_IL,,,
1447567128,GENDER_F,OXYCODONE,SPCLTY_Nurse Practitioner,STATE_OH,,,
1447567276,FENTANYL,GENDER_F,HYDROCODONE,OXYCODONE,SPCLTY_Family Practice,STATE_CA,TRAMADOL
1447570890,GENDER_M,HYDROCODONE,SPCLTY_Dentist,STATE_FL,,,
1447574330,FENTANYL,GENDER_F,HYDROCODONE,OXYCODONE,SPCLTY_Family Practice,STATE_PA,TRAMADOL
1447576244,GENDER_F,HYDROCODONE,SPCLTY_Emergency Medicine,STATE_CA,TRAMADOL,,
1447576970,GENDER_M,SPCLTY_Physician Assistant,STATE_CA,TRAMADOL,,,
1447585294,GENDER_F,HYDROCODONE,SPCLTY_Dentist,STATE_AL,,,
1447593504,GENDER_M,OXYCODONE,SPCLTY_Orthopaedic Surgery,STATE_WA,,,
1447595608,GENDER_F,HYDROCODONE,OXYCODONE,SPCLTY_Physician Assistant,STATE_NC,TRAMADOL,
1447598750,GENDER_M,HYDROCODONE,OXYCODONE,SPCLTY_Physician Assistant,STATE_NC,TRAMADOL,
1447689732,GENDER_M,HYDROCODONE,OXYCODONE,SPCLTY_Physician Assistant,STATE_PA,TRAMADOL,
1447695317,GENDER_M,HYDROCODONE,SPCLTY_Urology,STATE_TX,,,
1447696794,GENDER_M,HYDROCODONE,SPCLTY_Student in an Organiz,STATE_IL,,,
1457302259,FENTANYL,GENDER_M,HYDROCODONE,OXYCODONE,SPCLTY_Internal Medicine,STATE_NJ,TRAMADOL
1457307696,FENTANYL,GENDER_M,HYDROCODONE,OXYCODONE,SPCLTY_Hematology/Oncology,STATE_WI,
1457308868,GENDER_M,HYDROCODONE,SPCLTY_Emergency Medicine,STATE_CA,,,
1457309197,GENDER_M,HYDROCODONE,SPCLTY_Internal Medicine,STATE_IA,TRAMADOL,,
1457310955,GENDER_M,HYDROCODONE,SPCLTY_Internal Medicine,STATE_VA,TRAMADOL,,
1457313272,GENDER_F,HYDROCODONE,SPCLTY_Nurse Practitioner,STATE_MI,TRAMADOL,,
1457313496,GENDER_F,OXYCODONE,SPCLTY_Emergency Medicine,STATE_FL,,,
1457313892,FENTANYL,GENDER_M,HYDROCODONE,SPCLTY_Internal Medicine,STATE_TX,TRAMADOL,
1457315756,GENDER_M,HYDROCODONE,SPCLTY_Podiatry,STATE_FL,TRAMADOL,,
1457316630,GENDER_F,HYDROCODONE,SPCLTY_Nurse Practitioner,STATE_TN,,,
1457319097,GENDER_M,HYDROCODONE,SPCLTY_Orthopedic Surgery,STATE_MO,,,
1457319220,GENDER_M,HYDROCODONE,SPCLTY_Emergency Medicine,STATE_WV,TRAMADOL,,
1457320632,GENDER_M,HYDROCODONE,OXYCODONE,SPCLTY_Family Practice,STATE_MA,TRAMADOL,
1457322273,GENDER_M,HYDROCODONE,SPCLTY_Internal Medicine,STATE_LA,TRAMADOL,,
1457325508,GENDER_M,HYDROCODONE,SPCLTY_Family Practice,STATE_IN,,,
1457329385,GENDER_M,HYDROCODONE,OXYCODONE,SPCLTY_Family Practice,STATE_TN,TRAMADOL,
1457333619,GENDER_M,OXYCODONE,SPCLTY_Internal Medicine,STATE_RI,TRAMADOL,,
1457333866,FENTANYL,GENDER_F,HYDROCODONE,OXYCODONE,SPCLTY_Family Practice,STATE_NY,TRAMADOL
1457334401,GENDER_M,HYDROCODONE,OXYCODONE,SPCLTY_Internal Medicine,STATE_MD,,
1457337438,GENDER_M,HYDROCODONE,OXYCODONE,SPCLTY_Emergency Medicine,STATE_OH,,
1457342032,FENTANYL,GENDER_M,HYDROCODONE,OXYCODONE,SPCLTY_Family Practice,STATE_MN,TRAMADOL
1457347544,GENDER_M,HYDROCODONE,OXYCODONE,SPCLTY_Hand Surgery,STATE_OH,,
1457347783,GENDER_M,HYDROCODONE,SPCLTY_Physician Assistant,STATE_MD,,,
1457349680,GENDER_M,OXYCODONE,SPCLTY_General Surgery,STATE_OH,,,
1457349839,GENDER_M,HYDROCODONE,SPCLTY_Internal Medicine,STATE_TX,,,
1457352742,GENDER_F,SPCLTY_Nurse Practitioner,STATE_MO,TRAMADOL,,,
1457353138,GENDER_M,OXYCODONE,SPCLTY_Cardiology,STATE_SC,,,
1457353872,GENDER_M,OXYCODONE,SPCLTY_Internal Medicine,STATE_NJ,,,
1457354631,FENTANYL,GENDER_M,HYDROCODONE,OXYCODONE,SPCLTY_Family Practice,STATE_GA,TRAMADOL
1457356826,FENTANYL,GENDER_M,HYDROCODONE,OXYCODONE,SPCLTY_Family Practice,STATE_PA,TRAMADOL
1457359929,GENDER_M,OXYCODONE,SPCLTY_Internal Medicine,STATE_FL,TRAMADOL,,
1457370959,FENTANYL,GENDER_M,HYDROCODONE,OXYCODONE,SPCLTY_Family Practice,STATE_CA,TRAMADOL
1457375248,GENDER_M,OXYCODONE,SPCLTY_Orthopedic Surgery,STATE_NH,,,
1457376873,FENTANYL,GENDER_M,HYDROCODONE,SPCLTY_Internal Medicine,STATE_WA,,
1457378309,GENDER_F,HYDROCODONE,SPCLTY_Family Practice,STATE_SC,TRAMADOL,,
1457380826,GENDER_F,HYDROCODONE,SPCLTY_Physician Assistant,STATE_NY,,,
1457380859,FENTANYL,GENDER_M,HYDROCODONE,OXYCODONE,SPCLTY_Emergency Medicine,STATE_SD,TRAMADOL
1457383028,GENDER_F,HYDROCODONE,SPCLTY_Internal Medicine,STATE_UT,TRAMADOL,,
1457387003,GENDER_M,HYDROCODONE,SPCLTY_Internal Medicine,STATE_CA,,,
1457389074,GENDER_M,HYDROCODONE,SPCLTY_Family Practice,STATE_NV,,,
1457394611,GENDER_M,HYDROCODONE,SPCLTY_Otolaryngology,STATE_TN,,,
1457397614,FENTANYL,GENDER_M,HYDROCODONE,OXYCODONE,SPCLTY_Family Practice,STATE_PA,TRAMADOL
1457398083,FENTANYL,GENDER_F,HYDROCODONE,OXYCODONE,SPCLTY_Family Practice,STATE_OK,TRAMADOL
1457408726,GENDER_F,HYDROCODONE,SPCLTY_Nurse Practitioner,STATE_WI,TRAMADOL,,
1457412314,GENDER_M,HYDROCODONE,SPCLTY_General Surgery,STATE_IA,,,
1457414245,GENDER_M,OXYCODONE,SPCLTY_Internal Medicine,STATE_MD,TRAMADOL,,
1457417420,GENDER_M,HYDROCODONE,SPCLTY_Family Practice,STATE_MI,,,
1457421638,GENDER_F,OXYCODONE,SPCLTY_Emergency Medicine,STATE_NY,,,
1457424020,GENDER_F,OXYCODONE,SPCLTY_Rheumatology,STATE_NJ,TRAMADOL,,
1457435760,GENDER_M,HYDROCODONE,SPCLTY_Emergency Medicine,STATE_IA,,,
1457441461,GENDER_M,HYDROCODONE,SPCLTY_Family Practice,STATE_MI,,,
1457446379,FENTANYL,GENDER_M,HYDROCODONE,OXYCODONE,SPCLTY_Internal Medicine,STATE_WA,TRAMADOL
1457447732,GENDER_M,HYDROCODONE,SPCLTY_Family Practice,STATE_TX,TRAMADOL,,
1457449308,GENDER_M,HYDROCODONE,OXYCODONE,SPCLTY_Physician Assistant,STATE_CA,TRAMADOL,
1457452591,GENDER_M,HYDROCODONE,SPCLTY_Gastroenterology,STATE_GA,TRAMADOL,,
1457455958,FENTANYL,GENDER_M,HYDROCODONE,OXYCODONE,SPCLTY_Internal Medicine,STATE_WV,TRAMADOL
1457456972,GENDER_F,SPCLTY_Internal Medicine,STATE_GA,TRAMADOL,,,
1457458580,FENTANYL,GENDER_F,HYDROCODONE,OXYCODONE,SPCLTY_Nurse Practitioner,STATE_NY,TRAMADOL
1457465676,GENDER_M,HYDROCODONE,OXYCODONE,SPCLTY_Internal Medicine,STATE_IL,TRAMADOL,
1457468803,GENDER_F,SPCLTY_Nurse Practitioner,STATE_PA,TRAMADOL,,,
1457474363,GENDER_M,HYDROCODONE,OXYCODONE,SPCLTY_Emergency Medicine,STATE_GA,TRAMADOL,
1457480410,GENDER_F,HYDROCODONE,SPCLTY_Physician Assistant,STATE_CA,TRAMADOL,,
1457490914,GENDER_M,HYDROCODONE,SPCLTY_Dentist,STATE_CA,,,
1457496705,FENTANYL,GENDER_M,HYDROCODONE,OXYCODONE,SPCLTY_Interventional Pain M,STATE_OR,TRAMADOL
1457507097,GENDER_M,HYDROCODONE,OXYCODONE,SPCLTY_Emergency Medicine,STATE_WA,,
1457509762,GENDER_F,SPCLTY_Internal Medicine,STATE_NY,TRAMADOL,,,
1457510844,GENDER_M,OXYCODONE,SPCLTY_Orthopedic Surgery,STATE_NJ,,,
1457515223,GENDER_F,OXYCODONE,SPCLTY_Physician Assistant,STATE_NH,,,
1457516809,FENTANYL,GENDER_M,HYDROCODONE,OXYCODONE,SPCLTY_Family Practice,STATE_IN,TRAMADOL
1457518946,GENDER_F,HYDROCODONE,SPCLTY_General Surgery,STATE_CA,,,
1457521874,FENTANYL,GENDER_M,HYDROCODONE,SPCLTY_Family Practice,STATE_TX,TRAMADOL,
1457527459,GENDER_F,SPCLTY_Internal Medicine,STATE_NJ,TRAMADOL,,,
1457540338,GENDER_F,HYDROCODONE,SPCLTY_Nurse Practitioner,STATE_TX,TRAMADOL,,
1457544256,GENDER_M,HYDROCODONE,SPCLTY_Physician Assistant,STATE_ME,TRAMADOL,,
1457544728,GENDER_F,HYDROCODONE,OXYCODONE,SPCLTY_Nurse Practitioner,STATE_CT,,
1457545576,GENDER_F,OXYCODONE,SPCLTY_Emergency Medicine,STATE_PA,,,
1457553828,GENDER_M,OXYCODONE,SPCLTY_Neurosurgery,STATE_FL,,,
1457561557,GENDER_F,HYDROCODONE,SPCLTY_Dentist,STATE_MI,,,
1457573917,GENDER_F,SPCLTY_Plastic and Reconstru,STATE_IN,TRAMADOL,,,
1457575714,GENDER_F,HYDROCODONE,SPCLTY_Dentist,STATE_NM,,,
1457585697,GENDER_M,SPCLTY_Internal Medicine,STATE_CA,TRAMADOL,,,
1457590408,FENTANYL,GENDER_F,HYDROCODONE,SPCLTY_Family Practice,STATE_IL,TRAMADOL,
1457612343,FENTANYL,GENDER_F,HYDROCODONE,OXYCODONE,SPCLTY_Nurse Practitioner,STATE_CO,TRAMADOL
1457616211,GENDER_F,OXYCODONE,SPCLTY_Physician Assistant,STATE_PA,,,
1457628323,GENDER_F,OXYCODONE,SPCLTY_Physician Assistant,STATE_NJ,TRAMADOL,,
1457634008,GENDER_M,HYDROCODONE,SPCLTY_Physician Assistant,STATE_AZ,TRAMADOL,,
1457639544,GENDER_M,HYDROCODONE,OXYCODONE,SPCLTY_Physician Assistant,STATE_IA,,
1457641276,GENDER_F,HYDROCODONE,OXYCODONE,SPCLTY_Nurse Practitioner,STATE_MS,TRAMADOL,
1457645780,GENDER_F,HYDROCODONE,SPCLTY_Dentist,STATE_NV,,,
1457657926,GENDER_F,SPCLTY_Nurse Practitioner,STATE_FL,TRAMADOL,,,
1457670424,GENDER_F,HYDROCODONE,SPCLTY_Student in an Organiz,STATE_NY,,,
1457675126,GENDER_M,HYDROCODONE,SPCLTY_Podiatry,STATE_AZ,TRAMADOL,,
1457678138,GENDER_F,HYDROCODONE,SPCLTY_Emergency Medicine,STATE_CT,,,
1457679748,FENTANYL,GENDER_F,HYDROCODONE,OXYCODONE,SPCLTY_Internal Medicine,STATE_WI,TRAMADOL
1457683567,GENDER_F,HYDROCODONE,SPCLTY_Nurse Practitioner,STATE_NY,,,
1467401190,GENDER_F,HYDROCODONE,SPCLTY_Dentist,STATE_OH,,,
1467401554,GENDER_M,HYDROCODONE,OXYCODONE,SPCLTY_Orthopedic Surgery,STATE_OR,TRAMADOL,
1467402701,GENDER_M,HYDROCODONE,OXYCODONE,SPCLTY_Physician Assistant,STATE_WA,,
1467402925,GENDER_M,HYDROCODONE,OXYCODONE,SPCLTY_General Surgery,STATE_KY,,
1467403246,FENTANYL,GENDER_M,HYDROCODONE,OXYCODONE,SPCLTY_Internal Medicine,STATE_CA,TRAMADOL
1467404368,GENDER_M,HYDROCODONE,SPCLTY_Urology,STATE_AR,,,
1467405076,FENTANYL,GENDER_F,OXYCODONE,SPCLTY_Nurse Practitioner,STATE_NY,TRAMADOL,
1467408583,FENTANYL,GENDER_M,OXYCODONE,SPCLTY_Neurology,STATE_NJ,TRAMADOL,
1467410530,GENDER_M,HYDROCODONE,OXYCODONE,SPCLTY_Internal Medicine,STATE_AL,TRAMADOL,
1467410811,GENDER_M,HYDROCODONE,SPCLTY_Orthopedic Surgery,STATE_KS,TRAMADOL,,
1467412007,GENDER_M,HYDROCODONE,SPCLTY_Otolaryngology,STATE_KY,,,
1467413427,GENDER_M,SPCLTY_Physical Medicine and,STATE_PR,TRAMADOL,,,
1467416495,GENDER_F,HYDROCODONE,OXYCODONE,SPCLTY_Family Practice,STATE_VT,TRAMADOL,
1467418053,GENDER_M,HYDROCODONE,SPCLTY_Neurology,STATE_TN,,,
1467420570,FENTANYL,GENDER_M,HYDROCODONE,OXYCODONE,SPCLTY_Internal Medicine,STATE_AR,TRAMADOL
1467421008,GENDER_F,HYDROCODONE,SPCLTY_Physician Assistant,STATE_MI,TRAMADOL,,
1467421891,GENDER_M,HYDROCODONE,OXYCODONE,SPCLTY_Internal Medicine,STATE_FL,TRAMADOL,
1467422329,GENDER_M,HYDROCODONE,OXYCODONE,SPCLTY_Emergency Medicine,STATE_VA,TRAMADOL,
1467422501,FENTANYL,GENDER_F,HYDROCODONE,OXYCODONE,SPCLTY_Family Practice,STATE_NC,TRAMADOL
1467424531,FENTANYL,GENDER_F,HYDROCODONE,OXYCODONE,SPCLTY_Medical Oncology,STATE_IN,
1467425124,GENDER_M,HYDROCODONE,SPCLTY_Internal Medicine,STATE_GA,TRAMADOL,,
1467427427,GENDER_F,HYDROCODONE,OXYCODONE,SPCLTY_Family Practice,STATE_MN,TRAMADOL,
1467428532,GENDER_F,OXYCODONE,SPCLTY_Colorectal Surgery (f,STATE_CT,,,
1467430025,FENTANYL,GENDER_M,HYDROCODONE,SPCLTY_Internal Medicine,STATE_IL,TRAMADOL,
1467433748,FENTANYL,GENDER_M,HYDROCODONE,OXYCODONE,SPCLTY_Internal Medicine,STATE_MA,TRAMADOL
1467433797,GENDER_M,OXYCODONE,SPCLTY_Vascular Surgery,STATE_NY,,,
1467436378,GENDER_M,HYDROCODONE,OXYCODONE,SPCLTY_Orthopedic Surgery,STATE_NY,,
1467438978,GENDER_F,OXYCODONE,SPCLTY_Emergency Medicine,STATE_OH,,,
1467439513,FENTANYL,GENDER_M,HYDROCODONE,OXYCODONE,SPCLTY_Family Practice,STATE_OH,TRAMADOL
1467442335,GENDER_M,HYDROCODONE,OXYCODONE,SPCLTY_Orthopedic Surgery,STATE_OH,TRAMADOL,
1467447284,GENDER_M,HYDROCODONE,SPCLTY_Dermatology,STATE_CA,,,
1467448381,GENDER_F,HYDROCODONE,OXYCODONE,SPCLTY_Physician Assistant,STATE_OR,TRAMADOL,
1467450635,FENTANYL,GENDER_M,HYDROCODONE,SPCLTY_Internal Medicine,STATE_KY,TRAMADOL,
1467450916,FENTANYL,GENDER_F,OXYCODONE,SPCLTY_Nurse Practitioner,STATE_MA,,
1467452367,GENDER_M,HYDROCODONE,SPCLTY_Family Practice,STATE_CA,TRAMADOL,,
1467453555,GENDER_M,HYDROCODONE,OXYCODONE,SPCLTY_Internal Medicine,STATE_MD,TRAMADOL,
1467453563,FENTANYL,GENDER_M,HYDROCODONE,OXYCODONE,SPCLTY_Family Practice,STATE_VA,TRAMADOL
1467454611,GENDER_F,HYDROCODONE,OXYCODONE,SPCLTY_Internal Medicine,STATE_MA,TRAMADOL,
1467456244,GENDER_M,HYDROCODONE,SPCLTY_Nephrology,STATE_WI,TRAMADOL,,
1467462051,GENDER_M,HYDROCODONE,OXYCODONE,SPCLTY_Physician Assistant,STATE_DE,,
1467463547,GENDER_F,SPCLTY_Internal Medicine,STATE_MO,TRAMADOL,,,
1467465179,FENTANYL,GENDER_M,HYDROCODONE,OXYCODONE,SPCLTY_Family Practice,STATE_OH,TRAMADOL
1467470740,GENDER_F,OXYCODONE,SPCLTY_Internal Medicine,STATE_CT,TRAMADOL,,
1467472837,GENDER_M,HYDROCODONE,OXYCODONE,SPCLTY_Orthopedic Surgery,STATE_OH,TRAMADOL,
1467473314,FENTANYL,GENDER_M,HYDROCODONE,OXYCODONE,SPCLTY_Internal Medicine,STATE_WI,TRAMADOL
1467475616,FENTANYL,GENDER_M,HYDROCODONE,OXYCODONE,SPCLTY_Internal Medicine,STATE_CO,TRAMADOL
1467475913,GENDER_M,HYDROCODONE,OXYCODONE,SPCLTY_Psychiatry,STATE_FL,,
1467475988,GENDER_M,HYDROCODONE,SPCLTY_Dentist,STATE_PA,TRAMADOL,,
1467476010,GENDER_M,HYDROCODONE,SPCLTY_Dentist,STATE_CT,,,
1467479931,GENDER_M,HYDROCODONE,OXYCODONE,SPCLTY_Physician Assistant,STATE_OR,TRAMADOL,
1467481119,GENDER_F,SPCLTY_Nurse Practitioner,STATE_FL,TRAMADOL,,,
1467483990,GENDER_F,OXYCODONE,SPCLTY_Physician Assistant,STATE_PA,,,
1467485607,GENDER_M,HYDROCODONE,OXYCODONE,SPCLTY_Emergency Medicine,STATE_IN,,
1467488122,GENDER_F,HYDROCODONE,SPCLTY_Family Practice,STATE_IN,,,
1467488262,GENDER_M,HYDROCODONE,SPCLTY_Pediatric Medicine,STATE_CA,,,
1467489807,FENTANYL,GENDER_F,HYDROCODONE,OXYCODONE,SPCLTY_Internal Medicine,STATE_IL,TRAMADOL
1467490235,GENDER_M,HYDROCODONE,OXYCODONE,SPCLTY_Family Practice,STATE_OK,TRAMADOL,
1467493015,GENDER_F,HYDROCODONE,OXYCODONE,SPCLTY_Family Practice,STATE_AZ,TRAMADOL,
1467493023,FENTANYL,GENDER_F,HYDROCODONE,OXYCODONE,SPCLTY_Nurse Practitioner,STATE_ME,TRAMADOL
1467494369,FENTANYL,GENDER_F,OXYCODONE,SPCLTY_Nurse Practitioner,STATE_MD,,
1467496588,GENDER_F,SPCLTY_Physician Assistant,STATE_GA,TRAMADOL,,,
1467499376,GENDER_M,HYDROCODONE,OXYCODONE,SPCLTY_General Surgery,STATE_VA,,
1467504597,GENDER_F,HYDROCODONE,SPCLTY_Family Practice,STATE_IA,TRAMADOL,,
1467504712,GENDER_M,HYDROCODONE,SPCLTY_Ophthalmology,STATE_WA,,,
1467514687,GENDER_M,HYDROCODONE,SPCLTY_Family Practice,STATE_AL,TRAMADOL,,
1467521740,GENDER_M,SPCLTY_Gastroenterology,STATE_MA,TRAMADOL,,,
1467535633,GENDER_F,HYDROCODONE,SPCLTY_Nurse Practitioner,STATE_TN,TRAMADOL,,
1467538629,GENDER_M,SPCLTY_General Practice,STATE_PR,TRAMADOL,,,
1467542027,GENDER_M,HYDROCODONE,SPCLTY_Psychiatry,STATE_WA,,,
1467547133,GENDER_F,HYDROCODONE,SPCLTY_Dentist,STATE_IL,,,
1467551473,GENDER_M,OXYCODONE,SPCLTY_Emergency Medicine,STATE_OH,,,
1467565408,GENDER_F,HYDROCODONE,OXYCODONE,SPCLTY_Family Practice,STATE_OR,TRAMADOL,
1467565515,GENDER_M,HYDROCODONE,OXYCODONE,SPCLTY_Family Practice,STATE_SC,TRAMADOL,
1467567081,GENDER_M,HYDROCODONE,OXYCODONE,SPCLTY_Podiatry,STATE_SC,,
1467567198,GENDER_M,HYDROCODONE,SPCLTY_Dentist,STATE_CO,,,
1467568642,GENDER_M,HYDROCODONE,OXYCODONE,SPCLTY_Internal Medicine,STATE_IL,TRAMADOL,
1467572206,GENDER_M,HYDROCODONE,SPCLTY_Dentist,STATE_MS,,,
1467584615,GENDER_F,HYDROCODONE,SPCLTY_Nurse Practitioner,STATE_MI,,,
1467594713,GENDER_F,HYDROCODONE,OXYCODONE,SPCLTY_Rheumatology,STATE_PA,TRAMADOL,
1467596007,GENDER_F,HYDROCODONE,OXYCODONE,SPCLTY_Nurse Practitioner,STATE_VA,TRAMADOL,
1467603175,GENDER_M,HYDROCODONE,OXYCODONE,SPCLTY_General Practice,STATE_OH,,
1467604140,GENDER_F,HYDROCODONE,SPCLTY_Physician Assistant,STATE_TN,,,
1467609727,FENTANYL,GENDER_F,HYDROCODONE,SPCLTY_Nurse Practitioner,STATE_CA,TRAMADOL,
1467624171,GENDER_F,HYDROCODONE,SPCLTY_Family Practice,STATE_TN,,,
1467627729,GENDER_M,OXYCODONE,SPCLTY_Emergency Medicine,STATE_FL,TRAMADOL,,
1467628644,GENDER_M,OXYCODONE,SPCLTY_Radiation Oncology,STATE_NC,,,
1467635789,GENDER_F,HYDROCODONE,SPCLTY_Dermatology,STATE_WA,,,
1467638544,GENDER_F,SPCLTY_Physician Assistant,STATE_MO,TRAMADOL,,,
1467641811,GENDER_M,HYDROCODONE,OXYCODONE,SPCLTY_Family Practice,STATE_AZ,TRAMADOL,
1467651315,GENDER_F,HYDROCODONE,SPCLTY_Internal Medicine,STATE_FL,,,
1467656918,GENDER_F,HYDROCODONE,SPCLTY_Family Practice,STATE_TX,,,
1467659227,GENDER_F,HYDROCODONE,SPCLTY_Family Practice,STATE_CT,,,
1467659276,GENDER_F,HYDROCODONE,SPCLTY_Physician Assistant,STATE_AZ,TRAMADOL,,
1467676155,GENDER_M,HYDROCODONE,SPCLTY_Family Practice,STATE_WA,TRAMADOL,,
1467676478,FENTANYL,GENDER_M,HYDROCODONE,OXYCODONE,SPCLTY_Internal Medicine,STATE_MA,TRAMADOL
1467678987,GENDER_M,HYDROCODONE,OXYCODONE,SPCLTY_Family Practice,STATE_IN,TRAMADOL,
1467685909,GENDER_M,HYDROCODONE,OXYCODONE,SPCLTY_Physician Assistant,STATE_CO,TRAMADOL,
1467708198,GENDER_F,HYDROCODONE,SPCLTY_Nurse Practitioner,STATE_CA,,,
1467726364,GENDER_F,HYDROCODONE,OXYCODONE,SPCLTY_Physician Assistant,STATE_CA,TRAMADOL,
1467735365,GENDER_F,HYDROCODONE,SPCLTY_Physician Assistant,STATE_TN,TRAMADOL,,
1467735621,GENDER_M,HYDROCODONE,OXYCODONE,SPCLTY_Physician Assistant,STATE_AZ,TRAMADOL,
1467736868,GENDER_M,HYDROCODONE,SPCLTY_Nurse Practitioner,STATE_TX,TRAMADOL,,
1467745950,GENDER_F,OXYCODONE,SPCLTY_Student in an Organiz,STATE_CO,TRAMADOL,,
1467749044,GENDER_M,HYDROCODONE,OXYCODONE,SPCLTY_Pharmacist,STATE_ID,TRAMADOL,
1467750604,GENDER_M,HYDROCODONE,SPCLTY_Physician Assistant,STATE_WY,,,
1467750950,GENDER_M,HYDROCODONE,SPCLTY_Dentist,STATE_WA,,,
1467770693,GENDER_M,HYDROCODONE,SPCLTY_Dentist,STATE_FL,,,
1467776450,GENDER_M,HYDROCODONE,SPCLTY_Dentist,STATE_CA,,,
1467786418,GENDER_F,HYDROCODONE,OXYCODONE,SPCLTY_Physician Assistant,STATE_CO,TRAMADOL,
1467788182,GENDER_M,OXYCODONE,SPCLTY_Internal Medicine,STATE_FL,,,
1467793612,GENDER_F,SPCLTY_Nurse Practitioner,STATE_AL,TRAMADOL,,,
1467871780,GENDER_M,HYDROCODONE,SPCLTY_Dentist,STATE_HI,,,
1467891358,GENDER_M,SPCLTY_Student in an Organiz,STATE_CT,TRAMADOL,,,
1467898411,GENDER_M,OXYCODONE,SPCLTY_Student in an Organiz,STATE_NM,,,
1477500940,GENDER_M,OXYCODONE,SPCLTY_Emergency Medicine,STATE_PA,,,
1477501732,GENDER_F,HYDROCODONE,SPCLTY_Nurse Practitioner,STATE_IN,,,
1477507739,FENTANYL,GENDER_M,HYDROCODONE,OXYCODONE,SPCLTY_Anesthesiology,STATE_SC,TRAMADOL
1477509529,GENDER_M,HYDROCODONE,SPCLTY_Family Practice,STATE_CA,,,
1477510352,GENDER_F,SPCLTY_Nurse Practitioner,STATE_FL,TRAMADOL,,,
1477512507,GENDER_M,HYDROCODONE,SPCLTY_Diagnostic Radiology,STATE_TX,,,
1477518710,GENDER_M,HYDROCODONE,SPCLTY_Emergency Medicine,STATE_NM,TRAMADOL,,
1477520237,GENDER_M,HYDROCODONE,SPCLTY_Dentist,STATE_OK,,,
1477520658,GENDER_M,OXYCODONE,SPCLTY_Emergency Medicine,STATE_MN,,,
1477521417,GENDER_M,HYDROCODONE,OXYCODONE,SPCLTY_Orthopedic Surgery,STATE_TN,TRAMADOL,
1477522167,GENDER_M,HYDROCODONE,OXYCODONE,SPCLTY_Neurosurgery,STATE_AZ,TRAMADOL,
1477522241,GENDER_F,HYDROCODONE,SPCLTY_Internal Medicine,STATE_FL,TRAMADOL,,
1477522407,GENDER_M,OXYCODONE,SPCLTY_Neurology,STATE_FL,,,
1477523140,FENTANYL,GENDER_M,HYDROCODONE,OXYCODONE,SPCLTY_Internal Medicine,STATE_PA,TRAMADOL
1477523488,GENDER_M,OXYCODONE,SPCLTY_Family Practice,STATE_RI,,,
1477523900,GENDER_M,HYDROCODONE,SPCLTY_Urology,STATE_ID,,,
1477524031,FENTANYL,GENDER_F,OXYCODONE,SPCLTY_Nurse Practitioner,STATE_MA,TRAMADOL,
1477525269,GENDER_M,HYDROCODONE,OXYCODONE,SPCLTY_Family Practice,STATE_PA,TRAMADOL,
1477526200,FENTANYL,GENDER_M,HYDROCODONE,OXYCODONE,SPCLTY_Internal Medicine,STATE_IN,TRAMADOL
1477527869,GENDER_F,HYDROCODONE,SPCLTY_Dentist,STATE_MI,,,
1477527901,FENTANYL,GENDER_M,HYDROCODONE,OXYCODONE,SPCLTY_Neurology,STATE_TN,TRAMADOL
1477528990,FENTANYL,GENDER_M,HYDROCODONE,OXYCODONE,SPCLTY_Internal Medicine,STATE_AL,TRAMADOL
1477530582,GENDER_M,OXYCODONE,SPCLTY_Internal Medicine,STATE_NY,,,
1477532679,GENDER_F,HYDROCODONE,SPCLTY_Nurse Practitioner,STATE_WV,TRAMADOL,,
1477533123,FENTANYL,GENDER_F,HYDROCODONE,OXYCODONE,SPCLTY_Internal Medicine,STATE_NY,TRAMADOL
1477533479,GENDER_F,HYDROCODONE,OXYCODONE,SPCLTY_Internal Medicine,STATE_AZ,TRAMADOL,
1477535284,GENDER_F,HYDROCODONE,SPCLTY_Family Practice,STATE_IL,,,
1477535896,GENDER_M,HYDROCODONE,OXYCODONE,SPCLTY_Orthopedic Surgery,STATE_MA,,
1477536258,GENDER_M,HYDROCODONE,OXYCODONE,SPCLTY_Family Practice,STATE_OH,TRAMADOL,
1477537470,GENDER_M,HYDROCODONE,SPCLTY_Family Practice,STATE_GA,TRAMADOL,,
1477541407,FENTANYL,GENDER_M,HYDROCODONE,OXYCODONE,SPCLTY_Family Practice,STATE_IN,TRAMADOL
1477541506,GENDER_F,HYDROCODONE,SPCLTY_Physician Assistant,STATE_UT,,,
1477541886,GENDER_F,HYDROCODONE,SPCLTY_Family Practice,STATE_TX,TRAMADOL,,
1477546364,FENTANYL,GENDER_F,HYDROCODONE,OXYCODONE,SPCLTY_Family Practice,STATE_OH,TRAMADOL
1477547230,GENDER_M,OXYCODONE,SPCLTY_Orthopedic Surgery,STATE_NY,,,
1477548485,GENDER_M,HYDROCODONE,OXYCODONE,SPCLTY_General Surgery,STATE_AR,,
1477550416,GENDER_M,HYDROCODONE,OXYCODONE,SPCLTY_Urology,STATE_KY,,
1477550689,FENTANYL,GENDER_M,HYDROCODONE,OXYCODONE,SPCLTY_General Practice,STATE_MI,TRAMADOL
1477551521,GENDER_M,OXYCODONE,SPCLTY_Nephrology,STATE_CO,,,
1477553519,GENDER_M,HYDROCODONE,SPCLTY_Orthopedic Surgery,STATE_WI,,,
1477553840,FENTANYL,GENDER_M,HYDROCODONE,OXYCODONE,SPCLTY_Family Practice,STATE_FL,TRAMADOL
1477555183,GENDER_M,HYDROCODONE,SPCLTY_Anesthesiology,STATE_GA,,,
1477557718,GENDER_M,HYDROCODONE,SPCLTY_Family Practice,STATE_TX,TRAMADOL,,
1477559607,GENDER_M,HYDROCODONE,SPCLTY_Neurosurgery,STATE_PA,,,
1477561546,GENDER_F,HYDROCODONE,SPCLTY_Psychiatry,STATE_WV,,,
1477573145,GENDER_M,HYDROCODONE,SPCLTY_Dentist,STATE_GA,,,
1477575561,GENDER_F,HYDROCODONE,SPCLTY_Nurse Practitioner,STATE_MS,TRAMADOL,,
1477580660,GENDER_M,HYDROCODONE,OXYCODONE,SPCLTY_Emergency Medicine,STATE_MD,,
1477581155,GENDER_M,OXYCODONE,SPCLTY_Urology,STATE_FL,,,
1477586618,GENDER_M,HYDROCODONE,SPCLTY_Family Practice,STATE_TX,TRAMADOL,,
1477590537,GENDER_M,HYDROCODONE,SPCLTY_Emergency Medicine,STATE_AZ,,,
1477591147,GENDER_M,HYDROCODONE,SPCLTY_Emergency Medicine,STATE_TN,TRAMADOL,,
1477592673,GENDER_M,OXYCODONE,SPCLTY_Nephrology,STATE_NC,,,
1477593648,GENDER_M,HYDROCODONE,SPCLTY_General Surgery,STATE_ID,,,
1477593937,GENDER_M,HYDROCODONE,SPCLTY_Orthopedic Surgery,STATE_MI,,,
1477594547,GENDER_M,HYDROCODONE,OXYCODONE,SPCLTY_Vascular Surgery,STATE_GA,TRAMADOL,
1477596419,GENDER_M,HYDROCODONE,SPCLTY_Emergency Medicine,STATE_GA,TRAMADOL,,
1477596773,GENDER_M,HYDROCODONE,SPCLTY_Emergency Medicine,STATE_CA,,,
1477604791,GENDER_F,HYDROCODONE,SPCLTY_Family Practice,STATE_IL,TRAMADOL,,
1477605087,GENDER_M,HYDROCODONE,SPCLTY_Internal Medicine,STATE_IL,TRAMADOL,,
1477612752,GENDER_M,HYDROCODONE,SPCLTY_Cardiology,STATE_CA,TRAMADOL,,
1477615466,GENDER_M,SPCLTY_Family Practice,STATE_NJ,TRAMADOL,,,
1477622371,GENDER_F,OXYCODONE,SPCLTY_Physical Medicine and,STATE_PR,TRAMADOL,,
1477624450,GENDER_M,SPCLTY_Internal Medicine,STATE_CA,TRAMADOL,,,
1477629624,GENDER_F,SPCLTY_Family Practice,STATE_MD,TRAMADOL,,,
1477631182,GENDER_M,HYDROCODONE,OXYCODONE,SPCLTY_Internal Medicine,STATE_CA,,
1477631638,GENDER_M,HYDROCODONE,SPCLTY_Dentist,STATE_LA,,,
1477634616,GENDER_M,HYDROCODONE,OXYCODONE,SPCLTY_Physician Assistant,STATE_WA,,
1477636082,FENTANYL,GENDER_F,HYDROCODONE,OXYCODONE,SPCLTY_Nurse Practitioner,STATE_NY,TRAMADOL
1477637049,GENDER_M,HYDROCODONE,SPCLTY_Internal Medicine,STATE_CA,TRAMADOL,,
1477637833,GENDER_M,HYDROCODONE,SPCLTY_Dentist,STATE_CA,,,
1477638153,GENDER_F,HYDROCODONE,SPCLTY_Internal Medicine,STATE_TX,TRAMADOL,,
1477642817,GENDER_M,HYDROCODONE,SPCLTY_Internal Medicine,STATE_TN,,,
1477644573,GENDER_M,HYDROCODONE,SPCLTY_Ophthalmology,STATE_OH,,,
1477646016,GENDER_F,SPCLTY_Family Practice,STATE_GA,TRAMADOL,,,
1477647097,GENDER_M,SPCLTY_Internal Medicine,STATE_MD,TRAMADOL,,,
1477652287,GENDER_M,HYDROCODONE,SPCLTY_Emergency Medicine,STATE_IL,TRAMADOL,,
1477655082,GENDER_F,HYDROCODONE,SPCLTY_Family Practice,STATE_CA,TRAMADOL,,
1477658391,GENDER_M,HYDROCODONE,SPCLTY_Podiatry,STATE_CA,,,
1477664274,GENDER_M,OXYCODONE,SPCLTY_Medical Oncology,STATE_PA,,,
1477666337,GENDER_M,HYDROCODONE,SPCLTY_Dentist,STATE_MA,,,
1477667616,GENDER_F,SPCLTY_Nurse Practitioner,STATE_FL,TRAMADOL,,,
1477676807,GENDER_M,OXYCODONE,SPCLTY_Psychiatry,STATE_MD,,,
1477681922,GENDER_M,HYDROCODONE,SPCLTY_Dentist,STATE_NV,,,
1477700912,GENDER_F,HYDROCODONE,OXYCODONE,SPCLTY_Family Practice,STATE_WA,,
1477703908,FENTANYL,GENDER_F,HYDROCODONE,SPCLTY_Nurse Practitioner,STATE_IL,,
1477705606,GENDER_M,HYDROCODONE,OXYCODONE,SPCLTY_Specialist,STATE_NY,,
1477709442,FENTANYL,GENDER_M,HYDROCODONE,OXYCODONE,SPCLTY_Anesthesiology,STATE_IL,TRAMADOL
1477710630,GENDER_F,SPCLTY_Nurse Practitioner,STATE_NC,TRAMADOL,,,
1477713535,GENDER_M,HYDROCODONE,OXYCODONE,SPCLTY_Orthopedic Surgery,STATE_KS,TRAMADOL,
1477716462,GENDER_F,SPCLTY_Nurse Practitioner,STATE_WI,TRAMADOL,,,
1477719896,GENDER_M,OXYCODONE,SPCLTY_Orthopedic Surgery,STATE_OH,TRAMADOL,,
1477729747,GENDER_M,HYDROCODONE,SPCLTY_Dentist,STATE_CA,,,
1477730612,GENDER_M,HYDROCODONE,SPCLTY_Internal Medicine,STATE_IL,TRAMADOL,,
1477733459,GENDER_F,HYDROCODONE,SPCLTY_Nurse Practitioner,STATE_WV,,,
1477734283,GENDER_M,HYDROCODONE,OXYCODONE,SPCLTY_Physician Assistant,STATE_CA,TRAMADOL,
1477741155,GENDER_M,HYDROCODONE,SPCLTY_Orthopedic Surgery,STATE_LA,TRAMADOL,,
1477742682,GENDER_M,HYDROCODONE,SPCLTY_Dentist,STATE_GA,,,
1477746527,GENDER_M,HYDROCODONE,SPCLTY_Emergency Medicine,STATE_PA,,,
1477747145,FENTANYL,GENDER_M,HYDROCODONE,OXYCODONE,SPCLTY_Family Practice,STATE_VA,TRAMADOL
1477751535,GENDER_M,HYDROCODONE,OXYCODONE,SPCLTY_General Surgery,STATE_CA,,
1477753069,GENDER_F,HYDROCODONE,SPCLTY_General Practice,STATE_MO,,,
1477757060,GENDER_F,HYDROCODONE,SPCLTY_Orthopedic Surgery,STATE_CA,,,
1477764363,GENDER_F,HYDROCODONE,SPCLTY_Nurse Practitioner,STATE_RI,,,
1477765014,GENDER_M,HYDROCODONE,SPCLTY_Orthopedic Surgery,STATE_IL,TRAMADOL,,
1477769537,GENDER_M,HYDROCODONE,SPCLTY_Oral Surgery (dentist,STATE_CA,,,
1477781250,GENDER_F,HYDROCODONE,SPCLTY_Family Practice,STATE_IA,TRAMADOL,,
1477796563,GENDER_M,HYDROCODONE,OXYCODONE,SPCLTY_Emergency Medicine,STATE_VA,,
1477797967,GENDER_F,SPCLTY_Family Practice,STATE_MA,TRAMADOL,,,
1477801165,GENDER_F,HYDROCODONE,SPCLTY_Physician Assistant,STATE_WI,,,
1477811784,GENDER_F,HYDROCODONE,SPCLTY_Nurse Practitioner,STATE_TN,TRAMADOL,,
1477814507,FENTANYL,GENDER_F,HYDROCODONE,OXYCODONE,SPCLTY_Nurse Practitioner,STATE_OR,
1477833903,GENDER_F,HYDROCODONE,SPCLTY_Nurse Practitioner,STATE_KY,,,
1477838571,GENDER_F,SPCLTY_Nurse Practitioner,STATE_MO,TRAMADOL,,,
1477839033,GENDER_F,SPCLTY_Physician Assistant,STATE_FL,TRAMADOL,,,
1477840809,GENDER_F,HYDROCODONE,SPCLTY_Physician Assistant,STATE_TX,,,
1477852408,GENDER_F,HYDROCODONE,SPCLTY_Nurse Practitioner,STATE_PA,,,
1477852663,GENDER_F,HYDROCODONE,SPCLTY_Internal Medicine,STATE_CA,,,
1477857563,GENDER_M,SPCLTY_Internal Medicine,STATE_NY,TRAMADOL,,,
1477864429,GENDER_F,HYDROCODONE,OXYCODONE,SPCLTY_Student in an Organiz,STATE_NM,,
1477866747,GENDER_F,HYDROCODONE,SPCLTY_Physical Medicine and,STATE_CA,,,
1477875557,GENDER_F,OXYCODONE,SPCLTY_Physician Assistant,STATE_NY,,,
1477882074,GENDER_M,HYDROCODONE,SPCLTY_Nurse Practitioner,STATE_VT,TRAMADOL,,
1477882827,GENDER_F,HYDROCODONE,OXYCODONE,SPCLTY_Physician Assistant,STATE_AZ,TRAMADOL,
1477886653,GENDER_M,HYDROCODONE,SPCLTY_Orthopedic Surgery,STATE_IN,,,
1477894186,GENDER_M,HYDROCODONE,SPCLTY_Physician Assistant,STATE_TX,TRAMADOL,,
1477976892,GENDER_M,HYDROCODONE,SPCLTY_Physician Assistant,STATE_TX,,,
1477991321,GENDER_F,OXYCODONE,SPCLTY_Student in an Organiz,STATE_MO,,,
1477992519,GENDER_M,OXYCODONE,SPCLTY_Family Practice,STATE_NC,,,
1487088241,GENDER_F,OXYCODONE,SPCLTY_Physician Assistant,STATE_MA,,,
1487090833,GENDER_F,OXYCODONE,SPCLTY_Student in an Organiz,STATE_VA,,,
1487094066,GENDER_M,HYDROCODONE,SPCLTY_Student in an Organiz,STATE_MI,TRAMADOL,,
1487600946,FENTANYL,GENDER_F,HYDROCODONE,OXYCODONE,SPCLTY_Family Practice,STATE_AL,TRAMADOL
1487601175,FENTANYL,GENDER_F,HYDROCODONE,OXYCODONE,SPCLTY_Internal Medicine,STATE_MA,TRAMADOL
1487601654,FENTANYL,GENDER_M,HYDROCODONE,OXYCODONE,SPCLTY_Family Practice,STATE_MA,TRAMADOL
1487602314,GENDER_M,HYDROCODONE,SPCLTY_Orthopedic Surgery,STATE_AZ,,,
1487603916,GENDER_M,HYDROCODONE,OXYCODONE,SPCLTY_Hematology/Oncology,STATE_UT,,
1487604831,GENDER_M,HYDROCODONE,SPCLTY_Family Practice,STATE_NC,TRAMADOL,,
1487605804,GENDER_M,HYDROCODONE,OXYCODONE,SPCLTY_Family Practice,STATE_WI,TRAMADOL,
1487607370,GENDER_M,SPCLTY_Emergency Medicine,STATE_FL,TRAMADOL,,,
1487608329,GENDER_M,HYDROCODONE,SPCLTY_Podiatry,STATE_WI,,,
1487608352,GENDER_M,HYDROCODONE,SPCLTY_Cardiology,STATE_TX,,,
1487608923,GENDER_M,HYDROCODONE,SPCLTY_Internal Medicine,STATE_TX,TRAMADOL,,
1487610119,GENDER_M,HYDROCODONE,OXYCODONE,SPCLTY_Family Practice,STATE_SC,TRAMADOL,
1487610499,GENDER_M,HYDROCODONE,OXYCODONE,SPCLTY_Internal Medicine,STATE_AZ,,
1487613451,GENDER_M,HYDROCODONE,SPCLTY_Internal Medicine,STATE_CA,,,
1487613568,GENDER_M,SPCLTY_Internal Medicine,STATE_PR,TRAMADOL,,,
1487613634,GENDER_F,HYDROCODONE,SPCLTY_Physician Assistant,STATE_MI,TRAMADOL,,
1487614749,GENDER_F,HYDROCODONE,SPCLTY_Gastroenterology,STATE_TX,,,
1487616827,GENDER_F,HYDROCODONE,OXYCODONE,SPCLTY_General Practice,STATE_SD,TRAMADOL,
1487620167,GENDER_M,HYDROCODONE,SPCLTY_Dermatology,STATE_KS,,,
1487620902,FENTANYL,GENDER_M,HYDROCODONE,OXYCODONE,SPCLTY_Nurse Practitioner,STATE_MT,TRAMADOL
1487621330,FENTANYL,GENDER_M,HYDROCODONE,SPCLTY_Rheumatology,STATE_TX,TRAMADOL,
1487621462,FENTANYL,GENDER_M,HYDROCODONE,OXYCODONE,SPCLTY_Pain Management,STATE_VA,
1487621926,GENDER_M,HYDROCODONE,OXYCODONE,SPCLTY_Hand Surgery,STATE_TN,,
1487622692,GENDER_M,HYDROCODONE,SPCLTY_Emergency Medicine,STATE_TX,TRAMADOL,,
1487624755,FENTANYL,GENDER_M,HYDROCODONE,SPCLTY_Anesthesiology,STATE_TX,TRAMADOL,
1487625059,GENDER_M,HYDROCODONE,OXYCODONE,SPCLTY_Infectious Disease,STATE_FL,TRAMADOL,
1487625430,GENDER_M,HYDROCODONE,OXYCODONE,SPCLTY_Orthopedic Surgery,STATE_WA,,
1487626149,GENDER_M,HYDROCODONE,SPCLTY_Orthopedic Surgery,STATE_PA,,,
1487627253,GENDER_F,HYDROCODONE,OXYCODONE,SPCLTY_Hematology/Oncology,STATE_WI,,
1487627923,FENTANYL,GENDER_F,HYDROCODONE,OXYCODONE,SPCLTY_Family Practice,STATE_MO,TRAMADOL
1487633731,GENDER_M,HYDROCODONE,OXYCODONE,SPCLTY_Family Practice,STATE_VA,TRAMADOL,
1487633863,GENDER_F,HYDROCODONE,SPCLTY_Nurse Practitioner,STATE_WA,TRAMADOL,,
1487634275,GENDER_F,HYDROCODONE,OXYCODONE,SPCLTY_Family Practice,STATE_WV,TRAMADOL,
1487635652,GENDER_M,HYDROCODONE,SPCLTY_Orthopedic Surgery,STATE_FL,TRAMADOL,,
1487637468,GENDER_M,HYDROCODONE,OXYCODONE,SPCLTY_Physician Assistant,STATE_CA,TRAMADOL,
1487637666,GENDER_M,HYDROCODONE,SPCLTY_Family Practice,STATE_ID,TRAMADOL,,
1487639720,FENTANYL,GENDER_F,HYDROCODONE,OXYCODONE,SPCLTY_Physical Medicine and,STATE_MD,
1487642419,GENDER_F,HYDROCODONE,SPCLTY_Emergency Medicine,STATE_IL,,,
1487644100,GENDER_M,HYDROCODONE,OXYCODONE,SPCLTY_Otolaryngology,STATE_OH,,
1487645651,GENDER_F,HYDROCODONE,SPCLTY_Family Practice,STATE_NC,TRAMADOL,,
1487651139,GENDER_M,HYDROCODONE,SPCLTY_Orthopedic Surgery,STATE_TX,,,
1487652418,GENDER_F,HYDROCODONE,OXYCODONE,SPCLTY_Physician Assistant,STATE_OH,TRAMADOL,
1487653879,GENDER_F,HYDROCODONE,OXYCODONE,SPCLTY_Physician Assistant,STATE_PA,,
1487656575,GENDER_M,OXYCODONE,SPCLTY_Emergency Medicine,STATE_NM,,,
1487657094,GENDER_M,HYDROCODONE,SPCLTY_Obstetrics/Gynecology,STATE_NY,,,
1487658035,GENDER_M,HYDROCODONE,SPCLTY_Otolaryngology,STATE_TX,TRAMADOL,,
1487658167,FENTANYL,GENDER_F,HYDROCODONE,OXYCODONE,SPCLTY_Family Practice,STATE_IN,TRAMADOL
1487660502,GENDER_M,HYDROCODONE,SPCLTY_Emergency Medicine,STATE_TX,TRAMADOL,,
1487660999,GENDER_F,OXYCODONE,SPCLTY_Vascular Surgery,STATE_OH,,,
1487661666,FENTANYL,GENDER_F,HYDROCODONE,OXYCODONE,SPCLTY_Family Practice,STATE_MO,TRAMADOL
1487662581,GENDER_F,HYDROCODONE,SPCLTY_Family Practice,STATE_WA,,,
1487666178,GENDER_F,HYDROCODONE,OXYCODONE,SPCLTY_Physician Assistant,STATE_VA,TRAMADOL,
1487666194,GENDER_F,HYDROCODONE,OXYCODONE,SPCLTY_Internal Medicine,STATE_MA,TRAMADOL,
1487667424,GENDER_M,HYDROCODONE,OXYCODONE,SPCLTY_Urology,STATE_NC,,
1487670683,GENDER_F,OXYCODONE,SPCLTY_General Surgery,STATE_FL,,,
1487671442,GENDER_M,SPCLTY_Gastroenterology,STATE_MI,TRAMADOL,,,
1487676706,FENTANYL,GENDER_M,HYDROCODONE,SPCLTY_Family Practice,STATE_IN,TRAMADOL,
1487679361,GENDER_M,HYDROCODONE,SPCLTY_Neurology,STATE_CA,TRAMADOL,,
1487680195,FENTANYL,GENDER_F,HYDROCODONE,OXYCODONE,SPCLTY_Nurse Practitioner,STATE_IA,TRAMADOL
1487680740,GENDER_M,HYDROCODONE,SPCLTY_Family Practice,STATE_MI,TRAMADOL,,
1487681011,GENDER_M,HYDROCODONE,SPCLTY_Dentist,STATE_OK,,,
1487681102,GENDER_M,HYDROCODONE,SPCLTY_General Surgery,STATE_UT,,,
1487681417,GENDER_M,HYDROCODONE,OXYCODONE,SPCLTY_Family Practice,STATE_CA,TRAMADOL,
1487681748,GENDER_F,HYDROCODONE,SPCLTY_Nurse Practitioner,STATE_KY,TRAMADOL,,
1487685665,GENDER_M,OXYCODONE,SPCLTY_Dentist,STATE_NY,,,
1487685939,GENDER_M,HYDROCODONE,SPCLTY_Podiatry,STATE_CA,,,
1487687828,GENDER_F,HYDROCODONE,SPCLTY_Emergency Medicine,STATE_CA,TRAMADOL,,
1487688909,GENDER_M,HYDROCODONE,SPCLTY_Physician Assistant,STATE_NY,,,
1487690913,GENDER_M,HYDROCODONE,SPCLTY_Family Practice,STATE_MO,TRAMADOL,,
1487691234,GENDER_F,HYDROCODONE,SPCLTY_Anesthesiology,STATE_OK,TRAMADOL,,
1487692372,GENDER_M,HYDROCODONE,SPCLTY_Family Practice,STATE_CA,TRAMADOL,,
1487695904,FENTANYL,GENDER_M,HYDROCODONE,OXYCODONE,SPCLTY_Internal Medicine,STATE_TN,TRAMADOL
1487696092,GENDER_M,HYDROCODONE,OXYCODONE,SPCLTY_Urology,STATE_WA,,
1487703450,GENDER_M,HYDROCODONE,SPCLTY_Neurology,STATE_OR,,,
1487708624,GENDER_M,SPCLTY_Emergency Medicine,STATE_TX,TRAMADOL,,,
1487711263,GENDER_M,HYDROCODONE,SPCLTY_Dentist,STATE_GA,,,
1487712030,GENDER_F,HYDROCODONE,SPCLTY_Dentist,STATE_TX,,,
1487712824,GENDER_M,SPCLTY_Podiatry,STATE_NC,TRAMADOL,,,
1487713913,GENDER_F,OXYCODONE,SPCLTY_Hematology/Oncology,STATE_CT,,,
1487716791,FENTANYL,GENDER_M,OXYCODONE,SPCLTY_Internal Medicine,STATE_NY,,
1487721338,GENDER_M,HYDROCODONE,SPCLTY_Family Practice,STATE_CA,,,
1487723144,GENDER_M,HYDROCODONE,OXYCODONE,SPCLTY_Family Practice,STATE_CA,,
1487724142,GENDER_M,HYDROCODONE,OXYCODONE,SPCLTY_Orthopedic Surgery,STATE_NC,TRAMADOL,
1487727723,GENDER_M,OXYCODONE,SPCLTY_Medical Oncology,STATE_NY,,,
1487732384,GENDER_M,HYDROCODONE,SPCLTY_Nephrology,STATE_IL,TRAMADOL,,
1487740312,GENDER_F,HYDROCODONE,SPCLTY_Family Practice,STATE_MO,TRAMADOL,,
1487740460,FENTANYL,GENDER_M,HYDROCODONE,OXYCODONE,SPCLTY_Family Practice,STATE_NV,TRAMADOL
1487741062,GENDER_M,OXYCODONE,SPCLTY_Neurology,STATE_DE,,,
1487744934,FENTANYL,GENDER_M,HYDROCODONE,OXYCODONE,SPCLTY_Family Practice,STATE_CT,TRAMADOL
1487747366,GENDER_M,HYDROCODONE,SPCLTY_Physician Assistant,STATE_PA,,,
1487747705,FENTANYL,GENDER_M,HYDROCODONE,SPCLTY_General Practice,STATE_TX,TRAMADOL,
1487748745,FENTANYL,GENDER_M,HYDROCODONE,OXYCODONE,SPCLTY_Family Practice,STATE_TN,TRAMADOL
1487748927,FENTANYL,GENDER_F,HYDROCODONE,SPCLTY_Family Practice,STATE_CA,,
1487750253,FENTANYL,GENDER_M,HYDROCODONE,OXYCODONE,SPCLTY_Internal Medicine,STATE_OH,TRAMADOL
1487755492,GENDER_M,HYDROCODONE,SPCLTY_Emergency Medicine,STATE_CA,,,
1487761961,GENDER_M,HYDROCODONE,SPCLTY_Cardiology,STATE_TX,TRAMADOL,,
1487762357,GENDER_F,OXYCODONE,SPCLTY_Emergency Medicine,STATE_SC,,,
1487762647,GENDER_M,HYDROCODONE,SPCLTY_Nephrology,STATE_CA,,,
1487763538,GENDER_F,HYDROCODONE,SPCLTY_Family Practice,STATE_GA,TRAMADOL,,
1487765293,GENDER_M,HYDROCODONE,OXYCODONE,SPCLTY_Family Practice,STATE_KY,TRAMADOL,
1487767224,GENDER_M,HYDROCODONE,SPCLTY_Family Practice,STATE_AL,TRAMADOL,,
1487768883,GENDER_F,HYDROCODONE,SPCLTY_Dermatology,STATE_GA,,,
1487787974,GENDER_M,HYDROCODONE,SPCLTY_Thoracic Surgery,STATE_TN,,,
1487796199,GENDER_M,HYDROCODONE,SPCLTY_Family Practice,STATE_OK,,,
1487812293,GENDER_F,HYDROCODONE,OXYCODONE,SPCLTY_Physician Assistant,STATE_NY,TRAMADOL,
1487815403,GENDER_M,HYDROCODONE,OXYCODONE,SPCLTY_Internal Medicine,STATE_WV,,
1487817854,GENDER_M,HYDROCODONE,OXYCODONE,SPCLTY_Internal Medicine,STATE_MS,TRAMADOL,
1487819058,GENDER_F,HYDROCODONE,SPCLTY_Otolaryngology,STATE_CA,,,
1487821898,GENDER_M,HYDROCODONE,OXYCODONE,SPCLTY_Family Practice,STATE_LA,TRAMADOL,
1487831491,GENDER_F,HYDROCODONE,OXYCODONE,SPCLTY_Physician Assistant,STATE_CA,TRAMADOL,
1487834560,FENTANYL,GENDER_M,HYDROCODONE,OXYCODONE,SPCLTY_Physical Medicine and,STATE_CA,TRAMADOL
1487837514,GENDER_F,SPCLTY_Nurse Practitioner,STATE_SC,TRAMADOL,,,
1487841177,GENDER_M,HYDROCODONE,SPCLTY_Orthopedic Surgery,STATE_CA,,,
1487850244,GENDER_F,HYDROCODONE,SPCLTY_Nurse Practitioner,STATE_CA,,,
1487854667,GENDER_F,HYDROCODONE,SPCLTY_Neurology,STATE_TX,TRAMADOL,,
1487856621,GENDER_F,OXYCODONE,SPCLTY_Surgical Oncology,STATE_FL,,,
1487866976,GENDER_M,HYDROCODONE,SPCLTY_Emergency Medicine,STATE_MI,,,
1487875977,GENDER_M,HYDROCODONE,SPCLTY_Pulmonary Disease,STATE_FL,,,
1487880308,GENDER_M,HYDROCODONE,SPCLTY_Emergency Medicine,STATE_TX,TRAMADOL,,
1487888004,GENDER_F,OXYCODONE,SPCLTY_Nurse Practitioner,STATE_OH,,,
1487895405,GENDER_F,HYDROCODONE,SPCLTY_Nurse Practitioner,STATE_HI,TRAMADOL,,
1487910600,GENDER_M,OXYCODONE,SPCLTY_Urology,STATE_MD,,,
1487914172,GENDER_F,HYDROCODONE,SPCLTY_Family Practice,STATE_OH,,,
1487941449,GENDER_M,HYDROCODONE,SPCLTY_Dentist,STATE_AL,,,
1487941803,GENDER_F,HYDROCODONE,OXYCODONE,SPCLTY_Physician Assistant,STATE_MN,,
1487956264,GENDER_F,HYDROCODONE,SPCLTY_Nurse Practitioner,STATE_OH,TRAMADOL,,
1487956728,GENDER_F,OXYCODONE,SPCLTY_Emergency Medicine,STATE_NJ,,,
1487960910,GENDER_M,HYDROCODONE,OXYCODONE,SPCLTY_Physician Assistant,STATE_CA,,
1487967972,FENTANYL,GENDER_F,OXYCODONE,SPCLTY_Internal Medicine,STATE_NJ,,
1487971107,GENDER_M,HYDROCODONE,SPCLTY_Internal Medicine,STATE_SC,TRAMADOL,,
1487974176,GENDER_M,HYDROCODONE,SPCLTY_Student in an Organiz,STATE_NC,,,
1487974184,FENTANYL,GENDER_M,HYDROCODONE,OXYCODONE,SPCLTY_Internal Medicine,STATE_MI,TRAMADOL
1487987616,GENDER_F,OXYCODONE,SPCLTY_Physician Assistant,STATE_MD,,,
1497003750,GENDER_F,SPCLTY_Physician Assistant,STATE_CA,TRAMADOL,,,
1497016794,GENDER_M,HYDROCODONE,SPCLTY_Student in an Organiz,STATE_AL,,,
1497024863,GENDER_F,OXYCODONE,SPCLTY_Internal Medicine,STATE_NY,,,
1497035810,GENDER_F,HYDROCODONE,SPCLTY_Physician Assistant,STATE_WA,,,
1497043103,GENDER_F,HYDROCODONE,SPCLTY_Emergency Medicine,STATE_MI,,,
1497043186,GENDER_F,OXYCODONE,SPCLTY_Student in an Organiz,STATE_OH,,,
1497049415,GENDER_M,HYDROCODONE,OXYCODONE,SPCLTY_Family Practice,STATE_WA,,
1497049753,GENDER_M,OXYCODONE,SPCLTY_Student in an Organiz,STATE_MA,,,
1497052468,GENDER_F,HYDROCODONE,SPCLTY_Emergency Medicine,STATE_WI,,,
1497073878,GENDER_M,HYDROCODONE,SPCLTY_Family Practice,STATE_TX,,,
1497093256,GENDER_F,HYDROCODONE,SPCLTY_Physician Assistant,STATE_OK,,,
1497160162,GENDER_M,OXYCODONE,SPCLTY_General Surgery,STATE_MA,,,
1497184709,GENDER_F,HYDROCODONE,SPCLTY_Physician Assistant,STATE_CT,,,
1497198873,GENDER_M,HYDROCODONE,SPCLTY_Student in an Organiz,STATE_IA,,,
1497701189,GENDER_M,HYDROCODONE,OXYCODONE,SPCLTY_Orthopedic Surgery,STATE_VA,TRAMADOL,
1497702484,GENDER_F,SPCLTY_Rheumatology,STATE_MI,TRAMADOL,,,
1497703193,GENDER_M,HYDROCODONE,OXYCODONE,SPCLTY_Internal Medicine,STATE_GA,,
1497706519,GENDER_M,OXYCODONE,SPCLTY_Emergency Medicine,STATE_MA,TRAMADOL,,
1497706949,FENTANYL,GENDER_M,HYDROCODONE,OXYCODONE,SPCLTY_Family Practice,STATE_WI,TRAMADOL
1497707434,GENDER_M,HYDROCODONE,OXYCODONE,SPCLTY_Urology,STATE_PA,,
1497708556,GENDER_M,HYDROCODONE,OXYCODONE,SPCLTY_Internal Medicine,STATE_IL,TRAMADOL,
1497709612,GENDER_M,HYDROCODONE,OXYCODONE,SPCLTY_Neurology,STATE_PA,TRAMADOL,
1497712236,GENDER_M,HYDROCODONE,OXYCODONE,SPCLTY_Emergency Medicine,STATE_AL,,
1497712277,GENDER_M,HYDROCODONE,OXYCODONE,SPCLTY_Internal Medicine,STATE_NC,TRAMADOL,
1497712368,GENDER_M,HYDROCODONE,OXYCODONE,SPCLTY_Internal Medicine,STATE_TN,TRAMADOL,
1497714828,GENDER_M,HYDROCODONE,SPCLTY_Physician Assistant,STATE_CT,,,
1497715130,GENDER_F,HYDROCODONE,SPCLTY_Nurse Practitioner,STATE_MI,,,
1497718613,FENTANYL,GENDER_M,HYDROCODONE,OXYCODONE,SPCLTY_Pain Management,STATE_MD,TRAMADOL
1497720221,FENTANYL,GENDER_M,HYDROCODONE,OXYCODONE,SPCLTY_Family Practice,STATE_AR,TRAMADOL
1497720304,GENDER_F,HYDROCODONE,OXYCODONE,SPCLTY_Family Practice,STATE_WA,,
1497721062,GENDER_M,SPCLTY_General Practice,STATE_NJ,TRAMADOL,,,
1497721625,GENDER_M,HYDROCODONE,SPCLTY_Family Practice,STATE_OR,,,
1497723217,GENDER_F,HYDROCODONE,SPCLTY_Physician Assistant,STATE_ID,,,
1497723324,GENDER_M,HYDROCODONE,OXYCODONE,SPCLTY_Podiatry,STATE_NC,,
1497724678,GENDER_M,HYDROCODONE,SPCLTY_General Practice,STATE_IN,TRAMADOL,,
1497725766,GENDER_M,HYDROCODONE,SPCLTY_Maxillofacial Surgery,STATE_OH,,,
1497726699,GENDER_M,OXYCODONE,SPCLTY_General Surgery,STATE_NY,,,
1497726822,GENDER_F,HYDROCODONE,SPCLTY_Family Practice,STATE_GA,TRAMADOL,,
1497727465,GENDER_M,HYDROCODONE,SPCLTY_Internal Medicine,STATE_CA,,,
1497729222,GENDER_M,HYDROCODONE,OXYCODONE,SPCLTY_Family Practice,STATE_OH,TRAMADOL,
1497730253,GENDER_F,OXYCODONE,SPCLTY_Nurse Practitioner,STATE_PA,,,
1497732564,GENDER_M,SPCLTY_Family Practice,STATE_CT,TRAMADOL,,,
1497733216,GENDER_M,OXYCODONE,SPCLTY_Hematology/Oncology,STATE_MN,TRAMADOL,,
1497733414,GENDER_M,HYDROCODONE,OXYCODONE,SPCLTY_Physician Assistant,STATE_NM,TRAMADOL,
1497734297,GENDER_F,HYDROCODONE,SPCLTY_Plastic Surgery,STATE_CA,,,
1497736995,GENDER_M,HYDROCODONE,SPCLTY_Nurse Practitioner,STATE_LA,,,
1497737480,GENDER_M,HYDROCODONE,SPCLTY_Orthopedic Surgery,STATE_CA,TRAMADOL,,
1497738306,FENTANYL,GENDER_M,HYDROCODONE,OXYCODONE,SPCLTY_Family Practice,STATE_CA,TRAMADOL
1497739619,GENDER_M,HYDROCODONE,SPCLTY_General Surgery,STATE_VA,,,
1497739635,GENDER_M,HYDROCODONE,OXYCODONE,SPCLTY_Internal Medicine,STATE_NY,TRAMADOL,
1497741573,GENDER_M,HYDROCODONE,SPCLTY_Anesthesiology,STATE_FL,TRAMADOL,,
1497741987,GENDER_F,HYDROCODONE,SPCLTY_Internal Medicine,STATE_VA,TRAMADOL,,
1497745616,GENDER_F,HYDROCODONE,SPCLTY_Internal Medicine,STATE_PA,TRAMADOL,,
1497745913,GENDER_F,HYDROCODONE,SPCLTY_Neurology,STATE_VA,,,
1497746069,GENDER_F,HYDROCODONE,SPCLTY_Family Practice,STATE_TX,TRAMADOL,,
1497746150,GENDER_M,HYDROCODONE,OXYCODONE,SPCLTY_Internal Medicine,STATE_MA,TRAMADOL,
1497746689,FENTANYL,GENDER_M,HYDROCODONE,OXYCODONE,SPCLTY_Family Practice,STATE_IA,TRAMADOL
1497749147,GENDER_F,HYDROCODONE,SPCLTY_Nurse Practitioner,STATE_TX,TRAMADOL,,
1497749592,GENDER_F,HYDROCODONE,OXYCODONE,SPCLTY_Infectious Disease,STATE_MD,,
1497750905,FENTANYL,GENDER_F,HYDROCODONE,OXYCODONE,SPCLTY_Family Practice,STATE_PA,TRAMADOL
1497752505,GENDER_M,SPCLTY_Family Practice,STATE_VA,TRAMADOL,,,
1497753271,FENTANYL,GENDER_M,HYDROCODONE,OXYCODONE,SPCLTY_Internal Medicine,STATE_ME,TRAMADOL
1497754097,GENDER_F,OXYCODONE,SPCLTY_Internal Medicine,STATE_NJ,TRAMADOL,,
1497754204,GENDER_M,HYDROCODONE,SPCLTY_Vascular Surgery,STATE_AL,TRAMADOL,,
1497754428,GENDER_M,HYDROCODONE,SPCLTY_Family Practice,STATE_NY,,,
1497755540,GENDER_F,HYDROCODONE,SPCLTY_Family Practice,STATE_OK,,,
1497765325,FENTANYL,GENDER_M,HYDROCODONE,SPCLTY_Pulmonary Disease,STATE_MN,TRAMADOL,
1497765598,GENDER_M,HYDROCODONE,OXYCODONE,SPCLTY_General Surgery,STATE_WV,,
1497766810,GENDER_M,HYDROCODONE,SPCLTY_Emergency Medicine,STATE_NE,,,
1497772354,GENDER_F,HYDROCODONE,SPCLTY_Physician Assistant,STATE_ND,TRAMADOL,,
1497775803,GENDER_M,OXYCODONE,SPCLTY_Geriatric Medicine,STATE_MA,,,
1497776280,GENDER_M,HYDROCODONE,OXYCODONE,SPCLTY_Internal Medicine,STATE_KY,TRAMADOL,
1497778526,GENDER_M,SPCLTY_Pulmonary Disease,STATE_CA,TRAMADOL,,,
1497778633,GENDER_M,HYDROCODONE,OXYCODONE,SPCLTY_Neurosurgery,STATE_KY,TRAMADOL,
1497781645,GENDER_M,HYDROCODONE,OXYCODONE,SPCLTY_Orthopedic Surgery,STATE_NY,TRAMADOL,
1497783054,FENTANYL,GENDER_M,HYDROCODONE,OXYCODONE,SPCLTY_Internal Medicine,STATE_NY,TRAMADOL
1497785232,GENDER_M,HYDROCODONE,OXYCODONE,SPCLTY_Hematology,STATE_OH,,
1497790604,GENDER_M,OXYCODONE,SPCLTY_Physician Assistant,STATE_WA,,,
1497790869,GENDER_M,HYDROCODONE,SPCLTY_Family Practice,STATE_IL,,,
1497792980,GENDER_M,HYDROCODONE,SPCLTY_Orthopedic Surgery,STATE_MI,,,
1497793343,GENDER_F,HYDROCODONE,SPCLTY_Emergency Medicine,STATE_WI,,,
1497794291,GENDER_M,HYDROCODONE,OXYCODONE,SPCLTY_Physician Assistant,STATE_TN,TRAMADOL,
1497798359,GENDER_M,HYDROCODONE,SPCLTY_Emergency Medicine,STATE_GA,TRAMADOL,,
1497810006,GENDER_M,HYDROCODONE,SPCLTY_Dentist,STATE_MO,,,
1497814651,GENDER_M,HYDROCODONE,OXYCODONE,SPCLTY_Internal Medicine,STATE_MO,TRAMADOL,
1497824197,GENDER_M,HYDROCODONE,SPCLTY_Oral Surgery (dentist,STATE_CA,,,
1497827133,GENDER_F,HYDROCODONE,SPCLTY_Preferred Provider Or,STATE_CA,,,
1497831671,GENDER_M,HYDROCODONE,SPCLTY_Dentist,STATE_LA,,,
1497835680,GENDER_M,HYDROCODONE,OXYCODONE,SPCLTY_Hematology/Oncology,STATE_IN,TRAMADOL,
1497836597,GENDER_M,HYDROCODONE,OXYCODONE,SPCLTY_Oral Surgery (dentist,STATE_WA,,
1497836951,GENDER_F,OXYCODONE,SPCLTY_Physician Assistant,STATE_NH,,,
1497837090,GENDER_M,HYDROCODONE,OXYCODONE,SPCLTY_Internal Medicine,STATE_NY,TRAMADOL,
1497837132,GENDER_M,OXYCODONE,SPCLTY_Obstetrics/Gynecology,STATE_TN,,,
1497841563,GENDER_F,OXYCODONE,SPCLTY_Family Practice,STATE_MD,TRAMADOL,,
1497847503,GENDER_F,HYDROCODONE,OXYCODONE,SPCLTY_Nurse Practitioner,STATE_WA,,
1497850515,GENDER_M,HYDROCODONE,OXYCODONE,SPCLTY_General Surgery,STATE_TN,,
1497851042,GENDER_M,HYDROCODONE,SPCLTY_Neurology,STATE_FL,TRAMADOL,,
1497852495,GENDER_M,HYDROCODONE,OXYCODONE,SPCLTY_Dentist,STATE_AR,,
1497853592,GENDER_F,HYDROCODONE,SPCLTY_Internal Medicine,STATE_CA,TRAMADOL,,
1497853733,GENDER_M,HYDROCODONE,OXYCODONE,SPCLTY_Family Practice,STATE_AZ,,
1497857023,GENDER_M,HYDROCODONE,SPCLTY_Emergency Medicine,STATE_CA,,,
1497858062,GENDER_F,HYDROCODONE,SPCLTY_Family Practice,STATE_FL,TRAMADOL,,
1497858377,GENDER_F,HYDROCODONE,SPCLTY_Nurse Practitioner,STATE_DE,TRAMADOL,,
1497865067,GENDER_M,HYDROCODONE,OXYCODONE,SPCLTY_Internal Medicine,STATE_CO,TRAMADOL,
1497869556,GENDER_F,SPCLTY_Nurse Practitioner,STATE_AL,TRAMADOL,,,
1497875504,GENDER_F,HYDROCODONE,SPCLTY_Dentist,STATE_GA,,,
1497877955,GENDER_M,HYDROCODONE,SPCLTY_Dentist,STATE_CA,,,
1497887715,GENDER_M,HYDROCODONE,SPCLTY_Dentist,STATE_AL,,,
1497887723,GENDER_M,HYDROCODONE,SPCLTY_Family Practice,STATE_WA,,,
1497890701,GENDER_M,HYDROCODONE,OXYCODONE,SPCLTY_Hematology/Oncology,STATE_WI,TRAMADOL,
1497904304,GENDER_M,OXYCODONE,SPCLTY_Emergency Medicine,STATE_PA,,,
1497905913,FENTANYL,GENDER_M,HYDROCODONE,OXYCODONE,SPCLTY_Neurology,STATE_GA,TRAMADOL
1497912729,GENDER_M,HYDROCODONE,SPCLTY_Orthopedic Surgery,STATE_NY,TRAMADOL,,
1497915383,GENDER_F,OXYCODONE,SPCLTY_Colorectal Surgery (f,STATE_AZ,,,
1497918791,GENDER_F,HYDROCODONE,SPCLTY_Internal Medicine,STATE_MD,TRAMADOL,,
1497919161,GENDER_F,SPCLTY_Family Practice,STATE_OR,TRAMADOL,,,
1497921621,GENDER_M,HYDROCODONE,SPCLTY_Internal Medicine,STATE_MI,,,
1497923536,GENDER_M,HYDROCODONE,SPCLTY_Sports Medicine,STATE_TX,,,
1497927339,GENDER_F,HYDROCODONE,OXYCODONE,SPCLTY_Podiatry,STATE_NC,,
1497937007,GENDER_F,HYDROCODONE,SPCLTY_Orthopedic Surgery,STATE_MA,,,
1497949911,GENDER_M,HYDROCODONE,SPCLTY_Emergency Medicine,STATE_IL,,,
1497952253,GENDER_F,OXYCODONE,SPCLTY_General Surgery,STATE_TX,,,
1497953673,GENDER_M,OXYCODONE,SPCLTY_Ophthalmology,STATE_OK,,,
1497955074,GENDER_M,HYDROCODONE,OXYCODONE,SPCLTY_Physician Assistant,STATE_NC,,
1497957195,GENDER_M,HYDROCODONE,OXYCODONE,SPCLTY_Internal Medicine,STATE_FL,TRAMADOL,
1497959068,GENDER_F,HYDROCODONE,SPCLTY_Internal Medicine,STATE_TX,TRAMADOL,,
1497959696,FENTANYL,GENDER_F,HYDROCODONE,OXYCODONE,SPCLTY_Family Practice,STATE_NJ,TRAMADOL
1497963698,GENDER_M,HYDROCODONE,SPCLTY_Family Practice,STATE_TX,TRAMADOL,,
1497964266,GENDER_M,HYDROCODONE,OXYCODONE,SPCLTY_Dentist,STATE_LA,,
1497967194,GENDER_M,HYDROCODONE,SPCLTY_Internal Medicine,STATE_LA,,,
1497986418,GENDER_F,HYDROCODONE,SPCLTY_Orthopedic Surgery,STATE_FL,,,
1497989610,GENDER_F,HYDROCODONE,SPCLTY_Podiatry,STATE_IN,,,
1497991475,GENDER_F,OXYCODONE,SPCLTY_Physician Assistant,STATE_PA,,,
1497998215,GENDER_M,HYDROCODONE,SPCLTY_Internal Medicine,STATE_ID,TRAMADOL,,
1497999510,GENDER_F,HYDROCODONE,SPCLTY_Family Practice,STATE_OH,,,
1508002775,GENDER_M,OXYCODONE,SPCLTY_Colorectal Surgery (f,STATE_CA,,,
1508007451,GENDER_F,SPCLTY_Nephrology,STATE_AZ,TRAMADOL,,,
1508007824,GENDER_F,HYDROCODONE,OXYCODONE,SPCLTY_Physician Assistant,STATE_NY,,
1508012741,GENDER_F,HYDROCODONE,OXYCODONE,SPCLTY_Family Practice,STATE_CA,TRAMADOL,
1508014929,GENDER_F,OXYCODONE,SPCLTY_Emergency Medicine,STATE_IL,,,
1508019167,GENDER_F,HYDROCODONE,OXYCODONE,SPCLTY_Physician Assistant,STATE_CA,,
1508020918,GENDER_M,HYDROCODONE,OXYCODONE,SPCLTY_Family Practice,STATE_CO,TRAMADOL,
1508021353,FENTANYL,GENDER_M,HYDROCODONE,OXYCODONE,SPCLTY_Internal Medicine,STATE_WI,
1508022484,GENDER_M,HYDROCODONE,SPCLTY_Internal Medicine,STATE_TX,,,
1508025578,GENDER_F,HYDROCODONE,OXYCODONE,SPCLTY_Nurse Practitioner,STATE_CO,,
1508028937,GENDER_M,HYDROCODONE,SPCLTY_Cardiology,STATE_LA,,,
1508028986,GENDER_M,HYDROCODONE,SPCLTY_Dentist,STATE_LA,,,
1508035197,GENDER_M,HYDROCODONE,SPCLTY_Emergency Medicine,STATE_IN,,,
1508040304,GENDER_M,HYDROCODONE,OXYCODONE,SPCLTY_Orthopedic Surgery,STATE_CA,TRAMADOL,
1508058009,GENDER_M,HYDROCODONE,SPCLTY_Physician Assistant,STATE_WV,TRAMADOL,,
1508067885,GENDER_M,HYDROCODONE,SPCLTY_Family Practice,STATE_TX,,,
1508070244,GENDER_M,OXYCODONE,SPCLTY_Family Practice,STATE_WI,TRAMADOL,,
1508072224,GENDER_F,HYDROCODONE,SPCLTY_Family Practice,STATE_NJ,TRAMADOL,,
1508073198,GENDER_M,HYDROCODONE,SPCLTY_Physician Assistant,STATE_IL,,,
1508073362,GENDER_F,OXYCODONE,SPCLTY_Family Practice,STATE_NJ,TRAMADOL,,
1508077801,GENDER_F,HYDROCODONE,SPCLTY_Dermatology,STATE_FL,,,
1508078098,GENDER_M,HYDROCODONE,SPCLTY_Emergency Medicine,STATE_MI,,,
1508078932,GENDER_M,HYDROCODONE,OXYCODONE,SPCLTY_Emergency Medicine,STATE_OK,TRAMADOL,
1508082157,GENDER_F,HYDROCODONE,SPCLTY_Family Practice,STATE_CA,TRAMADOL,,
1508084690,GENDER_M,HYDROCODONE,SPCLTY_Hand Surgery,STATE_MO,,,
1508085119,GENDER_M,HYDROCODONE,SPCLTY_Dentist,STATE_WI,,,
1508087255,GENDER_M,HYDROCODONE,OXYCODONE,SPCLTY_Emergency Medicine,STATE_UT,,
1508092305,GENDER_M,HYDROCODONE,SPCLTY_Family Practice,STATE_IL,,,
1508095977,GENDER_M,HYDROCODONE,SPCLTY_General Surgery,STATE_OK,,,
1508118472,GENDER_F,HYDROCODONE,SPCLTY_Physician Assistant,STATE_IL,,,
1508121187,GENDER_F,HYDROCODONE,SPCLTY_Nurse Practitioner,STATE_NC,TRAMADOL,,
1508130436,GENDER_F,HYDROCODONE,SPCLTY_Dentist,STATE_FL,,,
1508131814,GENDER_M,SPCLTY_Student in an Organiz,STATE_LA,TRAMADOL,,,
1508138447,GENDER_M,HYDROCODONE,SPCLTY_Family Practice,STATE_CA,TRAMADOL,,
1508140047,GENDER_F,OXYCODONE,SPCLTY_Emergency Medicine,STATE_FL,,,
1508144239,GENDER_F,SPCLTY_Nurse Practitioner,STATE_WV,TRAMADOL,,,
1508145665,GENDER_F,OXYCODONE,SPCLTY_Podiatry,STATE_PA,,,
1508150723,GENDER_F,HYDROCODONE,SPCLTY_Plastic Surgery,STATE_PA,,,
1508151572,FENTANYL,GENDER_M,HYDROCODONE,OXYCODONE,SPCLTY_Physician Assistant,STATE_CA,TRAMADOL
1508157330,GENDER_M,HYDROCODONE,SPCLTY_Family Practice,STATE_MO,,,
1508157983,GENDER_F,HYDROCODONE,OXYCODONE,SPCLTY_Internal Medicine,STATE_OH,TRAMADOL,
1508158700,GENDER_M,OXYCODONE,SPCLTY_Student in an Organiz,STATE_NH,,,
1508171943,GENDER_F,HYDROCODONE,OXYCODONE,SPCLTY_Physician Assistant,STATE_TN,TRAMADOL,
1508177262,GENDER_F,HYDROCODONE,SPCLTY_Emergency Medicine,STATE_MI,,,
1508198094,GENDER_M,HYDROCODONE,OXYCODONE,SPCLTY_Nurse Practitioner,STATE_OH,TRAMADOL,
1508201963,FENTANYL,GENDER_F,HYDROCODONE,OXYCODONE,SPCLTY_Nurse Practitioner,STATE_KS,TRAMADOL
1508203621,GENDER_F,HYDROCODONE,OXYCODONE,SPCLTY_Nurse Practitioner,STATE_TN,TRAMADOL,
1508204058,GENDER_F,SPCLTY_Registered Nurse,STATE_CA,TRAMADOL,,,
1508204181,GENDER_M,HYDROCODONE,SPCLTY_General Surgery,STATE_MI,,,
1508291717,GENDER_M,HYDROCODONE,SPCLTY_Physician Assistant,STATE_IA,,,
1508801705,GENDER_M,SPCLTY_Nephrology,STATE_GA,TRAMADOL,,,
1508802216,FENTANYL,GENDER_F,HYDROCODONE,OXYCODONE,SPCLTY_Family Practice,STATE_OK,TRAMADOL
1508809203,GENDER_F,HYDROCODONE,SPCLTY_Emergency Medicine,STATE_MI,,,
1508809344,FENTANYL,GENDER_M,HYDROCODONE,OXYCODONE,SPCLTY_Family Practice,STATE_SC,TRAMADOL
1508816596,FENTANYL,GENDER_M,HYDROCODONE,OXYCODONE,SPCLTY_Nuclear Medicine,STATE_CA,TRAMADOL
1508818097,GENDER_M,SPCLTY_Anesthesiology,STATE_CT,TRAMADOL,,,
1508818253,GENDER_M,HYDROCODONE,SPCLTY_Pulmonary Disease,STATE_CA,TRAMADOL,,
1508819335,FENTANYL,GENDER_M,HYDROCODONE,OXYCODONE,SPCLTY_Family Practice,STATE_MO,TRAMADOL
1508819434,GENDER_M,HYDROCODONE,SPCLTY_Cardiology,STATE_MI,,,
1508822370,GENDER_M,OXYCODONE,SPCLTY_Internal Medicine,STATE_PR,TRAMADOL,,
1508823410,GENDER_M,HYDROCODONE,OXYCODONE,SPCLTY_Orthopedic Surgery,STATE_MN,TRAMADOL,
1508824368,GENDER_M,HYDROCODONE,SPCLTY_Family Practice,STATE_CA,,,
1508827494,GENDER_M,HYDROCODONE,SPCLTY_Dentist,STATE_VA,,,
1508828948,FENTANYL,GENDER_M,HYDROCODONE,SPCLTY_Family Practice,STATE_MN,TRAMADOL,
1508829177,FENTANYL,GENDER_M,HYDROCODONE,OXYCODONE,SPCLTY_Hematology/Oncology,STATE_MO,TRAMADOL
1508829706,GENDER_F,HYDROCODONE,OXYCODONE,SPCLTY_Nurse Practitioner,STATE_VA,TRAMADOL,
1508832528,GENDER_M,HYDROCODONE,SPCLTY_Family Practice,STATE_AL,TRAMADOL,,
1508833500,GENDER_M,HYDROCODONE,SPCLTY_Family Practice,STATE_IL,TRAMADOL,,
1508834482,GENDER_M,HYDROCODONE,SPCLTY_Neurosurgery,STATE_CA,,,
1508837626,FENTANYL,GENDER_M,HYDROCODONE,OXYCODONE,SPCLTY_General Practice,STATE_MI,TRAMADOL
1508840216,GENDER_F,HYDROCODONE,SPCLTY_General Surgery,STATE_ME,TRAMADOL,,
1508840315,GENDER_M,HYDROCODONE,SPCLTY_Vascular Surgery,STATE_MI,,,
1508841453,GENDER_M,HYDROCODONE,SPCLTY_Plastic and Reconstru,STATE_CA,,,
1508843053,GENDER_M,HYDROCODONE,OXYCODONE,SPCLTY_Neurosurgery,STATE_VA,TRAMADOL,
1508843400,GENDER_M,SPCLTY_Rheumatology,STATE_IL,TRAMADOL,,,
1508843616,GENDER_M,HYDROCODONE,OXYCODONE,SPCLTY_Physician Assistant,STATE_VA,TRAMADOL,
1508846866,GENDER_F,HYDROCODONE,OXYCODONE,SPCLTY_Family Practice,STATE_FL,TRAMADOL,
1508847856,GENDER_M,HYDROCODONE,OXYCODONE,SPCLTY_Family Practice,STATE_AL,TRAMADOL,
1508848904,GENDER_F,SPCLTY_Nurse Practitioner,STATE_FL,TRAMADOL,,,
1508850991,FENTANYL,GENDER_M,HYDROCODONE,OXYCODONE,SPCLTY_Internal Medicine,STATE_MD,TRAMADOL
1508851601,GENDER_M,HYDROCODONE,OXYCODONE,SPCLTY_Internal Medicine,STATE_RI,TRAMADOL,
1508853078,GENDER_F,HYDROCODONE,SPCLTY_Family Practice,STATE_VA,TRAMADOL,,
1508855727,GENDER_M,OXYCODONE,SPCLTY_Family Practice,STATE_VA,,,
1508862046,GENDER_M,OXYCODONE,SPCLTY_General Surgery,STATE_MA,TRAMADOL,,
1508865619,FENTANYL,GENDER_M,HYDROCODONE,OXYCODONE,SPCLTY_Family Practice,STATE_OH,TRAMADOL
1508866237,FENTANYL,GENDER_M,HYDROCODONE,OXYCODONE,SPCLTY_Internal Medicine,STATE_FL,TRAMADOL
1508866559,GENDER_F,HYDROCODONE,SPCLTY_Family Practice,STATE_IL,,,
1508867474,GENDER_M,HYDROCODONE,OXYCODONE,SPCLTY_Urology,STATE_NC,,
1508869181,GENDER_M,HYDROCODONE,SPCLTY_Emergency Medicine,STATE_MO,,,
1508869900,GENDER_M,HYDROCODONE,SPCLTY_Family Practice,STATE_IN,TRAMADOL,,
1508872037,GENDER_M,HYDROCODONE,SPCLTY_Family Practice,STATE_FL,TRAMADOL,,
1508873027,GENDER_F,HYDROCODONE,OXYCODONE,SPCLTY_Family Practice,STATE_PA,TRAMADOL,
1508873886,GENDER_M,HYDROCODONE,SPCLTY_Emergency Medicine,STATE_TX,,,
1508874074,GENDER_M,HYDROCODONE,OXYCODONE,SPCLTY_Family Practice,STATE_OR,,
1508876350,GENDER_M,OXYCODONE,SPCLTY_Gastroenterology,STATE_UT,,,
1508876590,GENDER_M,HYDROCODONE,OXYCODONE,SPCLTY_Internal Medicine,STATE_OK,TRAMADOL,
1508880071,GENDER_M,HYDROCODONE,SPCLTY_Emergency Medicine,STATE_TX,,,
1508885013,GENDER_M,HYDROCODONE,OXYCODONE,SPCLTY_Family Practice,STATE_MN,TRAMADOL,
1508886060,GENDER_M,HYDROCODONE,OXYCODONE,SPCLTY_Internal Medicine,STATE_MO,TRAMADOL,
1508886219,GENDER_F,HYDROCODONE,SPCLTY_Internal Medicine,STATE_NY,TRAMADOL,,
1508889312,GENDER_M,HYDROCODONE,SPCLTY_Physician Assistant,STATE_LA,,,
1508889411,GENDER_M,HYDROCODONE,SPCLTY_Sports Medicine,STATE_IL,,,
1508889577,GENDER_M,HYDROCODONE,SPCLTY_Orthopaedic Surgery,STATE_MO,,,
1508890989,GENDER_M,HYDROCODONE,OXYCODONE,SPCLTY_Internal Medicine,STATE_AR,TRAMADOL,
1508892811,GENDER_F,SPCLTY_Family Practice,STATE_OH,TRAMADOL,,,
1508894841,GENDER_F,HYDROCODONE,SPCLTY_Family Practice,STATE_WA,TRAMADOL,,
1508895038,GENDER_M,HYDROCODONE,SPCLTY_Dentist,STATE_FL,,,
1508897133,GENDER_M,OXYCODONE,SPCLTY_Ophthalmology,STATE_FL,,,
1508897794,GENDER_M,OXYCODONE,SPCLTY_Emergency Medicine,STATE_VA,TRAMADOL,,
1508919945,GENDER_M,HYDROCODONE,OXYCODONE,SPCLTY_Family Practice,STATE_AZ,,
1508930231,GENDER_M,HYDROCODONE,SPCLTY_Emergency Medicine,STATE_LA,,,
1508931650,GENDER_M,HYDROCODONE,OXYCODONE,SPCLTY_Family Practice,STATE_IN,TRAMADOL,
1508936592,GENDER_M,HYDROCODONE,SPCLTY_Urology,STATE_CA,,,
1508939661,GENDER_M,HYDROCODONE,OXYCODONE,SPCLTY_Emergency Medicine,STATE_MO,,
1508941857,GENDER_M,HYDROCODONE,SPCLTY_Internal Medicine,STATE_GA,TRAMADOL,,
1508950213,GENDER_M,HYDROCODONE,SPCLTY_Neurology,STATE_CA,,,
1508951757,GENDER_F,HYDROCODONE,SPCLTY_Physician Assistant,STATE_MI,,,
1508954017,GENDER_M,HYDROCODONE,SPCLTY_Family Practice,STATE_CA,,,
1508954744,GENDER_M,HYDROCODONE,SPCLTY_Emergency Medicine,STATE_TX,TRAMADOL,,
1508956079,GENDER_M,HYDROCODONE,OXYCODONE,SPCLTY_Geriatric Medicine,STATE_AR,TRAMADOL,
1508960923,GENDER_M,HYDROCODONE,SPCLTY_Emergency Medicine,STATE_SC,TRAMADOL,,
1508966920,GENDER_M,HYDROCODONE,OXYCODONE,SPCLTY_Internal Medicine,STATE_AL,TRAMADOL,
1508967464,GENDER_M,HYDROCODONE,SPCLTY_Dentist,STATE_TX,,,
1508968249,GENDER_M,HYDROCODONE,SPCLTY_Family Practice,STATE_PA,TRAMADOL,,
1508968611,GENDER_F,SPCLTY_Physician Assistant,STATE_FL,TRAMADOL,,,
1508969213,FENTANYL,GENDER_M,HYDROCODONE,OXYCODONE,SPCLTY_Obstetrics/Gynecology,STATE_MS,TRAMADOL
1508969973,FENTANYL,GENDER_M,HYDROCODONE,SPCLTY_Family Practice,STATE_ID,TRAMADOL,
1508971664,GENDER_M,HYDROCODONE,SPCLTY_Internal Medicine,STATE_TX,TRAMADOL,,
1508973447,FENTANYL,GENDER_M,HYDROCODONE,OXYCODONE,SPCLTY_Hematology/Oncology,STATE_AZ,
1508975350,GENDER_M,OXYCODONE,SPCLTY_General Surgery,STATE_NJ,TRAMADOL,,
1508978214,FENTANYL,GENDER_M,HYDROCODONE,OXYCODONE,SPCLTY_Internal Medicine,STATE_TX,TRAMADOL
1508979501,GENDER_M,HYDROCODONE,SPCLTY_Orthopedic Surgery,STATE_CA,,,
1508982414,GENDER_F,HYDROCODONE,SPCLTY_Internal Medicine,STATE_VA,TRAMADOL,,
1518001551,GENDER_M,OXYCODONE,SPCLTY_Internal Medicine,STATE_NV,,,
1518017581,GENDER_M,OXYCODONE,SPCLTY_Internal Medicine,STATE_CA,,,
1518018514,GENDER_F,SPCLTY_Nurse Practitioner,STATE_MO,TRAMADOL,,,
1518019249,GENDER_M,HYDROCODONE,SPCLTY_Emergency Medicine,STATE_FL,,,
1518021641,GENDER_M,HYDROCODONE,SPCLTY_Dentist,STATE_KY,,,
1518031509,GENDER_M,HYDROCODONE,SPCLTY_Dentist,STATE_GA,,,
1518032002,GENDER_M,SPCLTY_Nurse Practitioner,STATE_AL,TRAMADOL,,,
1518033158,GENDER_F,HYDROCODONE,OXYCODONE,SPCLTY_Family Practice,STATE_GA,TRAMADOL,
1518033562,GENDER_M,HYDROCODONE,OXYCODONE,SPCLTY_Dentist,STATE_MO,,
1518034735,FENTANYL,GENDER_M,HYDROCODONE,OXYCODONE,SPCLTY_Family Practice,STATE_CA,TRAMADOL
1518036326,GENDER_M,HYDROCODONE,SPCLTY_Family Practice,STATE_VA,,,
1518042282,FENTANYL,GENDER_M,HYDROCODONE,OXYCODONE,SPCLTY_Psychiatry,STATE_WA,
1518042654,GENDER_M,HYDROCODONE,SPCLTY_Physician Assistant,STATE_MI,TRAMADOL,,
1518043298,GENDER_F,OXYCODONE,SPCLTY_Podiatry,STATE_WA,,,
1518047679,GENDER_M,HYDROCODONE,SPCLTY_Dentist,STATE_MO,,,
1518048719,GENDER_M,HYDROCODONE,OXYCODONE,SPCLTY_General Practice,STATE_GA,,
1518049832,GENDER_M,OXYCODONE,SPCLTY_Urology,STATE_NJ,,,
1518052364,GENDER_M,HYDROCODONE,SPCLTY_Family Practice,STATE_TX,TRAMADOL,,
1518058551,GENDER_M,HYDROCODONE,SPCLTY_Urology,STATE_MT,,,
1518060409,GENDER_M,SPCLTY_General Practice,STATE_FL,TRAMADOL,,,
1518062587,GENDER_M,HYDROCODONE,SPCLTY_Plastic and Reconstru,STATE_MT,,,
1518066216,GENDER_M,SPCLTY_Endocrinology,STATE_PR,TRAMADOL,,,
1518070580,GENDER_M,HYDROCODONE,OXYCODONE,SPCLTY_Emergency Medicine,STATE_FL,TRAMADOL,
1518071323,FENTANYL,GENDER_M,HYDROCODONE,SPCLTY_Internal Medicine,STATE_IL,TRAMADOL,
1518072578,GENDER_M,SPCLTY_Internal Medicine,STATE_MA,TRAMADOL,,,
1518073170,GENDER_M,HYDROCODONE,SPCLTY_Internal Medicine,STATE_ME,TRAMADOL,,
1518074780,GENDER_M,HYDROCODONE,SPCLTY_Neurology,STATE_OK,,,
1518080787,GENDER_M,HYDROCODONE,SPCLTY_Dentist,STATE_MI,,,
1518086560,FENTANYL,GENDER_M,HYDROCODONE,OXYCODONE,SPCLTY_Pain Management,STATE_MI,
1518090760,GENDER_M,HYDROCODONE,SPCLTY_Emergency Medicine,STATE_CA,,,
1518092311,GENDER_M,HYDROCODONE,OXYCODONE,SPCLTY_Emergency Medicine,STATE_KY,,
1518099274,GENDER_M,HYDROCODONE,SPCLTY_Oral Surgery (dentist,STATE_NC,,,
1518103811,GENDER_M,OXYCODONE,SPCLTY_Hematology/Oncology,STATE_NC,,,
1518114891,GENDER_M,HYDROCODONE,SPCLTY_Physician Assistant,STATE_MI,,,
1518124627,GENDER_M,HYDROCODONE,SPCLTY_Emergency Medicine,STATE_PA,,,
1518130525,GENDER_M,HYDROCODONE,OXYCODONE,SPCLTY_Family Practice,STATE_TN,,
1518133297,GENDER_F,OXYCODONE,SPCLTY_Emergency Medicine,STATE_MI,,,
1518133842,GENDER_F,HYDROCODONE,SPCLTY_Nephrology,STATE_OK,,,
1518138858,GENDER_M,HYDROCODONE,SPCLTY_Dentist,STATE_OH,,,
1518143676,GENDER_M,HYDROCODONE,OXYCODONE,SPCLTY_Orthopedic Surgery,STATE_GA,TRAMADOL,
1518145010,GENDER_F,SPCLTY_Internal Medicine,STATE_MD,TRAMADOL,,,
1518149228,GENDER_M,HYDROCODONE,OXYCODONE,SPCLTY_Geriatric Medicine,STATE_NC,TRAMADOL,
1518152446,FENTANYL,GENDER_M,HYDROCODONE,SPCLTY_Physician Assistant,STATE_IL,TRAMADOL,
1518160639,GENDER_F,HYDROCODONE,SPCLTY_Naturopath,STATE_OR,TRAMADOL,,
1518167915,GENDER_M,HYDROCODONE,SPCLTY_Dentist,STATE_AZ,,,
1518170380,GENDER_F,HYDROCODONE,SPCLTY_Family Practice,STATE_TX,TRAMADOL,,
1518170927,FENTANYL,GENDER_F,HYDROCODONE,OXYCODONE,SPCLTY_Anesthesiology,STATE_OK,TRAMADOL
1518179332,GENDER_F,HYDROCODONE,SPCLTY_Physician Assistant,STATE_NY,,,
1518180272,GENDER_M,HYDROCODONE,SPCLTY_Urology,STATE_KY,,,
1518183847,GENDER_F,SPCLTY_Rheumatology,STATE_NY,TRAMADOL,,,
1518201300,GENDER_F,HYDROCODONE,SPCLTY_Nurse Practitioner,STATE_FL,TRAMADOL,,
1518204106,GENDER_F,SPCLTY_Physician Assistant,STATE_GA,TRAMADOL,,,
1518215706,GENDER_F,HYDROCODONE,SPCLTY_Nurse Practitioner,STATE_AZ,TRAMADOL,,
1518216274,GENDER_F,OXYCODONE,SPCLTY_Physician Assistant,STATE_NJ,,,
1518216514,GENDER_F,HYDROCODONE,OXYCODONE,SPCLTY_Nurse Practitioner,STATE_VA,TRAMADOL,
1518219401,GENDER_M,HYDROCODONE,SPCLTY_Physician Assistant,STATE_IL,,,
1518220862,GENDER_M,HYDROCODONE,SPCLTY_Emergency Medicine,STATE_AR,TRAMADOL,,
1518224401,GENDER_M,HYDROCODONE,SPCLTY_Student in an Organiz,STATE_OH,,,
1518236272,GENDER_F,HYDROCODONE,SPCLTY_Emergency Medicine,STATE_CA,,,
1518242544,GENDER_F,HYDROCODONE,SPCLTY_Nurse Practitioner,STATE_WI,,,
1518245166,GENDER_F,SPCLTY_Physician Assistant,STATE_TX,TRAMADOL,,,
1518255124,GENDER_M,SPCLTY_Internal Medicine,STATE_IL,TRAMADOL,,,
1518269026,GENDER_F,SPCLTY_Nurse Practitioner,STATE_PA,TRAMADOL,,,
1518271873,GENDER_M,HYDROCODONE,SPCLTY_Dentist,STATE_MS,,,
1518272756,GENDER_M,HYDROCODONE,SPCLTY_Physician Assistant,STATE_WV,TRAMADOL,,
1518275155,GENDER_M,HYDROCODONE,OXYCODONE,SPCLTY_Internal Medicine,STATE_OR,TRAMADOL,
1518277508,FENTANYL,GENDER_F,HYDROCODONE,OXYCODONE,SPCLTY_Nurse Practitioner,STATE_CA,
1518279843,GENDER_M,HYDROCODONE,SPCLTY_Internal Medicine,STATE_AL,,,
1518286285,GENDER_M,HYDROCODONE,SPCLTY_Sports Medicine,STATE_NM,TRAMADOL,,
1518302850,GENDER_M,HYDROCODONE,SPCLTY_Student in an Organiz,STATE_AZ,,,
1518303569,GENDER_M,SPCLTY_Student in an Organiz,STATE_NC,TRAMADOL,,,
1518303676,GENDER_M,HYDROCODONE,SPCLTY_Orthopaedic Surgery,STATE_MO,,,
1518304567,GENDER_F,OXYCODONE,SPCLTY_Physician Assistant,STATE_MA,,,
1518305820,GENDER_M,HYDROCODONE,SPCLTY_Physician Assistant,STATE_CA,,,
1518381466,GENDER_F,HYDROCODONE,OXYCODONE,SPCLTY_Nurse Practitioner,STATE_MD,TRAMADOL,
1518901727,GENDER_M,HYDROCODONE,SPCLTY_Family Practice,STATE_MN,,,
1518905355,FENTANYL,GENDER_M,HYDROCODONE,SPCLTY_Internal Medicine,STATE_FL,TRAMADOL,
1518907377,GENDER_F,HYDROCODONE,OXYCODONE,SPCLTY_Physician Assistant,STATE_NC,TRAMADOL,
1518907401,GENDER_M,HYDROCODONE,OXYCODONE,SPCLTY_Cardiology,STATE_NV,TRAMADOL,
1518908540,GENDER_F,HYDROCODONE,SPCLTY_Nurse Practitioner,STATE_IL,TRAMADOL,,
1518909134,FENTANYL,GENDER_M,HYDROCODONE,OXYCODONE,SPCLTY_Internal Medicine,STATE_LA,TRAMADOL
1518911460,GENDER_M,HYDROCODONE,OXYCODONE,SPCLTY_Family Practice,STATE_PA,TRAMADOL,
1518914761,GENDER_M,HYDROCODONE,OXYCODONE,SPCLTY_Emergency Medicine,STATE_IL,,
1518918937,GENDER_M,HYDROCODONE,SPCLTY_Internal Medicine,STATE_TN,TRAMADOL,,
1518919281,GENDER_M,HYDROCODONE,OXYCODONE,SPCLTY_Family Practice,STATE_PA,TRAMADOL,
1518919406,GENDER_F,HYDROCODONE,SPCLTY_Family Practice,STATE_AL,,,
1518922277,GENDER_M,HYDROCODONE,OXYCODONE,SPCLTY_Internal Medicine,STATE_IN,TRAMADOL,
1518928290,FENTANYL,GENDER_M,SPCLTY_Family Practice,STATE_NY,,,
1518932227,GENDER_M,HYDROCODONE,SPCLTY_Otolaryngology,STATE_IL,,,
1518932672,FENTANYL,GENDER_M,HYDROCODONE,OXYCODONE,SPCLTY_Internal Medicine,STATE_PA,TRAMADOL
1518933266,FENTANYL,GENDER_F,HYDROCODONE,OXYCODONE,SPCLTY_Family Practice,STATE_CA,TRAMADOL
1518933811,GENDER_M,HYDROCODONE,SPCLTY_Internal Medicine,STATE_TX,TRAMADOL,,
1518935808,GENDER_M,HYDROCODONE,OXYCODONE,SPCLTY_Internal Medicine,STATE_CA,,
1518938778,GENDER_M,HYDROCODONE,OXYCODONE,SPCLTY_Internal Medicine,STATE_CT,,
1518940394,FENTANYL,GENDER_F,OXYCODONE,SPCLTY_Family Practice,STATE_NJ,TRAMADOL,
1518941202,GENDER_M,OXYCODONE,SPCLTY_Urology,STATE_NJ,,,
1518941608,GENDER_M,HYDROCODONE,SPCLTY_Internal Medicine,STATE_GA,,,
1518943190,GENDER_M,HYDROCODONE,OXYCODONE,SPCLTY_Internal Medicine,STATE_CA,TRAMADOL,
1518943901,GENDER_M,HYDROCODONE,SPCLTY_General Surgery,STATE_KS,,,
1518945153,GENDER_M,HYDROCODONE,SPCLTY_Plastic and Reconstru,STATE_NV,,,
1518945385,GENDER_M,HYDROCODONE,OXYCODONE,SPCLTY_Internal Medicine,STATE_NC,TRAMADOL,
1518946110,FENTANYL,GENDER_M,HYDROCODONE,OXYCODONE,SPCLTY_Family Practice,STATE_PA,TRAMADOL
1518947530,GENDER_M,HYDROCODONE,OXYCODONE,SPCLTY_Orthopedic Surgery,STATE_AZ,,
1518948736,GENDER_F,HYDROCODONE,SPCLTY_Family Practice,STATE_CO,TRAMADOL,,
1518952753,GENDER_F,SPCLTY_Nurse Practitioner,STATE_FL,TRAMADOL,,,
1518953033,GENDER_M,HYDROCODONE,SPCLTY_Family Practice,STATE_IN,TRAMADOL,,
1518953090,GENDER_M,HYDROCODONE,SPCLTY_Urology,STATE_FL,,,
1518953249,FENTANYL,GENDER_M,HYDROCODONE,OXYCODONE,SPCLTY_Family Practice,STATE_WI,TRAMADOL
1518953843,FENTANYL,GENDER_F,HYDROCODONE,OXYCODONE,SPCLTY_Physician Assistant,STATE_WI,TRAMADOL
1518953983,GENDER_M,HYDROCODONE,SPCLTY_Gastroenterology,STATE_CA,,,
1518955228,GENDER_M,SPCLTY_Neurology,STATE_FL,TRAMADOL,,,
1518956143,GENDER_M,HYDROCODONE,SPCLTY_Internal Medicine,STATE_TX,TRAMADOL,,
1518958909,FENTANYL,GENDER_M,HYDROCODONE,OXYCODONE,SPCLTY_Family Practice,STATE_IN,TRAMADOL
1518959238,GENDER_F,HYDROCODONE,OXYCODONE,SPCLTY_Family Practice,STATE_AZ,,
1518960210,GENDER_F,HYDROCODONE,SPCLTY_Family Practice,STATE_TX,,,
1518960855,GENDER_M,HYDROCODONE,OXYCODONE,SPCLTY_Podiatry,STATE_GA,,
1518961879,GENDER_M,HYDROCODONE,SPCLTY_Otolaryngology,STATE_MI,,,
1518967785,GENDER_F,HYDROCODONE,OXYCODONE,SPCLTY_Internal Medicine,STATE_MA,TRAMADOL,
1518967835,GENDER_M,HYDROCODONE,SPCLTY_Family Practice,STATE_MI,TRAMADOL,,
1518970284,FENTANYL,GENDER_M,HYDROCODONE,OXYCODONE,SPCLTY_Family Practice,STATE_WV,TRAMADOL
1518973296,GENDER_M,HYDROCODONE,OXYCODONE,SPCLTY_Orthopedic Surgery,STATE_NJ,TRAMADOL,
1518974708,GENDER_M,HYDROCODONE,SPCLTY_General Surgery,STATE_CO,,,
1518974997,GENDER_F,SPCLTY_Family Practice,STATE_AR,TRAMADOL,,,
1518979418,GENDER_M,HYDROCODONE,OXYCODONE,SPCLTY_Orthopedic Surgery,STATE_CA,TRAMADOL,
1518980044,GENDER_M,HYDROCODONE,SPCLTY_General Practice,STATE_OR,,,
1518981257,GENDER_M,HYDROCODONE,OXYCODONE,SPCLTY_Physician Assistant,STATE_NJ,,
1518985043,GENDER_M,OXYCODONE,SPCLTY_Emergency Medicine,STATE_MO,,,
1518986058,GENDER_F,HYDROCODONE,SPCLTY_Emergency Medicine,STATE_MI,,,
1518986157,GENDER_F,OXYCODONE,SPCLTY_Family Practice,STATE_CO,,,
1518988443,GENDER_M,HYDROCODONE,OXYCODONE,SPCLTY_Orthopedic Surgery,STATE_CA,,
1518989839,FENTANYL,GENDER_M,HYDROCODONE,OXYCODONE,SPCLTY_Medical Oncology,STATE_MI,
1518996917,GENDER_F,HYDROCODONE,OXYCODONE,SPCLTY_Nurse Practitioner,STATE_MN,TRAMADOL,
1528003159,GENDER_M,OXYCODONE,SPCLTY_Emergency Medicine,STATE_NJ,TRAMADOL,,
1528003936,GENDER_M,HYDROCODONE,SPCLTY_Family Practice,STATE_TX,TRAMADOL,,
1528009172,GENDER_M,HYDROCODONE,OXYCODONE,SPCLTY_Internal Medicine,STATE_OH,,
1528009271,GENDER_M,OXYCODONE,SPCLTY_Internal Medicine,STATE_FL,TRAMADOL,,
1528010238,GENDER_F,HYDROCODONE,OXYCODONE,SPCLTY_Internal Medicine,STATE_WI,TRAMADOL,
1528012051,GENDER_M,HYDROCODONE,OXYCODONE,SPCLTY_Neurology,STATE_MN,TRAMADOL,
1528015591,GENDER_M,HYDROCODONE,SPCLTY_General Surgery,STATE_PA,,,
1528017738,GENDER_F,HYDROCODONE,SPCLTY_Family Practice,STATE_AL,TRAMADOL,,
1528018736,FENTANYL,GENDER_F,HYDROCODONE,OXYCODONE,SPCLTY_Internal Medicine,STATE_PA,TRAMADOL
1528020625,GENDER_M,SPCLTY_Family Practice,STATE_MN,TRAMADOL,,,
1528021086,FENTANYL,GENDER_M,HYDROCODONE,OXYCODONE,SPCLTY_Interventional Pain M,STATE_NC,TRAMADOL
1528022753,GENDER_M,HYDROCODONE,SPCLTY_Plastic and Reconstru,STATE_AL,,,
1528024585,GENDER_F,OXYCODONE,SPCLTY_Internal Medicine,STATE_MA,TRAMADOL,,
1528025665,GENDER_F,SPCLTY_Internal Medicine,STATE_DC,TRAMADOL,,,
1528028800,GENDER_M,HYDROCODONE,SPCLTY_Family Practice,STATE_PA,TRAMADOL,,
1528031077,GENDER_M,HYDROCODONE,SPCLTY_Pulmonary Disease,STATE_MS,,,
1528032208,GENDER_M,HYDROCODONE,OXYCODONE,SPCLTY_Emergency Medicine,STATE_GA,,
1528033974,GENDER_M,HYDROCODONE,OXYCODONE,SPCLTY_Emergency Medicine,STATE_PA,,
1528034410,GENDER_M,HYDROCODONE,OXYCODONE,SPCLTY_Rheumatology,STATE_MS,TRAMADOL,
1528038627,GENDER_F,HYDROCODONE,OXYCODONE,SPCLTY_Family Practice,STATE_VA,TRAMADOL,
1528039252,GENDER_F,SPCLTY_Nurse Practitioner,STATE_NC,TRAMADOL,,,
1528040581,GENDER_M,HYDROCODONE,OXYCODONE,SPCLTY_Radiation Oncology,STATE_NC,,
1528041365,GENDER_M,OXYCODONE,SPCLTY_Emergency Medicine,STATE_RI,,,
1528045333,GENDER_M,HYDROCODONE,SPCLTY_Emergency Medicine,STATE_MI,TRAMADOL,,
1528045614,GENDER_M,HYDROCODONE,SPCLTY_General Surgery,STATE_WY,,,
1528049269,GENDER_F,HYDROCODONE,OXYCODONE,SPCLTY_Physician Assistant,STATE_VA,TRAMADOL,
1528049897,FENTANYL,GENDER_M,HYDROCODONE,OXYCODONE,SPCLTY_Internal Medicine,STATE_CA,TRAMADOL
1528050374,FENTANYL,GENDER_M,OXYCODONE,SPCLTY_Hematology,STATE_NJ,,
1528053337,GENDER_M,OXYCODONE,SPCLTY_Emergency Medicine,STATE_NJ,,,
1528053642,GENDER_M,HYDROCODONE,OXYCODONE,SPCLTY_Orthopedic Surgery,STATE_NJ,TRAMADOL,
1528060720,GENDER_M,HYDROCODONE,SPCLTY_Internal Medicine,STATE_TN,TRAMADOL,,
1528061322,GENDER_F,HYDROCODONE,SPCLTY_Family Practice,STATE_WV,TRAMADOL,,
1528063252,GENDER_M,HYDROCODONE,OXYCODONE,SPCLTY_Internal Medicine,STATE_LA,TRAMADOL,
1528066073,GENDER_M,HYDROCODONE,SPCLTY_Dermatology,STATE_FL,,,
1528068384,GENDER_M,HYDROCODONE,SPCLTY_Internal Medicine,STATE_GA,,,
1528068822,GENDER_M,HYDROCODONE,OXYCODONE,SPCLTY_Orthopedic Surgery,STATE_GA,TRAMADOL,
1528069085,FENTANYL,GENDER_M,HYDROCODONE,OXYCODONE,SPCLTY_Internal Medicine,STATE_NY,TRAMADOL
1528071172,GENDER_M,HYDROCODONE,SPCLTY_Family Practice,STATE_TX,TRAMADOL,,
1528077955,GENDER_M,HYDROCODONE,OXYCODONE,SPCLTY_Hand Surgery,STATE_MO,,
1528078516,GENDER_M,HYDROCODONE,SPCLTY_Family Practice,STATE_CA,,,
1528079803,GENDER_F,HYDROCODONE,SPCLTY_Family Practice,STATE_IL,TRAMADOL,,
1528083078,GENDER_M,OXYCODONE,SPCLTY_General Surgery,STATE_KS,,,
1528085057,GENDER_M,HYDROCODONE,OXYCODONE,SPCLTY_Neurosurgery,STATE_MO,,
1528086857,GENDER_M,HYDROCODONE,SPCLTY_Family Practice,STATE_MS,TRAMADOL,,
1528086915,GENDER_M,HYDROCODONE,OXYCODONE,SPCLTY_Family Practice,STATE_MS,TRAMADOL,
1528087236,GENDER_M,HYDROCODONE,OXYCODONE,SPCLTY_General Surgery,STATE_UT,TRAMADOL,
1528089885,FENTANYL,GENDER_M,HYDROCODONE,OXYCODONE,SPCLTY_Family Practice,STATE_IL,TRAMADOL
1528092707,GENDER_F,HYDROCODONE,SPCLTY_Internal Medicine,STATE_NY,TRAMADOL,,
1528093382,FENTANYL,GENDER_M,HYDROCODONE,OXYCODONE,SPCLTY_Family Practice,STATE_MT,TRAMADOL
1528095288,GENDER_M,HYDROCODONE,OXYCODONE,SPCLTY_Emergency Medicine,STATE_WA,,
1528098365,GENDER_M,HYDROCODONE,SPCLTY_Family Practice,STATE_IL,TRAMADOL,,
1528109923,GENDER_F,HYDROCODONE,SPCLTY_Physician Assistant,STATE_IL,,,
1528115409,GENDER_M,HYDROCODONE,OXYCODONE,SPCLTY_General Surgery,STATE_TN,,
1528119625,GENDER_M,HYDROCODONE,SPCLTY_Psychiatry,STATE_TX,,,
1528121852,GENDER_M,HYDROCODONE,SPCLTY_Psychiatry,STATE_CA,,,
1528124054,GENDER_M,OXYCODONE,SPCLTY_Emergency Medicine,STATE_FL,TRAMADOL,,
1528127826,GENDER_F,SPCLTY_Internal Medicine,STATE_IL,TRAMADOL,,,
1528129376,GENDER_M,OXYCODONE,SPCLTY_Nurse Practitioner,STATE_MD,,,
1528132552,GENDER_F,HYDROCODONE,SPCLTY_Internal Medicine,STATE_CA,,,
1528136066,GENDER_F,HYDROCODONE,OXYCODONE,SPCLTY_Internal Medicine,STATE_MI,TRAMADOL,
1528137726,GENDER_F,SPCLTY_Physician Assistant,STATE_ME,TRAMADOL,,,
1528137890,GENDER_F,HYDROCODONE,OXYCODONE,SPCLTY_Physician Assistant,STATE_NH,TRAMADOL,
1528140092,GENDER_M,HYDROCODONE,OXYCODONE,SPCLTY_Dentist,STATE_OK,,
1528141066,GENDER_M,HYDROCODONE,SPCLTY_Emergency Medicine,STATE_VA,,,
1528148632,GENDER_M,SPCLTY_Emergency Medicine,STATE_TN,TRAMADOL,,,
1528150539,GENDER_F,HYDROCODONE,OXYCODONE,SPCLTY_Nurse Practitioner,STATE_CA,,
1528153558,GENDER_F,HYDROCODONE,OXYCODONE,SPCLTY_Physician Assistant,STATE_MS,,
1528154150,GENDER_F,HYDROCODONE,SPCLTY_Nurse Practitioner,STATE_CA,TRAMADOL,,
1528154580,GENDER_M,HYDROCODONE,OXYCODONE,SPCLTY_Family Practice,STATE_WA,TRAMADOL,
1528155371,GENDER_M,HYDROCODONE,SPCLTY_Dentist,STATE_NC,,,
1528156551,GENDER_M,HYDROCODONE,SPCLTY_Rheumatology,STATE_NY,TRAMADOL,,
1528157856,GENDER_F,SPCLTY_Internal Medicine,STATE_NY,TRAMADOL,,,
1528158201,FENTANYL,GENDER_M,OXYCODONE,SPCLTY_Pulmonary Disease,STATE_IN,,
1528160215,GENDER_M,OXYCODONE,SPCLTY_Internal Medicine,STATE_NY,,,
1528168747,GENDER_F,HYDROCODONE,SPCLTY_Internal Medicine,STATE_GA,TRAMADOL,,
1528171188,GENDER_F,OXYCODONE,SPCLTY_Family Practice,STATE_MA,TRAMADOL,,
1528172152,GENDER_M,OXYCODONE,SPCLTY_General Practice,STATE_PR,TRAMADOL,,
1528174356,GENDER_M,HYDROCODONE,SPCLTY_Urology,STATE_WA,,,
1528189958,GENDER_M,HYDROCODONE,OXYCODONE,SPCLTY_Family Practice,STATE_ME,TRAMADOL,
1528195591,GENDER_F,HYDROCODONE,OXYCODONE,SPCLTY_Family Practice,STATE_CO,TRAMADOL,
1528202520,GENDER_M,HYDROCODONE,SPCLTY_Emergency Medicine,STATE_CA,,,
1528215076,GENDER_F,HYDROCODONE,OXYCODONE,SPCLTY_Nurse Practitioner,STATE_CO,,
1528217841,GENDER_M,OXYCODONE,SPCLTY_Emergency Medicine,STATE_UT,,,
1528218047,GENDER_M,HYDROCODONE,SPCLTY_Orthopedic Surgery,STATE_TX,TRAMADOL,,
1528219268,GENDER_M,HYDROCODONE,SPCLTY_Dentist,STATE_CA,,,
1528231537,GENDER_M,HYDROCODONE,OXYCODONE,SPCLTY_Family Practice,STATE_MT,TRAMADOL,
1528242088,GENDER_F,HYDROCODONE,OXYCODONE,SPCLTY_Nurse Practitioner,STATE_WY,TRAMADOL,
1528243243,GENDER_M,HYDROCODONE,OXYCODONE,SPCLTY_Family Practice,STATE_AZ,TRAMADOL,
1528252509,GENDER_M,HYDROCODONE,OXYCODONE,SPCLTY_Internal Medicine,STATE_FL,TRAMADOL,
1528257557,GENDER_M,SPCLTY_Orthopedic Surgery,STATE_MD,TRAMADOL,,,
1528261617,GENDER_M,HYDROCODONE,SPCLTY_Family Practice,STATE_AR,,,
1528262318,GENDER_M,HYDROCODONE,OXYCODONE,SPCLTY_Urology,STATE_AR,,
1528262656,GENDER_M,HYDROCODONE,SPCLTY_Internal Medicine,STATE_CA,TRAMADOL,,
1528262961,GENDER_M,OXYCODONE,SPCLTY_Internal Medicine,STATE_NJ,TRAMADOL,,
1528269388,GENDER_M,HYDROCODONE,SPCLTY_Orthopedic Surgery,STATE_NY,,,
1528275237,GENDER_M,HYDROCODONE,SPCLTY_Dentist,STATE_AZ,,,
1528283421,GENDER_M,HYDROCODONE,SPCLTY_Dentist,STATE_NC,,,
1528285095,GENDER_F,HYDROCODONE,SPCLTY_Family Practice,STATE_MI,TRAMADOL,,
1528291762,GENDER_F,HYDROCODONE,OXYCODONE,SPCLTY_Physician Assistant,STATE_MD,TRAMADOL,
1528294345,GENDER_F,HYDROCODONE,OXYCODONE,SPCLTY_Internal Medicine,STATE_OR,TRAMADOL,
1528295169,GENDER_M,HYDROCODONE,SPCLTY_Orthopaedic Surgery,STATE_OH,,,
1528297264,FENTANYL,GENDER_M,HYDROCODONE,OXYCODONE,SPCLTY_Physical Medicine and,STATE_FL,TRAMADOL
1528310067,GENDER_M,HYDROCODONE,OXYCODONE,SPCLTY_Physician Assistant,STATE_CT,TRAMADOL,
1528315280,GENDER_M,HYDROCODONE,SPCLTY_Family Practice,STATE_LA,,,
1528316635,FENTANYL,GENDER_M,HYDROCODONE,OXYCODONE,SPCLTY_Physician Assistant,STATE_NC,TRAMADOL
1528323235,GENDER_F,HYDROCODONE,OXYCODONE,SPCLTY_Nurse Practitioner,STATE_VA,TRAMADOL,
1528324282,GENDER_F,OXYCODONE,SPCLTY_Student in an Organiz,STATE_WI,,,
1528326329,GENDER_M,SPCLTY_Student in an Organiz,STATE_DC,TRAMADOL,,,
1528326667,GENDER_M,HYDROCODONE,OXYCODONE,SPCLTY_Student in an Organiz,STATE_GA,,
1528330545,GENDER_M,HYDROCODONE,SPCLTY_Physician Assistant,STATE_PA,TRAMADOL,,
1528349834,GENDER_F,HYDROCODONE,SPCLTY_Nurse Practitioner,STATE_IL,,,
1528352580,GENDER_F,HYDROCODONE,OXYCODONE,SPCLTY_Family Practice,STATE_NC,TRAMADOL,
1528352770,GENDER_F,HYDROCODONE,OXYCODONE,SPCLTY_Internal Medicine,STATE_AZ,,
1528356532,GENDER_M,HYDROCODONE,SPCLTY_Dentist,STATE_CO,,,
1528379617,GENDER_F,HYDROCODONE,SPCLTY_Emergency Medicine,STATE_MO,,,
1528388584,GENDER_M,OXYCODONE,SPCLTY_Orthopaedic Surgery,STATE_AZ,,,
1528391414,GENDER_F,HYDROCODONE,OXYCODONE,SPCLTY_Nurse Practitioner,STATE_WA,TRAMADOL,
1528400777,GENDER_F,OXYCODONE,SPCLTY_Physician Assistant,STATE_NC,,,
1528472669,GENDER_F,HYDROCODONE,SPCLTY_Nurse Practitioner,STATE_OH,,,
1528487402,GENDER_M,OXYCODONE,SPCLTY_Student in an Organiz,STATE_WA,,,
1538100276,GENDER_M,HYDROCODONE,SPCLTY_Family Practice,STATE_TX,TRAMADOL,,
1538104757,FENTANYL,GENDER_M,HYDROCODONE,OXYCODONE,SPCLTY_Internal Medicine,STATE_MS,
1538105556,GENDER_F,HYDROCODONE,SPCLTY_General Surgery,STATE_OK,,,
1538106273,GENDER_F,HYDROCODONE,OXYCODONE,SPCLTY_Internal Medicine,STATE_WA,,
1538107545,GENDER_M,OXYCODONE,SPCLTY_Neurosurgery,STATE_NJ,,,
1538108311,GENDER_M,HYDROCODONE,OXYCODONE,SPCLTY_Urology,STATE_ID,,
1538109053,GENDER_M,HYDROCODONE,OXYCODONE,SPCLTY_Rheumatology,STATE_WI,TRAMADOL,
1538112255,GENDER_M,HYDROCODONE,SPCLTY_Orthopedic Surgery,STATE_IL,TRAMADOL,,
1538112289,GENDER_F,SPCLTY_Family Practice,STATE_WI,TRAMADOL,,,
1538114632,GENDER_M,HYDROCODONE,OXYCODONE,SPCLTY_Emergency Medicine,STATE_CA,TRAMADOL,
1538117015,FENTANYL,GENDER_M,HYDROCODONE,OXYCODONE,SPCLTY_Interventional Pain M,STATE_GA,TRAMADOL
1538118013,GENDER_F,HYDROCODONE,OXYCODONE,SPCLTY_Physician Assistant,STATE_OH,,
1538118526,GENDER_M,HYDROCODONE,SPCLTY_Oral Surgery (dentist,STATE_LA,,,
1538118567,GENDER_M,HYDROCODONE,OXYCODONE,SPCLTY_Orthopedic Surgery,STATE_GA,TRAMADOL,
1538119060,GENDER_M,HYDROCODONE,SPCLTY_Urology,STATE_MN,,,
1538123179,GENDER_F,HYDROCODONE,SPCLTY_General Surgery,STATE_WI,,,
1538125455,FENTANYL,GENDER_F,HYDROCODONE,OXYCODONE,SPCLTY_Nurse Practitioner,STATE_CT,
1538126313,GENDER_M,HYDROCODONE,SPCLTY_General Surgery,STATE_SC,,,
1538127113,GENDER_F,HYDROCODONE,OXYCODONE,SPCLTY_Internal Medicine,STATE_NY,,
1538129168,FENTANYL,GENDER_F,HYDROCODONE,SPCLTY_Family Practice,STATE_NJ,,
1538130174,GENDER_M,HYDROCODONE,SPCLTY_Obstetrics/Gynecology,STATE_VA,TRAMADOL,,
1538131388,GENDER_M,SPCLTY_Internal Medicine,STATE_NY,TRAMADOL,,,
1538132022,GENDER_M,HYDROCODONE,OXYCODONE,SPCLTY_Internal Medicine,STATE_NV,TRAMADOL,
1538132972,GENDER_M,OXYCODONE,SPCLTY_Urology,STATE_CT,,,
1538134226,FENTANYL,GENDER_M,HYDROCODONE,OXYCODONE,SPCLTY_Physical Medicine and,STATE_NY,TRAMADOL
1538134259,GENDER_M,HYDROCODONE,SPCLTY_Cardiac Electrophysio,STATE_MO,,,
1538135843,FENTANYL,GENDER_M,HYDROCODONE,OXYCODONE,SPCLTY_Family Practice,STATE_MN,TRAMADOL
1538136411,GENDER_F,HYDROCODONE,OXYCODONE,SPCLTY_Hand Surgery,STATE_OH,,
1538137633,GENDER_M,HYDROCODONE,SPCLTY_Internal Medicine,STATE_AR,,,
1538137948,GENDER_M,OXYCODONE,SPCLTY_General Surgery,STATE_PA,,,
1538138789,GENDER_M,OXYCODONE,SPCLTY_General Practice,STATE_PR,TRAMADOL,,
1538139019,GENDER_M,OXYCODONE,SPCLTY_Podiatry,STATE_CT,TRAMADOL,,
1538142484,GENDER_M,HYDROCODONE,OXYCODONE,SPCLTY_Family Practice,STATE_FL,TRAMADOL,
1538145560,GENDER_M,OXYCODONE,SPCLTY_Urology,STATE_OH,,,
1538147376,GENDER_M,HYDROCODONE,OXYCODONE,SPCLTY_Family Practice,STATE_NC,TRAMADOL,
1538150016,GENDER_M,HYDROCODONE,OXYCODONE,SPCLTY_Oral Surgery (dentist,STATE_KY,,
1538154505,GENDER_M,HYDROCODONE,OXYCODONE,SPCLTY_Internal Medicine,STATE_AZ,TRAMADOL,
1538155213,GENDER_M,SPCLTY_Family Practice,STATE_OH,TRAMADOL,,,
1538155908,GENDER_M,HYDROCODONE,OXYCODONE,SPCLTY_Internal Medicine,STATE_CA,TRAMADOL,
1538161252,GENDER_M,HYDROCODONE,OXYCODONE,SPCLTY_Internal Medicine,STATE_GA,TRAMADOL,
1538161278,GENDER_M,HYDROCODONE,SPCLTY_Physician Assistant,STATE_WI,TRAMADOL,,
1538162268,GENDER_M,OXYCODONE,SPCLTY_General Surgery,STATE_KY,,,
1538166335,GENDER_F,HYDROCODONE,SPCLTY_Internal Medicine,STATE_MA,TRAMADOL,,
1538167838,GENDER_M,HYDROCODONE,SPCLTY_Internal Medicine,STATE_FL,TRAMADOL,,
1538169388,FENTANYL,GENDER_F,HYDROCODONE,SPCLTY_Radiation Oncology,STATE_TX,,
1538169974,GENDER_M,HYDROCODONE,OXYCODONE,SPCLTY_Orthopedic Surgery,STATE_AL,TRAMADOL,
1538173141,FENTANYL,GENDER_F,HYDROCODONE,OXYCODONE,SPCLTY_Family Practice,STATE_VI,
1538175062,GENDER_M,HYDROCODONE,OXYCODONE,SPCLTY_Orthopedic Surgery,STATE_SC,,
1538177910,GENDER_F,HYDROCODONE,OXYCODONE,SPCLTY_Nurse Practitioner,STATE_NY,TRAMADOL,
1538178413,GENDER_M,HYDROCODONE,OXYCODONE,SPCLTY_General Practice,STATE_PR,TRAMADOL,
1538180096,GENDER_F,HYDROCODONE,SPCLTY_Nurse Practitioner,STATE_WY,,,
1538180666,GENDER_F,HYDROCODONE,SPCLTY_Family Practice,STATE_WA,,,
1538180732,GENDER_M,HYDROCODONE,SPCLTY_Emergency Medicine,STATE_MI,,,
1538190335,GENDER_M,HYDROCODONE,OXYCODONE,SPCLTY_General Surgery,STATE_MA,,
1538191317,GENDER_F,HYDROCODONE,OXYCODONE,SPCLTY_Internal Medicine,STATE_OH,TRAMADOL,
1538196795,GENDER_M,SPCLTY_Family Practice,STATE_CT,TRAMADOL,,,
1538198866,GENDER_F,HYDROCODONE,OXYCODONE,SPCLTY_Internal Medicine,STATE_NY,TRAMADOL,
1538201231,GENDER_M,HYDROCODONE,OXYCODONE,SPCLTY_Internal Medicine,STATE_NY,TRAMADOL,
1538206644,FENTANYL,GENDER_M,HYDROCODONE,OXYCODONE,SPCLTY_Interventional Pain M,STATE_AZ,TRAMADOL
1538212741,GENDER_M,HYDROCODONE,OXYCODONE,SPCLTY_Plastic and Reconstru,STATE_CA,,
1538214614,GENDER_M,HYDROCODONE,SPCLTY_Neuropsychiatry,STATE_CA,TRAMADOL,,
1538221536,GENDER_M,HYDROCODONE,SPCLTY_Orthopedic Surgery,STATE_GA,TRAMADOL,,
1538221965,GENDER_M,HYDROCODONE,SPCLTY_Dentist,STATE_AR,,,
1538228879,FENTANYL,GENDER_M,OXYCODONE,SPCLTY_Hospice and Palliativ,STATE_MI,,
1538230560,GENDER_F,HYDROCODONE,OXYCODONE,SPCLTY_Physician Assistant,STATE_NC,,
1538231725,GENDER_M,HYDROCODONE,OXYCODONE,SPCLTY_Physician Assistant,STATE_ME,,
1538231865,GENDER_M,HYDROCODONE,SPCLTY_Urology,STATE_CA,TRAMADOL,,
1538231873,GENDER_F,OXYCODONE,SPCLTY_Internal Medicine,STATE_NJ,,,
1538232384,FENTANYL,GENDER_M,HYDROCODONE,OXYCODONE,SPCLTY_Internal Medicine,STATE_FL,TRAMADOL
1538238233,GENDER_M,HYDROCODONE,OXYCODONE,SPCLTY_Orthopedic Surgery,STATE_NJ,,
1538239645,GENDER_M,HYDROCODONE,SPCLTY_Urology,STATE_NM,,,
1538241120,GENDER_F,HYDROCODONE,OXYCODONE,SPCLTY_Physician Assistant,STATE_OR,TRAMADOL,
1538244702,GENDER_F,HYDROCODONE,SPCLTY_Physician Assistant,STATE_UT,,,
1538245758,GENDER_M,SPCLTY_Family Practice,STATE_FL,TRAMADOL,,,
1538247358,GENDER_F,HYDROCODONE,OXYCODONE,SPCLTY_Internal Medicine,STATE_CA,TRAMADOL,
1538247390,GENDER_M,HYDROCODONE,SPCLTY_Orthopedic Surgery,STATE_CA,,,
1538247879,GENDER_M,HYDROCODONE,OXYCODONE,SPCLTY_Internal Medicine,STATE_GA,TRAMADOL,
1538250162,GENDER_M,HYDROCODONE,OXYCODONE,SPCLTY_Internal Medicine,STATE_CA,TRAMADOL,
1538255781,GENDER_F,SPCLTY_Nurse Practitioner,STATE_TX,TRAMADOL,,,
1538256391,GENDER_M,HYDROCODONE,SPCLTY_Dentist,STATE_CO,,,
1538258199,FENTANYL,GENDER_M,HYDROCODONE,OXYCODONE,SPCLTY_Internal Medicine,STATE_MA,TRAMADOL
1538263926,GENDER_M,HYDROCODONE,OXYCODONE,SPCLTY_Rheumatology,STATE_TN,TRAMADOL,
1538264072,GENDER_F,SPCLTY_Nurse Practitioner,STATE_MO,TRAMADOL,,,
1538267778,GENDER_M,HYDROCODONE,OXYCODONE,SPCLTY_Internal Medicine,STATE_CA,TRAMADOL,
1538268438,GENDER_M,HYDROCODONE,OXYCODONE,SPCLTY_Medical Oncology,STATE_NV,,
1538271184,FENTANYL,GENDER_M,HYDROCODONE,OXYCODONE,SPCLTY_Family Practice,STATE_MI,TRAMADOL
1538271473,GENDER_M,HYDROCODONE,SPCLTY_General Surgery,STATE_PA,,,
1538272190,GENDER_M,HYDROCODONE,OXYCODONE,SPCLTY_Orthopedic Surgery,STATE_IL,TRAMADOL,
1538274287,GENDER_M,HYDROCODONE,SPCLTY_Family Practice,STATE_CA,TRAMADOL,,
1538274816,GENDER_M,OXYCODONE,SPCLTY_General Surgery,STATE_CA,,,
1538282256,GENDER_M,HYDROCODONE,SPCLTY_Internal Medicine,STATE_IL,TRAMADOL,,
1538286620,GENDER_M,HYDROCODONE,SPCLTY_Emergency Medicine,STATE_WV,,,
1538291547,GENDER_M,HYDROCODONE,OXYCODONE,SPCLTY_General Surgery,STATE_OR,,
1538295712,GENDER_M,HYDROCODONE,SPCLTY_Family Practice,STATE_TX,,,
1538305826,GENDER_F,HYDROCODONE,SPCLTY_Neurosurgery,STATE_NY,,,
1538325824,GENDER_F,HYDROCODONE,OXYCODONE,SPCLTY_Physician Assistant,STATE_NC,TRAMADOL,
1538330238,GENDER_M,OXYCODONE,SPCLTY_Dermatology,STATE_AL,,,
1538330311,GENDER_F,OXYCODONE,SPCLTY_Emergency Medicine,STATE_NY,,,
1538333505,GENDER_M,HYDROCODONE,OXYCODONE,SPCLTY_Emergency Medicine,STATE_WV,,
1538334677,GENDER_M,HYDROCODONE,OXYCODONE,SPCLTY_Orthopedic Surgery,STATE_VA,TRAMADOL,
1538336557,FENTANYL,GENDER_M,HYDROCODONE,OXYCODONE,SPCLTY_Pain Management,STATE_NJ,TRAMADOL
1538340856,GENDER_M,HYDROCODONE,SPCLTY_Emergency Medicine,STATE_IL,,,
1538344809,GENDER_M,HYDROCODONE,SPCLTY_Podiatry,STATE_TX,,,
1538361720,GENDER_F,OXYCODONE,SPCLTY_Internal Medicine,STATE_RI,,,
1538364005,GENDER_M,SPCLTY_Family Practice,STATE_OK,TRAMADOL,,,
1538365127,FENTANYL,GENDER_M,SPCLTY_Internal Medicine,STATE_HI,TRAMADOL,,
1538371752,GENDER_F,HYDROCODONE,OXYCODONE,SPCLTY_Emergency Medicine,STATE_AZ,,
1538373352,GENDER_M,HYDROCODONE,SPCLTY_Dentist,STATE_MS,,,
1538373907,FENTANYL,GENDER_M,HYDROCODONE,OXYCODONE,SPCLTY_Hematology/Oncology,STATE_AL,
1538378351,GENDER_M,HYDROCODONE,OXYCODONE,SPCLTY_Emergency Medicine,STATE_MA,,
1538380928,GENDER_M,SPCLTY_General Practice,STATE_CA,TRAMADOL,,,
1538387360,GENDER_M,HYDROCODONE,OXYCODONE,SPCLTY_Orthopedic Surgery,STATE_KY,,
1538405139,FENTANYL,GENDER_F,HYDROCODONE,SPCLTY_Nurse Practitioner,STATE_ME,TRAMADOL,
1538436183,GENDER_F,HYDROCODONE,OXYCODONE,SPCLTY_Nurse Practitioner,STATE_TN,TRAMADOL,
1538437611,GENDER_F,HYDROCODONE,SPCLTY_Nurse Practitioner,STATE_WA,TRAMADOL,,
1538456843,GENDER_M,HYDROCODONE,SPCLTY_Family Medicine,STATE_TN,,,
1538463310,GENDER_F,HYDROCODONE,OXYCODONE,SPCLTY_Nurse Practitioner,STATE_TN,TRAMADOL,
1538481601,FENTANYL,GENDER_F,HYDROCODONE,OXYCODONE,SPCLTY_Physician Assistant,STATE_MD,TRAMADOL
1538482658,GENDER_F,HYDROCODONE,SPCLTY_Nurse Practitioner,STATE_KY,,,
1538489158,GENDER_F,HYDROCODONE,OXYCODONE,SPCLTY_Nurse Practitioner,STATE_OR,,
1538490446,GENDER_F,HYDROCODONE,SPCLTY_Internal Medicine,STATE_CA,,,
1538493986,GENDER_F,HYDROCODONE,SPCLTY_Nurse Practitioner,STATE_KY,,,
1538497433,GENDER_F,HYDROCODONE,SPCLTY_Internal Medicine,STATE_CO,,,
1548201007,GENDER_F,HYDROCODONE,OXYCODONE,SPCLTY_Physician Assistant,STATE_OR,TRAMADOL,
1548202518,GENDER_M,HYDROCODONE,SPCLTY_General Surgery,STATE_WI,,,
1548203086,GENDER_M,OXYCODONE,SPCLTY_General Surgery,STATE_PA,,,
1548204290,GENDER_M,HYDROCODONE,SPCLTY_Orthopedic Surgery,STATE_UT,,,
1548205057,FENTANYL,GENDER_M,HYDROCODONE,OXYCODONE,SPCLTY_Family Practice,STATE_IN,TRAMADOL
1548206253,GENDER_M,HYDROCODONE,SPCLTY_Emergency Medicine,STATE_NY,,,
1548207814,FENTANYL,GENDER_M,HYDROCODONE,OXYCODONE,SPCLTY_Hematology/Oncology,STATE_OK,
1548208671,GENDER_M,HYDROCODONE,SPCLTY_Emergency Medicine,STATE_TX,TRAMADOL,,
1548211410,GENDER_F,HYDROCODONE,SPCLTY_Nurse Practitioner,STATE_KY,,,
1548214299,GENDER_F,OXYCODONE,SPCLTY_Plastic and Reconstru,STATE_RI,,,
1548214778,FENTANYL,GENDER_F,HYDROCODONE,OXYCODONE,SPCLTY_Family Practice,STATE_CO,
1548219751,GENDER_M,HYDROCODONE,SPCLTY_Pulmonary Disease,STATE_TX,,,
1548220593,GENDER_F,OXYCODONE,SPCLTY_Physician Assistant,STATE_MD,,,
1548222599,GENDER_M,SPCLTY_Family Practice,STATE_FL,TRAMADOL,,,
1548223324,GENDER_M,HYDROCODONE,SPCLTY_Neurology,STATE_TX,TRAMADOL,,
1548223779,GENDER_M,HYDROCODONE,SPCLTY_Internal Medicine,STATE_GA,TRAMADOL,,
1548223894,GENDER_M,HYDROCODONE,SPCLTY_Emergency Medicine,STATE_OH,,,
1548225055,GENDER_M,HYDROCODONE,SPCLTY_Urology,STATE_AR,,,
1548225998,GENDER_M,HYDROCODONE,OXYCODONE,SPCLTY_Family Practice,STATE_PA,TRAMADOL,
1548233455,GENDER_M,HYDROCODONE,SPCLTY_Family Practice,STATE_MO,TRAMADOL,,
1548234354,GENDER_M,HYDROCODONE,SPCLTY_Physical Medicine and,STATE_TX,TRAMADOL,,
1548238389,GENDER_M,HYDROCODONE,OXYCODONE,SPCLTY_General Surgery,STATE_FL,,
1548238538,FENTANYL,GENDER_M,HYDROCODONE,OXYCODONE,SPCLTY_Family Practice,STATE_NY,TRAMADOL
1548239791,GENDER_M,HYDROCODONE,OXYCODONE,SPCLTY_Physician Assistant,STATE_OH,TRAMADOL,
1548240328,GENDER_F,HYDROCODONE,SPCLTY_Family Practice,STATE_IL,,,
1548240351,GENDER_F,HYDROCODONE,SPCLTY_Nurse Practitioner,STATE_AR,TRAMADOL,,
1548242134,GENDER_M,HYDROCODONE,SPCLTY_Orthopedic Surgery,STATE_IL,TRAMADOL,,
1548245392,GENDER_M,HYDROCODONE,SPCLTY_Family Practice,STATE_FL,,,
1548247315,FENTANYL,GENDER_M,HYDROCODONE,OXYCODONE,SPCLTY_Family Practice,STATE_MO,TRAMADOL
1548250269,GENDER_M,HYDROCODONE,SPCLTY_Internal Medicine,STATE_TX,TRAMADOL,,
1548251127,GENDER_M,HYDROCODONE,SPCLTY_Dermatology,STATE_MA,,,
1548252273,GENDER_M,SPCLTY_Internal Medicine,STATE_VA,TRAMADOL,,,
1548252844,GENDER_M,HYDROCODONE,SPCLTY_Oral Surgery (dentist,STATE_NC,,,
1548254204,GENDER_F,HYDROCODONE,OXYCODONE,SPCLTY_Orthopedic Surgery,STATE_FL,TRAMADOL,
1548255755,FENTANYL,GENDER_M,HYDROCODONE,OXYCODONE,SPCLTY_Hematology/Oncology,STATE_WV,
1548255912,GENDER_M,HYDROCODONE,SPCLTY_Internal Medicine,STATE_PA,TRAMADOL,,
1548255938,GENDER_M,HYDROCODONE,SPCLTY_Ophthalmology,STATE_LA,,,
1548257942,GENDER_M,HYDROCODONE,OXYCODONE,SPCLTY_General Surgery,STATE_FL,,
1548258718,FENTANYL,GENDER_F,HYDROCODONE,OXYCODONE,SPCLTY_Nurse Practitioner,STATE_MT,TRAMADOL
1548260847,GENDER_M,HYDROCODONE,OXYCODONE,SPCLTY_Physician Assistant,STATE_TN,,
1548263213,GENDER_F,HYDROCODONE,OXYCODONE,SPCLTY_Urology,STATE_UT,,
1548265135,GENDER_M,HYDROCODONE,SPCLTY_Nephrology,STATE_IN,TRAMADOL,,
1548266174,FENTANYL,GENDER_M,OXYCODONE,SPCLTY_Gastroenterology,STATE_MO,,
1548268691,FENTANYL,GENDER_F,HYDROCODONE,OXYCODONE,SPCLTY_Neurology,STATE_TX,
1548274871,GENDER_M,HYDROCODONE,OXYCODONE,SPCLTY_Family Practice,STATE_OH,TRAMADOL,
1548277015,GENDER_M,HYDROCODONE,SPCLTY_Hand Surgery,STATE_NY,TRAMADOL,,
1548278146,GENDER_M,SPCLTY_Infectious Disease,STATE_DE,TRAMADOL,,,
1548282007,GENDER_M,OXYCODONE,SPCLTY_Urology,STATE_FL,,,
1548283393,GENDER_M,OXYCODONE,SPCLTY_General Surgery,STATE_FL,TRAMADOL,,
1548286768,GENDER_M,HYDROCODONE,SPCLTY_Urology,STATE_MO,,,
1548290901,GENDER_M,HYDROCODONE,SPCLTY_Family Practice,STATE_IL,TRAMADOL,,
1548294390,GENDER_M,HYDROCODONE,SPCLTY_Cardiology,STATE_GA,,,
1548294614,GENDER_M,HYDROCODONE,OXYCODONE,SPCLTY_Physician Assistant,STATE_PA,TRAMADOL,
1548295371,FENTANYL,GENDER_M,HYDROCODONE,OXYCODONE,SPCLTY_Pulmonary Disease,STATE_CA,TRAMADOL
1548296221,GENDER_F,HYDROCODONE,SPCLTY_Internal Medicine,STATE_NY,,,
1548297195,GENDER_M,HYDROCODONE,OXYCODONE,SPCLTY_Internal Medicine,STATE_GA,TRAMADOL,
1548311160,GENDER_F,HYDROCODONE,SPCLTY_Internal Medicine,STATE_MA,,,
1548312390,GENDER_M,HYDROCODONE,SPCLTY_Neurology,STATE_TX,TRAMADOL,,
1548318983,GENDER_F,HYDROCODONE,SPCLTY_Physician Assistant,STATE_IL,TRAMADOL,,
1548323348,GENDER_M,HYDROCODONE,OXYCODONE,SPCLTY_Family Practice,STATE_CO,TRAMADOL,
1548325855,GENDER_M,OXYCODONE,SPCLTY_Otolaryngology,STATE_CA,,,
1548332125,GENDER_F,HYDROCODONE,SPCLTY_Family Practice,STATE_CA,TRAMADOL,,
1548337413,GENDER_M,HYDROCODONE,SPCLTY_Internal Medicine,STATE_CA,TRAMADOL,,
1548338098,FENTANYL,GENDER_M,HYDROCODONE,OXYCODONE,SPCLTY_Internal Medicine,STATE_MI,TRAMADOL
1548339138,GENDER_M,HYDROCODONE,OXYCODONE,SPCLTY_Internal Medicine,STATE_NY,,
1548339476,GENDER_M,HYDROCODONE,OXYCODONE,SPCLTY_Oral Surgery (dentist,STATE_MA,,
1548339856,GENDER_F,HYDROCODONE,SPCLTY_Dentist,STATE_TN,,,
1548339872,GENDER_M,HYDROCODONE,SPCLTY_Podiatry,STATE_OH,TRAMADOL,,
1548339989,GENDER_F,HYDROCODONE,OXYCODONE,SPCLTY_Internal Medicine,STATE_VA,TRAMADOL,
1548340870,FENTANYL,GENDER_M,HYDROCODONE,OXYCODONE,SPCLTY_Hematology/Oncology,STATE_NM,
1548342371,GENDER_M,HYDROCODONE,OXYCODONE,SPCLTY_Emergency Medicine,STATE_WI,,
1548344138,GENDER_M,SPCLTY_General Practice,STATE_FL,TRAMADOL,,,
1548348089,GENDER_F,HYDROCODONE,SPCLTY_Gastroenterology,STATE_FL,,,
1548348238,GENDER_M,HYDROCODONE,SPCLTY_General Surgery,STATE_CA,,,
1548351463,GENDER_M,HYDROCODONE,OXYCODONE,SPCLTY_Internal Medicine,STATE_FL,TRAMADOL,
1548353675,GENDER_M,OXYCODONE,SPCLTY_Urology,STATE_NY,,,
1548360621,GENDER_M,OXYCODONE,SPCLTY_Emergency Medicine,STATE_MA,,,
1548364060,GENDER_F,SPCLTY_Nurse Practitioner,STATE_IL,TRAMADOL,,,
1548370679,FENTANYL,GENDER_F,HYDROCODONE,OXYCODONE,SPCLTY_Internal Medicine,STATE_NY,TRAMADOL
1548371982,GENDER_M,HYDROCODONE,SPCLTY_Internal Medicine,STATE_IL,TRAMADOL,,
1548381544,GENDER_F,HYDROCODONE,SPCLTY_Physician Assistant,STATE_CA,,,
1548407810,GENDER_F,HYDROCODONE,OXYCODONE,SPCLTY_Internal Medicine,STATE_PA,TRAMADOL,
1548410616,GENDER_F,HYDROCODONE,SPCLTY_Physician Assistant,STATE_CA,,,
1548416969,GENDER_M,HYDROCODONE,SPCLTY_General Surgery,STATE_MO,,,
1548421399,FENTANYL,GENDER_F,HYDROCODONE,OXYCODONE,SPCLTY_Family Practice,STATE_NY,TRAMADOL
1548422868,GENDER_M,HYDROCODONE,OXYCODONE,SPCLTY_Family Practice,STATE_VA,TRAMADOL,
1548432974,GENDER_M,HYDROCODONE,OXYCODONE,SPCLTY_General Surgery,STATE_NV,,
1548436264,GENDER_F,HYDROCODONE,OXYCODONE,SPCLTY_Physician Assistant,STATE_NC,,
1548437338,GENDER_F,HYDROCODONE,OXYCODONE,SPCLTY_Family Practice,STATE_NM,TRAMADOL,
1548446248,GENDER_F,HYDROCODONE,SPCLTY_Internal Medicine,STATE_GA,TRAMADOL,,
1548449234,GENDER_M,OXYCODONE,SPCLTY_Radiation Oncology,STATE_FL,,,
1548450638,GENDER_M,SPCLTY_Internal Medicine,STATE_NC,TRAMADOL,,,
1548463250,GENDER_M,HYDROCODONE,SPCLTY_Hand Surgery,STATE_CA,TRAMADOL,,
1548467152,GENDER_M,HYDROCODONE,OXYCODONE,SPCLTY_General Surgery,STATE_SC,,
1548469398,GENDER_F,HYDROCODONE,SPCLTY_Dentist,STATE_MO,,,
1548471485,GENDER_M,HYDROCODONE,SPCLTY_Emergency Medicine,STATE_NM,,,
1548476252,GENDER_M,HYDROCODONE,SPCLTY_Family Practice,STATE_MS,TRAMADOL,,
1548476740,FENTANYL,GENDER_F,HYDROCODONE,OXYCODONE,SPCLTY_Family Practice,STATE_PA,TRAMADOL
1548478118,GENDER_M,HYDROCODONE,SPCLTY_Urology,STATE_SD,,,
1548489123,GENDER_M,HYDROCODONE,OXYCODONE,SPCLTY_Obstetrics/Gynecology,STATE_AL,,
1548497225,GENDER_M,HYDROCODONE,SPCLTY_Emergency Medicine,STATE_WA,,,
1548498975,GENDER_M,OXYCODONE,SPCLTY_General Surgery,STATE_NC,,,
1548510431,GENDER_F,HYDROCODONE,SPCLTY_Nurse Practitioner,STATE_UT,TRAMADOL,,
1548513104,GENDER_M,HYDROCODONE,SPCLTY_Physician Assistant,STATE_NY,,,
1548517063,GENDER_F,HYDROCODONE,OXYCODONE,SPCLTY_Nurse Practitioner,STATE_MA,TRAMADOL,
1548559628,GENDER_M,SPCLTY_Family Practice,STATE_NC,TRAMADOL,,,
1548571987,GENDER_M,HYDROCODONE,OXYCODONE,SPCLTY_Family Practice,STATE_NC,TRAMADOL,
1548573447,GENDER_F,HYDROCODONE,SPCLTY_Physician Assistant,STATE_PA,,,
1548574858,GENDER_F,OXYCODONE,SPCLTY_Physician Assistant,STATE_DE,,,
1548577315,GENDER_F,HYDROCODONE,SPCLTY_Registered Nurse,STATE_MI,,,
1548580509,GENDER_F,HYDROCODONE,OXYCODONE,SPCLTY_Nurse Practitioner,STATE_TN,TRAMADOL,
1548580897,GENDER_M,OXYCODONE,SPCLTY_General Surgery,STATE_PA,,,
1548585045,GENDER_M,HYDROCODONE,SPCLTY_Internal Medicine,STATE_MI,TRAMADOL,,
1548587983,GENDER_F,HYDROCODONE,OXYCODONE,SPCLTY_Family Practice,STATE_NC,TRAMADOL,
1548588049,FENTANYL,GENDER_M,HYDROCODONE,OXYCODONE,SPCLTY_Anesthesiology,STATE_NY,
1548590631,GENDER_M,HYDROCODONE,SPCLTY_General Surgery,STATE_KY,,,
1548605074,GENDER_M,HYDROCODONE,SPCLTY_Dentist,STATE_NH,,,
1548685779,GENDER_M,HYDROCODONE,OXYCODONE,SPCLTY_Nurse Practitioner,STATE_MA,,
1548688674,GENDER_M,OXYCODONE,SPCLTY_General Surgery,STATE_TN,,,
1558300517,GENDER_M,HYDROCODONE,OXYCODONE,SPCLTY_Emergency Medicine,STATE_IN,,
1558300558,FENTANYL,GENDER_M,HYDROCODONE,OXYCODONE,SPCLTY_Physician Assistant,STATE_NY,TRAMADOL
1558302323,FENTANYL,GENDER_F,HYDROCODONE,OXYCODONE,SPCLTY_Nurse Practitioner,STATE_NH,
1558302760,GENDER_M,HYDROCODONE,OXYCODONE,SPCLTY_Family Practice,STATE_NM,TRAMADOL,
1558305367,GENDER_M,HYDROCODONE,SPCLTY_Internal Medicine,STATE_NH,TRAMADOL,,
1558309336,GENDER_F,OXYCODONE,SPCLTY_Internal Medicine,STATE_MA,TRAMADOL,,
1558314294,GENDER_M,OXYCODONE,SPCLTY_General Practice,STATE_FL,,,
1558314336,GENDER_M,HYDROCODONE,SPCLTY_Nurse Practitioner,STATE_TX,TRAMADOL,,
1558317354,GENDER_M,HYDROCODONE,OXYCODONE,SPCLTY_Emergency Medicine,STATE_NV,,
1558317404,GENDER_M,HYDROCODONE,SPCLTY_Neurology,STATE_MI,,,
1558317990,FENTANYL,GENDER_F,HYDROCODONE,SPCLTY_Hematology/Oncology,STATE_MI,,
1558322024,GENDER_M,OXYCODONE,SPCLTY_Podiatry,STATE_MA,,,
1558322941,FENTANYL,GENDER_M,HYDROCODONE,OXYCODONE,SPCLTY_Family Practice,STATE_AL,TRAMADOL
1558325365,FENTANYL,GENDER_M,HYDROCODONE,OXYCODONE,SPCLTY_Pain Management,STATE_CA,TRAMADOL
1558325811,FENTANYL,GENDER_M,HYDROCODONE,OXYCODONE,SPCLTY_Internal Medicine,STATE_NC,TRAMADOL
1558325878,GENDER_F,HYDROCODONE,SPCLTY_Maxillofacial Surgery,STATE_KY,,,
1558330571,GENDER_M,HYDROCODONE,OXYCODONE,SPCLTY_Family Practice,STATE_OH,TRAMADOL,
1558331033,FENTANYL,GENDER_M,HYDROCODONE,OXYCODONE,SPCLTY_Internal Medicine,STATE_TN,TRAMADOL
1558333526,GENDER_M,HYDROCODONE,OXYCODONE,SPCLTY_Physical Medicine and,STATE_PA,,
1558334789,FENTANYL,GENDER_M,HYDROCODONE,OXYCODONE,SPCLTY_Family Practice,STATE_FL,TRAMADOL
1558336289,GENDER_M,HYDROCODONE,OXYCODONE,SPCLTY_Internal Medicine,STATE_MA,TRAMADOL,
1558336669,GENDER_F,HYDROCODONE,SPCLTY_Emergency Medicine,STATE_RI,,,
1558336867,GENDER_M,HYDROCODONE,OXYCODONE,SPCLTY_Family Practice,STATE_VA,TRAMADOL,
1558337006,GENDER_M,HYDROCODONE,SPCLTY_Pulmonary Disease,STATE_TX,,,
1558338376,GENDER_M,HYDROCODONE,SPCLTY_Dermatology,STATE_TN,,,
1558338467,GENDER_M,HYDROCODONE,SPCLTY_Orthopedic Surgery,STATE_NY,TRAMADOL,,
1558339564,GENDER_M,OXYCODONE,SPCLTY_Hand Surgery,STATE_NJ,,,
1558340356,FENTANYL,GENDER_M,HYDROCODONE,SPCLTY_Internal Medicine,STATE_MI,TRAMADOL,
1558344259,GENDER_M,SPCLTY_Internal Medicine,STATE_NC,TRAMADOL,,,
1558344812,GENDER_F,HYDROCODONE,OXYCODONE,SPCLTY_Physician Assistant,STATE_CO,TRAMADOL,
1558347161,GENDER_M,HYDROCODONE,SPCLTY_Urology,STATE_NY,,,
1558347641,FENTANYL,GENDER_M,HYDROCODONE,OXYCODONE,SPCLTY_Internal Medicine,STATE_NJ,TRAMADOL
1558348268,GENDER_F,HYDROCODONE,SPCLTY_Family Practice,STATE_IL,TRAMADOL,,
1558351445,GENDER_M,OXYCODONE,SPCLTY_General Surgery,STATE_VT,,,
1558352575,GENDER_M,HYDROCODONE,SPCLTY_Dentist,STATE_FL,,,
1558352922,GENDER_M,OXYCODONE,SPCLTY_Emergency Medicine,STATE_MA,,,
1558352955,FENTANYL,GENDER_F,HYDROCODONE,SPCLTY_Internal Medicine,STATE_MI,TRAMADOL,
1558353185,GENDER_M,HYDROCODONE,OXYCODONE,SPCLTY_Orthopedic Surgery,STATE_TN,TRAMADOL,
1558354506,FENTANYL,GENDER_M,HYDROCODONE,OXYCODONE,SPCLTY_Family Practice,STATE_GA,TRAMADOL
1558354654,GENDER_M,OXYCODONE,SPCLTY_Orthopedic Surgery,STATE_VA,,,
1558356642,GENDER_M,HYDROCODONE,OXYCODONE,SPCLTY_Internal Medicine,STATE_IA,TRAMADOL,
1558357046,GENDER_M,HYDROCODONE,OXYCODONE,SPCLTY_Neurosurgery,STATE_IL,TRAMADOL,
1558358440,GENDER_M,HYDROCODONE,SPCLTY_Internal Medicine,STATE_IA,TRAMADOL,,
1558359364,GENDER_M,OXYCODONE,SPCLTY_Vascular Surgery,STATE_FL,,,
1558359422,GENDER_M,HYDROCODONE,OXYCODONE,SPCLTY_Orthopedic Surgery,STATE_WI,TRAMADOL,
1558362855,FENTANYL,GENDER_F,SPCLTY_Geriatric Medicine,STATE_MI,TRAMADOL,,
1558366237,GENDER_M,OXYCODONE,SPCLTY_Nephrology,STATE_PA,TRAMADOL,,
1558368381,GENDER_M,HYDROCODONE,OXYCODONE,SPCLTY_Internal Medicine,STATE_MO,TRAMADOL,
1558369181,GENDER_M,HYDROCODONE,OXYCODONE,SPCLTY_Physical Medicine and,STATE_NV,TRAMADOL,
1558371807,GENDER_M,HYDROCODONE,OXYCODONE,SPCLTY_Urology,STATE_GA,,
1558372557,GENDER_F,HYDROCODONE,SPCLTY_Family Practice,STATE_TN,TRAMADOL,,
1558372789,GENDER_M,HYDROCODONE,OXYCODONE,SPCLTY_Urology,STATE_OH,TRAMADOL,
1558375873,GENDER_M,HYDROCODONE,SPCLTY_Urology,STATE_IL,,,
1558377754,GENDER_M,OXYCODONE,SPCLTY_Emergency Medicine,STATE_NJ,,,
1558387761,FENTANYL,GENDER_F,HYDROCODONE,OXYCODONE,SPCLTY_Internal Medicine,STATE_MO,TRAMADOL
1558388363,FENTANYL,GENDER_F,HYDROCODONE,OXYCODONE,SPCLTY_Family Practice,STATE_VT,TRAMADOL
1558389114,GENDER_F,HYDROCODONE,SPCLTY_Nurse Practitioner,STATE_AR,TRAMADOL,,
1558390385,GENDER_M,HYDROCODONE,SPCLTY_Ophthalmology,STATE_TN,,,
1558390724,GENDER_M,HYDROCODONE,OXYCODONE,SPCLTY_Maxillofacial Surgery,STATE_KY,,
1558392332,GENDER_M,HYDROCODONE,SPCLTY_Dentist,STATE_IA,,,
1558395954,FENTANYL,GENDER_F,HYDROCODONE,SPCLTY_Family Practice,STATE_MI,TRAMADOL,
1558397984,GENDER_F,HYDROCODONE,OXYCODONE,SPCLTY_Physician Assistant,STATE_NY,,
1558398180,GENDER_M,HYDROCODONE,SPCLTY_Internal Medicine,STATE_KS,,,
1558407411,GENDER_M,HYDROCODONE,SPCLTY_Plastic and Reconstru,STATE_CA,,,
1558408138,GENDER_F,HYDROCODONE,SPCLTY_Physician Assistant,STATE_OK,,,
1558411645,GENDER_F,HYDROCODONE,SPCLTY_Nurse Practitioner,STATE_IL,,,
1558412288,GENDER_M,SPCLTY_Nephrology,STATE_MD,TRAMADOL,,,
1558416677,GENDER_F,HYDROCODONE,SPCLTY_Family Practice,STATE_KY,TRAMADOL,,
1558421800,GENDER_M,HYDROCODONE,SPCLTY_Psychiatry & Neurolog,STATE_FL,TRAMADOL,,
1558423715,GENDER_M,HYDROCODONE,SPCLTY_Dentist,STATE_MS,,,
1558425579,GENDER_M,HYDROCODONE,SPCLTY_Dentist,STATE_CA,,,
1558427195,GENDER_M,HYDROCODONE,SPCLTY_Orthopedic Surgery,STATE_CA,,,
1558427252,GENDER_M,HYDROCODONE,SPCLTY_Dentist,STATE_CA,,,
1558431544,GENDER_M,SPCLTY_Orthopedic Surgery,STATE_FL,TRAMADOL,,,
1558434217,GENDER_M,HYDROCODONE,SPCLTY_Emergency Medicine,STATE_FL,,,
1558435404,GENDER_M,HYDROCODONE,SPCLTY_Dentist,STATE_GA,,,
1558436337,GENDER_M,OXYCODONE,SPCLTY_Medical Oncology,STATE_NC,,,
1558437624,GENDER_M,HYDROCODONE,SPCLTY_Nephrology,STATE_OK,,,
1558439067,FENTANYL,GENDER_M,HYDROCODONE,SPCLTY_Family Practice,STATE_TX,,
1558441105,GENDER_F,HYDROCODONE,OXYCODONE,SPCLTY_Internal Medicine,STATE_MA,TRAMADOL,
1558443861,FENTANYL,GENDER_M,HYDROCODONE,OXYCODONE,SPCLTY_Internal Medicine,STATE_ME,TRAMADOL
1558446229,FENTANYL,GENDER_M,HYDROCODONE,OXYCODONE,SPCLTY_Internal Medicine,STATE_CA,TRAMADOL
1558448100,GENDER_F,HYDROCODONE,OXYCODONE,SPCLTY_Internal Medicine,STATE_WI,TRAMADOL,
1558449124,GENDER_M,HYDROCODONE,SPCLTY_Family Practice,STATE_MT,,,
1558456608,GENDER_F,SPCLTY_Internal Medicine,STATE_NJ,TRAMADOL,,,
1558458356,GENDER_M,OXYCODONE,SPCLTY_Internal Medicine,STATE_NY,TRAMADOL,,
1558458505,GENDER_M,HYDROCODONE,OXYCODONE,SPCLTY_Otolaryngology,STATE_HI,,
1558462838,GENDER_M,OXYCODONE,SPCLTY_Dentist,STATE_NY,,,
1558463299,FENTANYL,GENDER_M,OXYCODONE,SPCLTY_Internal Medicine,STATE_DE,TRAMADOL,
1558469379,FENTANYL,GENDER_M,HYDROCODONE,OXYCODONE,SPCLTY_Internal Medicine,STATE_TX,TRAMADOL
1558474049,GENDER_M,HYDROCODONE,SPCLTY_Emergency Medicine,STATE_LA,,,
1558475426,GENDER_F,OXYCODONE,SPCLTY_Physician Assistant,STATE_MA,TRAMADOL,,
1558484535,GENDER_M,HYDROCODONE,SPCLTY_Dentist,STATE_CA,,,
1558486274,GENDER_M,HYDROCODONE,SPCLTY_Dentist,STATE_AR,,,
1558490102,GENDER_F,HYDROCODONE,OXYCODONE,SPCLTY_Family Practice,STATE_WA,TRAMADOL,
1558493189,GENDER_M,HYDROCODONE,SPCLTY_Orthopedic Surgery,STATE_CA,TRAMADOL,,
1558495556,GENDER_F,SPCLTY_Nurse Practitioner,STATE_AL,TRAMADOL,,,
1558496042,GENDER_M,HYDROCODONE,OXYCODONE,SPCLTY_Oral Surgery (dentist,STATE_NC,,
1558499004,GENDER_F,OXYCODONE,SPCLTY_Internal Medicine,STATE_MA,,,
1558499327,GENDER_F,HYDROCODONE,SPCLTY_Family Practice,STATE_CA,TRAMADOL,,
1558503680,FENTANYL,GENDER_M,HYDROCODONE,OXYCODONE,SPCLTY_Family Practice,STATE_IN,TRAMADOL
1558506949,GENDER_M,OXYCODONE,SPCLTY_General Surgery,STATE_PA,,,
1558514232,GENDER_M,HYDROCODONE,OXYCODONE,SPCLTY_Internal Medicine,STATE_MO,,
1558517086,FENTANYL,GENDER_F,HYDROCODONE,OXYCODONE,SPCLTY_Nurse Practitioner,STATE_MA,
1558520668,GENDER_M,HYDROCODONE,OXYCODONE,SPCLTY_Pain Management,STATE_TX,TRAMADOL,
1558523241,GENDER_M,HYDROCODONE,OXYCODONE,SPCLTY_Family Practice,STATE_WA,TRAMADOL,
1558524207,GENDER_F,OXYCODONE,SPCLTY_Geriatric Medicine,STATE_NY,,,
1558525451,FENTANYL,GENDER_F,HYDROCODONE,SPCLTY_Nurse Practitioner,STATE_NY,TRAMADOL,
1558526665,GENDER_M,HYDROCODONE,SPCLTY_Family Practice,STATE_PA,,,
1558537290,GENDER_F,OXYCODONE,SPCLTY_Nurse Practitioner,STATE_NY,,,
1558551952,GENDER_M,HYDROCODONE,OXYCODONE,SPCLTY_Internal Medicine,STATE_MA,,
1558568584,GENDER_F,OXYCODONE,SPCLTY_Internal Medicine,STATE_NY,TRAMADOL,,
1558568618,FENTANYL,GENDER_F,HYDROCODONE,OXYCODONE,SPCLTY_Radiation Oncology,STATE_MO,
1558576439,GENDER_M,HYDROCODONE,OXYCODONE,SPCLTY_General Surgery,STATE_AL,,
1558580324,GENDER_M,HYDROCODONE,SPCLTY_Oral Surgery (dentist,STATE_CA,,,
1558598110,GENDER_M,OXYCODONE,SPCLTY_Internal Medicine,STATE_MA,,,
1558598417,GENDER_M,OXYCODONE,SPCLTY_Orthopedic Surgery,STATE_VA,,,
1558609438,GENDER_F,HYDROCODONE,OXYCODONE,SPCLTY_Physician Assistant,STATE_NV,TRAMADOL,
1558610535,GENDER_M,HYDROCODONE,SPCLTY_Dentist,STATE_AZ,,,
1558633636,GENDER_M,HYDROCODONE,SPCLTY_Dentist,STATE_OR,,,
1558641852,GENDER_M,HYDROCODONE,SPCLTY_Urology,STATE_CA,,,
1558643205,GENDER_M,OXYCODONE,SPCLTY_Internal Medicine,STATE_FL,TRAMADOL,,
1558643858,GENDER_F,HYDROCODONE,SPCLTY_Dentist,STATE_NM,,,
1558646091,GENDER_F,HYDROCODONE,SPCLTY_Nurse Practitioner,STATE_IN,,,
1558670307,GENDER_M,OXYCODONE,SPCLTY_Physician Assistant,STATE_PA,,,
1558678177,GENDER_F,OXYCODONE,SPCLTY_Nurse Practitioner,STATE_NY,,,
1558684951,GENDER_F,HYDROCODONE,OXYCODONE,SPCLTY_Physician Assistant,STATE_OH,TRAMADOL,
1558685917,GENDER_M,HYDROCODONE,OXYCODONE,SPCLTY_Physician Assistant,STATE_ME,TRAMADOL,
1558698829,GENDER_M,HYDROCODONE,OXYCODONE,SPCLTY_Family Practice,STATE_CA,TRAMADOL,
1558784975,GENDER_F,HYDROCODONE,OXYCODONE,SPCLTY_Nurse Practitioner,STATE_MS,TRAMADOL,
1568401024,GENDER_M,SPCLTY_Anesthesiology,STATE_CT,TRAMADOL,,,
1568401131,GENDER_M,HYDROCODONE,SPCLTY_Emergency Medicine,STATE_CA,TRAMADOL,,
1568401693,GENDER_M,SPCLTY_Family Practice,STATE_SC,TRAMADOL,,,
1568402162,FENTANYL,GENDER_M,HYDROCODONE,OXYCODONE,SPCLTY_Internal Medicine,STATE_GA,TRAMADOL
1568402584,FENTANYL,GENDER_F,HYDROCODONE,OXYCODONE,SPCLTY_Family Practice,STATE_PA,TRAMADOL
1568411924,GENDER_M,HYDROCODONE,SPCLTY_Internal Medicine,STATE_TX,,,
1568417616,GENDER_F,HYDROCODONE,SPCLTY_Family Practice,STATE_CA,TRAMADOL,,
1568422608,FENTANYL,GENDER_M,HYDROCODONE,OXYCODONE,SPCLTY_Internal Medicine,STATE_MA,
1568423101,GENDER_F,HYDROCODONE,OXYCODONE,SPCLTY_Family Practice,STATE_MN,TRAMADOL,
1568424737,GENDER_M,HYDROCODONE,OXYCODONE,SPCLTY_Emergency Medicine,STATE_NC,,
1568427375,GENDER_F,HYDROCODONE,SPCLTY_Family Practice,STATE_WI,TRAMADOL,,
1568429686,GENDER_M,SPCLTY_Family Practice,STATE_OH,TRAMADOL,,,
1568431427,GENDER_F,HYDROCODONE,SPCLTY_Colorectal Surgery (f,STATE_SC,,,
1568432748,GENDER_F,SPCLTY_Physician Assistant,STATE_FL,TRAMADOL,,,
1568434199,GENDER_M,OXYCODONE,SPCLTY_Emergency Medicine,STATE_CT,,,
1568435006,GENDER_M,HYDROCODONE,SPCLTY_Family Practice,STATE_FL,TRAMADOL,,
1568435634,GENDER_F,OXYCODONE,SPCLTY_General Practice,STATE_MD,TRAMADOL,,
1568435832,GENDER_M,OXYCODONE,SPCLTY_Plastic and Reconstru,STATE_FL,,,
1568439859,GENDER_F,HYDROCODONE,SPCLTY_Dentist,STATE_VA,,,
1568439941,FENTANYL,GENDER_F,HYDROCODONE,OXYCODONE,SPCLTY_Internal Medicine,STATE_FL,TRAMADOL
1568440295,GENDER_M,HYDROCODONE,OXYCODONE,SPCLTY_Psychiatry,STATE_ID,TRAMADOL,
1568443307,GENDER_M,HYDROCODONE,OXYCODONE,SPCLTY_Internal Medicine,STATE_CA,,
1568448561,FENTANYL,GENDER_M,HYDROCODONE,OXYCODONE,SPCLTY_Family Practice,STATE_SC,TRAMADOL
1568451581,GENDER_M,HYDROCODONE,SPCLTY_General Surgery,STATE_ID,,,
1568453710,GENDER_M,HYDROCODONE,OXYCODONE,SPCLTY_Family Practice,STATE_MN,TRAMADOL,
1568454932,GENDER_M,SPCLTY_General Practice,STATE_PR,TRAMADOL,,,
1568456069,GENDER_M,HYDROCODONE,SPCLTY_General Surgery,STATE_TN,,,
1568456473,FENTANYL,GENDER_M,HYDROCODONE,OXYCODONE,SPCLTY_Pain Management,STATE_AZ,TRAMADOL
1568458958,GENDER_M,HYDROCODONE,SPCLTY_Urology,STATE_TX,,,
1568460921,FENTANYL,GENDER_M,HYDROCODONE,OXYCODONE,SPCLTY_Family Practice,STATE_NC,TRAMADOL
1568463347,GENDER_M,HYDROCODONE,SPCLTY_Otolaryngology,STATE_NY,,,
1568464030,GENDER_F,HYDROCODONE,OXYCODONE,SPCLTY_Family Practice,STATE_UT,TRAMADOL,
1568468007,GENDER_M,HYDROCODONE,OXYCODONE,SPCLTY_Family Practice,STATE_IA,TRAMADOL,
1568468965,GENDER_F,HYDROCODONE,SPCLTY_Nurse Practitioner,STATE_OH,TRAMADOL,,
1568473270,GENDER_M,HYDROCODONE,SPCLTY_Nurse Practitioner,STATE_MS,,,
1568479087,GENDER_M,HYDROCODONE,OXYCODONE,SPCLTY_Family Practice,STATE_OH,TRAMADOL,
1568479194,GENDER_F,OXYCODONE,SPCLTY_Physician Assistant,STATE_NE,,,
1568480077,GENDER_F,HYDROCODONE,OXYCODONE,SPCLTY_Physical Medicine and,STATE_OH,TRAMADOL,
1568485365,GENDER_M,HYDROCODONE,SPCLTY_Family Practice,STATE_NC,TRAMADOL,,
1568486876,GENDER_M,HYDROCODONE,SPCLTY_Podiatry,STATE_PA,,,
1568487536,GENDER_M,HYDROCODONE,SPCLTY_Urology,STATE_CA,,,
1568493831,GENDER_M,HYDROCODONE,SPCLTY_Obstetrics/Gynecology,STATE_TX,,,
1568494771,GENDER_M,HYDROCODONE,OXYCODONE,SPCLTY_Neurosurgery,STATE_MO,,
1568495182,FENTANYL,GENDER_F,HYDROCODONE,OXYCODONE,SPCLTY_Internal Medicine,STATE_CA,TRAMADOL
1568496214,GENDER_F,SPCLTY_Nephrology,STATE_PR,TRAMADOL,,,
1568496974,FENTANYL,GENDER_M,HYDROCODONE,OXYCODONE,SPCLTY_Family Practice,STATE_CA,TRAMADOL
1568498913,FENTANYL,GENDER_F,HYDROCODONE,OXYCODONE,SPCLTY_Nurse Practitioner,STATE_MN,TRAMADOL
1568499564,GENDER_M,OXYCODONE,SPCLTY_Psychologist,STATE_PR,,,
1568499846,GENDER_M,HYDROCODONE,OXYCODONE,SPCLTY_Hand Surgery,STATE_MO,,
1568499895,GENDER_M,HYDROCODONE,OXYCODONE,SPCLTY_Cardiology,STATE_LA,TRAMADOL,
1568505311,FENTANYL,GENDER_M,HYDROCODONE,OXYCODONE,SPCLTY_Pain Management,STATE_CA,TRAMADOL
1568508729,GENDER_F,HYDROCODONE,OXYCODONE,SPCLTY_Oral Surgery (dentist,STATE_FL,TRAMADOL,
1568512424,GENDER_M,HYDROCODONE,SPCLTY_Family Practice,STATE_NV,TRAMADOL,,
1568521425,FENTANYL,GENDER_M,HYDROCODONE,OXYCODONE,SPCLTY_Internal Medicine,STATE_PA,TRAMADOL
1568525269,GENDER_F,OXYCODONE,SPCLTY_Nephrology,STATE_PA,,,
1568527190,GENDER_M,HYDROCODONE,SPCLTY_Emergency Medicine,STATE_ND,,,
1568532596,GENDER_M,SPCLTY_Family Practice,STATE_VA,TRAMADOL,,,
1568543221,GENDER_M,HYDROCODONE,SPCLTY_Internal Medicine,STATE_TX,,,
1568543809,GENDER_M,HYDROCODONE,OXYCODONE,SPCLTY_Family Practice,STATE_NE,,
1568546646,FENTANYL,GENDER_M,HYDROCODONE,OXYCODONE,SPCLTY_Family Practice,STATE_PA,TRAMADOL
1568548337,GENDER_M,HYDROCODONE,SPCLTY_Dentist,STATE_GA,,,
1568553030,FENTANYL,GENDER_M,HYDROCODONE,OXYCODONE,SPCLTY_Family Practice,STATE_CA,TRAMADOL
1568556751,GENDER_M,OXYCODONE,SPCLTY_Emergency Medicine,STATE_NJ,,,
1568557346,GENDER_M,HYDROCODONE,SPCLTY_Cardiology,STATE_NJ,,,
1568559029,FENTANYL,GENDER_F,HYDROCODONE,OXYCODONE,SPCLTY_Family Practice,STATE_ID,TRAMADOL
1568559375,GENDER_M,HYDROCODONE,SPCLTY_Family Practice,STATE_AZ,,,
1568562247,GENDER_F,SPCLTY_Internal Medicine,STATE_CA,TRAMADOL,,,
1568563245,GENDER_F,SPCLTY_Neurology,STATE_MA,TRAMADOL,,,
1568563625,GENDER_F,HYDROCODONE,SPCLTY_Internal Medicine,STATE_FL,TRAMADOL,,
1568565026,GENDER_M,HYDROCODONE,SPCLTY_Dentist,STATE_WI,,,
1568565083,GENDER_F,HYDROCODONE,SPCLTY_General Practice,STATE_LA,,,
1568568368,GENDER_M,SPCLTY_Pulmonary Disease,STATE_MA,TRAMADOL,,,
1568585206,FENTANYL,GENDER_F,HYDROCODONE,OXYCODONE,SPCLTY_Medical Oncology,STATE_CO,
1568587632,GENDER_F,OXYCODONE,SPCLTY_Psychiatry & Neurolog,STATE_NH,,,
1568598159,GENDER_M,OXYCODONE,SPCLTY_Cardiac Electrophysio,STATE_FL,,,
1568599223,FENTANYL,GENDER_F,OXYCODONE,SPCLTY_Physician Assistant,STATE_VT,TRAMADOL,
1568604569,GENDER_M,HYDROCODONE,SPCLTY_Emergency Medicine,STATE_AR,,,
1568620227,GENDER_F,HYDROCODONE,SPCLTY_Family Practice,STATE_WA,TRAMADOL,,
1568627339,GENDER_F,HYDROCODONE,SPCLTY_Physician Assistant,STATE_NY,,,
1568628485,GENDER_M,HYDROCODONE,SPCLTY_Internal Medicine,STATE_IL,,,
1568630127,GENDER_M,HYDROCODONE,SPCLTY_Nurse Practitioner,STATE_IN,,,
1568632503,GENDER_F,OXYCODONE,SPCLTY_Nurse Practitioner,STATE_CA,,,
1568635464,GENDER_F,SPCLTY_Family Practice,STATE_DC,TRAMADOL,,,
1568656445,FENTANYL,GENDER_M,HYDROCODONE,OXYCODONE,SPCLTY_Family Practice,STATE_IL,TRAMADOL
1568660652,GENDER_M,OXYCODONE,SPCLTY_Internal Medicine,STATE_PA,TRAMADOL,,
1568661437,GENDER_M,HYDROCODONE,SPCLTY_Physician Assistant,STATE_LA,TRAMADOL,,
1568662484,GENDER_M,HYDROCODONE,SPCLTY_Dentist,STATE_OK,,,
1568662732,GENDER_M,HYDROCODONE,OXYCODONE,SPCLTY_Internal Medicine,STATE_OH,TRAMADOL,
1568662815,GENDER_F,HYDROCODONE,SPCLTY_Internal Medicine,STATE_TX,,,
1568664480,FENTANYL,GENDER_F,HYDROCODONE,OXYCODONE,SPCLTY_Hematology/Oncology,STATE_SC,TRAMADOL
1568664738,GENDER_M,HYDROCODONE,SPCLTY_Nurse Practitioner,STATE_TX,TRAMADOL,,
1568668325,GENDER_M,HYDROCODONE,OXYCODONE,SPCLTY_Internal Medicine,STATE_HI,TRAMADOL,
1568674687,GENDER_F,HYDROCODONE,SPCLTY_Family Practice,STATE_GA,TRAMADOL,,
1568682011,GENDER_M,HYDROCODONE,SPCLTY_Dentist,STATE_WY,,,
1568686905,GENDER_M,HYDROCODONE,SPCLTY_Oral Surgery (dentist,STATE_TX,TRAMADOL,,
1568689651,GENDER_F,HYDROCODONE,OXYCODONE,SPCLTY_Nurse Practitioner,STATE_MD,TRAMADOL,
1568690758,FENTANYL,GENDER_M,HYDROCODONE,SPCLTY_Family Practice,STATE_SD,TRAMADOL,
1568695179,GENDER_F,SPCLTY_Nurse Practitioner,STATE_MI,TRAMADOL,,,
1568717767,GENDER_M,HYDROCODONE,SPCLTY_Emergency Medicine,STATE_TX,,,
1568728343,GENDER_M,HYDROCODONE,SPCLTY_Student in an Organiz,STATE_IL,,,
1568751790,GENDER_M,HYDROCODONE,SPCLTY_Family Medicine,STATE_OH,,,
1568757227,GENDER_M,HYDROCODONE,SPCLTY_Family Practice,STATE_IN,,,
1568778736,GENDER_F,OXYCODONE,SPCLTY_Physician Assistant,STATE_NC,,,
1568787463,GENDER_F,HYDROCODONE,SPCLTY_Family Practice,STATE_IA,TRAMADOL,,
1568787927,GENDER_F,HYDROCODONE,SPCLTY_Emergency Medicine,STATE_MD,,,
1568789477,GENDER_F,OXYCODONE,SPCLTY_Family Practice,STATE_DE,TRAMADOL,,
1568790046,FENTANYL,GENDER_F,HYDROCODONE,OXYCODONE,SPCLTY_Family Practice,STATE_OR,TRAMADOL
1568795821,FENTANYL,GENDER_M,HYDROCODONE,OXYCODONE,SPCLTY_Nurse Practitioner,STATE_CT,TRAMADOL
1568797108,GENDER_F,SPCLTY_Physician Assistant,STATE_FL,TRAMADOL,,,
1568799831,GENDER_F,HYDROCODONE,OXYCODONE,SPCLTY_Nurse Practitioner,STATE_ME,TRAMADOL,
1568897452,GENDER_F,HYDROCODONE,SPCLTY_Nurse Practitioner,STATE_IN,,,
1578511994,GENDER_F,OXYCODONE,SPCLTY_Pediatric Medicine,STATE_PA,,,
1578512646,GENDER_M,OXYCODONE,SPCLTY_Plastic and Reconstru,STATE_AR,,,
1578518221,GENDER_F,HYDROCODONE,SPCLTY_Nurse Practitioner,STATE_IL,,,
1578520482,GENDER_M,HYDROCODONE,SPCLTY_General Surgery,STATE_KY,,,
1578520672,GENDER_M,HYDROCODONE,OXYCODONE,SPCLTY_Hand Surgery,STATE_AL,TRAMADOL,
1578521902,GENDER_M,HYDROCODONE,SPCLTY_Family Practice,STATE_IL,TRAMADOL,,
1578522520,GENDER_M,HYDROCODONE,OXYCODONE,SPCLTY_Emergency Medicine,STATE_MD,,
1578525994,GENDER_F,HYDROCODONE,OXYCODONE,SPCLTY_Internal Medicine,STATE_NY,TRAMADOL,
1578526380,FENTANYL,GENDER_F,HYDROCODONE,OXYCODONE,SPCLTY_Family Practice,STATE_PA,TRAMADOL
1578526810,GENDER_M,HYDROCODONE,SPCLTY_Hematology/Oncology,STATE_KY,TRAMADOL,,
1578528410,GENDER_M,HYDROCODONE,OXYCODONE,SPCLTY_Family Practice,STATE_PA,TRAMADOL,
1578532735,GENDER_M,HYDROCODONE,SPCLTY_Family Practice,STATE_CA,TRAMADOL,,
1578534384,GENDER_M,HYDROCODONE,SPCLTY_Urology,STATE_MI,,,
1578537312,GENDER_F,HYDROCODONE,SPCLTY_Family Practice,STATE_TX,,,
1578540183,GENDER_M,HYDROCODONE,SPCLTY_Family Practice,STATE_TX,TRAMADOL,,
1578541223,GENDER_F,SPCLTY_Physician Assistant,STATE_FL,TRAMADOL,,,
1578542213,FENTANYL,GENDER_M,HYDROCODONE,OXYCODONE,SPCLTY_Family Practice,STATE_ID,TRAMADOL
1578544755,FENTANYL,GENDER_M,HYDROCODONE,OXYCODONE,SPCLTY_Family Practice,STATE_CA,TRAMADOL
1578545349,GENDER_M,OXYCODONE,SPCLTY_Hematology/Oncology,STATE_PA,,,
1578545711,GENDER_F,HYDROCODONE,OXYCODONE,SPCLTY_Emergency Medicine,STATE_AL,TRAMADOL,
1578547782,GENDER_M,HYDROCODONE,SPCLTY_Physician Assistant,STATE_CA,TRAMADOL,,
1578547956,GENDER_M,SPCLTY_Family Practice,STATE_IN,TRAMADOL,,,
1578548145,GENDER_M,HYDROCODONE,SPCLTY_Family Practice,STATE_MN,TRAMADOL,,
1578549234,GENDER_M,HYDROCODONE,OXYCODONE,SPCLTY_Family Practice,STATE_CA,TRAMADOL,
1578549440,GENDER_M,OXYCODONE,SPCLTY_Thoracic Surgery,STATE_FL,,,
1578552527,FENTANYL,GENDER_M,HYDROCODONE,OXYCODONE,SPCLTY_Internal Medicine,STATE_MA,TRAMADOL
1578553137,FENTANYL,GENDER_M,HYDROCODONE,OXYCODONE,SPCLTY_Family Practice,STATE_KS,TRAMADOL
1578554010,GENDER_M,SPCLTY_Neurology,STATE_AL,TRAMADOL,,,
1578556304,GENDER_M,HYDROCODONE,OXYCODONE,SPCLTY_Emergency Medicine,STATE_UT,,
1578557872,GENDER_F,HYDROCODONE,OXYCODONE,SPCLTY_Family Practice,STATE_MO,TRAMADOL,
1578558805,FENTANYL,GENDER_M,HYDROCODONE,OXYCODONE,SPCLTY_Family Practice,STATE_GA,TRAMADOL
1578559027,GENDER_M,HYDROCODONE,SPCLTY_Emergency Medicine,STATE_MO,TRAMADOL,,
1578559449,GENDER_M,HYDROCODONE,OXYCODONE,SPCLTY_Family Practice,STATE_OH,TRAMADOL,
1578560918,GENDER_M,OXYCODONE,SPCLTY_Ophthalmology,STATE_ME,,,
1578561379,GENDER_F,HYDROCODONE,SPCLTY_Nurse Practitioner,STATE_OH,TRAMADOL,,
1578562013,GENDER_M,HYDROCODONE,OXYCODONE,SPCLTY_Family Practice,STATE_OH,TRAMADOL,
1578562039,GENDER_F,SPCLTY_Physician Assistant,STATE_SC,TRAMADOL,,,
1578562096,GENDER_M,SPCLTY_Nurse Practitioner,STATE_AL,TRAMADOL,,,
1578563847,FENTANYL,GENDER_M,HYDROCODONE,OXYCODONE,SPCLTY_General Practice,STATE_LA,TRAMADOL
1578565511,GENDER_M,HYDROCODONE,SPCLTY_Orthopedic Surgery,STATE_MA,,,
1578566113,GENDER_F,SPCLTY_Nurse Practitioner,STATE_PA,TRAMADOL,,,
1578566527,GENDER_M,HYDROCODONE,OXYCODONE,SPCLTY_Orthopedic Surgery,STATE_GA,TRAMADOL,
1578568291,GENDER_M,HYDROCODONE,OXYCODONE,SPCLTY_Orthopedic Surgery,STATE_FL,TRAMADOL,
1578568812,GENDER_M,HYDROCODONE,OXYCODONE,SPCLTY_Family Practice,STATE_WA,TRAMADOL,
1578569729,GENDER_F,HYDROCODONE,SPCLTY_Family Practice,STATE_WI,TRAMADOL,,
1578571402,GENDER_F,HYDROCODONE,OXYCODONE,SPCLTY_Nurse Practitioner,STATE_ME,,
1578573259,FENTANYL,GENDER_M,HYDROCODONE,OXYCODONE,SPCLTY_Internal Medicine,STATE_WI,TRAMADOL
1578574687,GENDER_F,HYDROCODONE,SPCLTY_Nurse Practitioner,STATE_IA,TRAMADOL,,
1578577680,GENDER_M,SPCLTY_Dentist,STATE_NY,TRAMADOL,,,
1578577789,GENDER_F,HYDROCODONE,SPCLTY_Physician Assistant,STATE_CA,TRAMADOL,,
1578582391,FENTANYL,GENDER_M,HYDROCODONE,OXYCODONE,SPCLTY_Family Practice,STATE_MI,TRAMADOL
1578586277,FENTANYL,GENDER_M,HYDROCODONE,OXYCODONE,SPCLTY_Family Practice,STATE_IN,TRAMADOL
1578586624,FENTANYL,GENDER_M,HYDROCODONE,OXYCODONE,SPCLTY_Psychiatry,STATE_NC,TRAMADOL
1578586814,GENDER_M,HYDROCODONE,SPCLTY_Family Practice,STATE_CA,TRAMADOL,,
1578590592,GENDER_M,HYDROCODONE,SPCLTY_Emergency Medicine,STATE_CO,,,
1578592978,FENTANYL,GENDER_M,HYDROCODONE,OXYCODONE,SPCLTY_Internal Medicine,STATE_NY,TRAMADOL
1578597407,FENTANYL,GENDER_F,HYDROCODONE,OXYCODONE,SPCLTY_Nurse Practitioner,STATE_MN,TRAMADOL
1578599288,GENDER_F,HYDROCODONE,SPCLTY_Hematology/Oncology,STATE_WI,,,
1578602082,GENDER_M,HYDROCODONE,SPCLTY_Oral Surgery (dentist,STATE_IL,,,
1578604633,GENDER_M,HYDROCODONE,OXYCODONE,SPCLTY_Family Practice,STATE_IN,TRAMADOL,
1578610267,FENTANYL,GENDER_F,HYDROCODONE,OXYCODONE,SPCLTY_Nurse Practitioner,STATE_PA,TRAMADOL
1578610382,FENTANYL,GENDER_M,HYDROCODONE,SPCLTY_Radiation Oncology,STATE_MO,,
1578611513,FENTANYL,GENDER_F,HYDROCODONE,SPCLTY_Internal Medicine,STATE_CA,,
1578614657,GENDER_M,HYDROCODONE,OXYCODONE,SPCLTY_Internal Medicine,STATE_CA,TRAMADOL,
1578615456,GENDER_M,HYDROCODONE,OXYCODONE,SPCLTY_Emergency Medicine,STATE_FL,TRAMADOL,
1578619474,GENDER_M,HYDROCODONE,OXYCODONE,SPCLTY_Family Practice,STATE_AZ,TRAMADOL,
1578638110,GENDER_F,OXYCODONE,SPCLTY_Physician Assistant,STATE_NC,,,
1578638573,GENDER_M,HYDROCODONE,OXYCODONE,SPCLTY_Endocrinology,STATE_NY,TRAMADOL,
1578640413,FENTANYL,GENDER_M,HYDROCODONE,OXYCODONE,SPCLTY_Internal Medicine,STATE_CA,TRAMADOL
1578648580,GENDER_F,HYDROCODONE,OXYCODONE,SPCLTY_Physician Assistant,STATE_VA,,
1578655148,GENDER_F,HYDROCODONE,OXYCODONE,SPCLTY_Internal Medicine,STATE_WA,TRAMADOL,
1578655866,GENDER_M,HYDROCODONE,OXYCODONE,SPCLTY_Family Practice,STATE_WA,TRAMADOL,
1578659025,GENDER_M,HYDROCODONE,OXYCODONE,SPCLTY_Internal Medicine,STATE_OH,TRAMADOL,
1578661070,FENTANYL,GENDER_M,HYDROCODONE,SPCLTY_Anesthesiology,STATE_PA,TRAMADOL,
1578662581,GENDER_M,HYDROCODONE,SPCLTY_Family Practice,STATE_FL,,,
1578670089,FENTANYL,GENDER_F,HYDROCODONE,OXYCODONE,SPCLTY_Family Practice,STATE_WI,TRAMADOL
1578672614,GENDER_F,HYDROCODONE,SPCLTY_Internal Medicine,STATE_MO,TRAMADOL,,
1578674453,GENDER_M,OXYCODONE,SPCLTY_Anesthesiology,STATE_WA,,,
1578676243,GENDER_F,HYDROCODONE,OXYCODONE,SPCLTY_Family Practice,STATE_CA,TRAMADOL,
1578677688,GENDER_M,HYDROCODONE,SPCLTY_Oral & Maxillofacial,STATE_PA,,,
1578689378,FENTANYL,GENDER_F,HYDROCODONE,OXYCODONE,SPCLTY_Nurse Practitioner,STATE_PA,TRAMADOL
1578690566,GENDER_M,HYDROCODONE,SPCLTY_Ophthalmology,STATE_OR,,,
1578700902,GENDER_F,HYDROCODONE,OXYCODONE,SPCLTY_Physician Assistant,STATE_MT,,
1578715637,GENDER_F,HYDROCODONE,SPCLTY_Physician Assistant,STATE_TX,TRAMADOL,,
1578716338,FENTANYL,GENDER_M,HYDROCODONE,OXYCODONE,SPCLTY_Nurse Practitioner,STATE_MA,TRAMADOL
1578720900,GENDER_F,HYDROCODONE,OXYCODONE,SPCLTY_Family Practice,STATE_MN,TRAMADOL,
1578723318,FENTANYL,GENDER_M,HYDROCODONE,OXYCODONE,SPCLTY_Family Practice,STATE_WI,TRAMADOL
1578724142,GENDER_F,OXYCODONE,SPCLTY_Emergency Medicine,STATE_FL,,,
1578725081,GENDER_M,HYDROCODONE,OXYCODONE,SPCLTY_Emergency Medicine,STATE_MN,,
1578726899,FENTANYL,GENDER_F,HYDROCODONE,OXYCODONE,SPCLTY_Internal Medicine,STATE_MI,TRAMADOL
1578727574,GENDER_F,OXYCODONE,SPCLTY_Obstetrics/Gynecology,STATE_NY,,,
1578731600,GENDER_F,HYDROCODONE,OXYCODONE,SPCLTY_Internal Medicine,STATE_VA,TRAMADOL,
1578732772,GENDER_M,OXYCODONE,SPCLTY_Internal Medicine,STATE_FL,,,
1578752291,FENTANYL,GENDER_F,HYDROCODONE,OXYCODONE,SPCLTY_Family Practice,STATE_PA,TRAMADOL
1578755328,GENDER_F,HYDROCODONE,SPCLTY_Physician Assistant,STATE_IA,TRAMADOL,,
1578763157,GENDER_F,HYDROCODONE,OXYCODONE,SPCLTY_Emergency Medicine,STATE_WV,,
1578763405,GENDER_F,HYDROCODONE,SPCLTY_Physician Assistant,STATE_WI,,,
1578763462,GENDER_F,HYDROCODONE,SPCLTY_Internal Medicine,STATE_TX,TRAMADOL,,
1578766028,GENDER_F,HYDROCODONE,SPCLTY_Emergency Medicine,STATE_IA,,,
1578769824,GENDER_M,HYDROCODONE,OXYCODONE,SPCLTY_Orthopedic Surgery,STATE_MT,,
1578778676,GENDER_M,HYDROCODONE,SPCLTY_Orthopedic Surgery,STATE_PA,,,
1578779872,GENDER_F,HYDROCODONE,OXYCODONE,SPCLTY_Family Practice,STATE_PA,TRAMADOL,
1578782108,GENDER_M,OXYCODONE,SPCLTY_Internal Medicine,STATE_NY,,,
1578784435,GENDER_F,HYDROCODONE,SPCLTY_Internal Medicine,STATE_TX,,,
1578791646,GENDER_F,OXYCODONE,SPCLTY_Ophthalmology,STATE_PA,,,
1578793980,GENDER_M,HYDROCODONE,SPCLTY_Dentist,STATE_SC,,,
1578794897,GENDER_M,HYDROCODONE,SPCLTY_Physician Assistant,STATE_WI,,,
1578804274,FENTANYL,GENDER_F,HYDROCODONE,OXYCODONE,SPCLTY_Nurse Practitioner,STATE_MD,TRAMADOL
1578808770,GENDER_F,HYDROCODONE,OXYCODONE,SPCLTY_Nurse Practitioner,STATE_ME,TRAMADOL,
1578815023,GENDER_F,HYDROCODONE,SPCLTY_Nurse Practitioner,STATE_NV,TRAMADOL,,
1578818928,GENDER_F,HYDROCODONE,SPCLTY_Nurse Practitioner,STATE_NY,,,
1578819355,GENDER_M,HYDROCODONE,SPCLTY_Dentist,STATE_TX,,,
1578827499,GENDER_F,OXYCODONE,SPCLTY_General Acute Care Ho,STATE_IA,,,
1578829362,GENDER_F,OXYCODONE,SPCLTY_Student in an Organiz,STATE_VA,,,
1578832697,GENDER_F,HYDROCODONE,SPCLTY_Physician Assistant,STATE_CA,TRAMADOL,,
1578835922,GENDER_F,SPCLTY_Nurse Practitioner,STATE_IN,TRAMADOL,,,
1578839593,GENDER_F,SPCLTY_Physician Assistant,STATE_TX,TRAMADOL,,,
1578840526,FENTANYL,GENDER_F,HYDROCODONE,OXYCODONE,SPCLTY_Nurse Practitioner,STATE_MA,
1578841292,GENDER_F,OXYCODONE,SPCLTY_Physician Assistant,STATE_NY,,,
1578849097,GENDER_F,HYDROCODONE,SPCLTY_Nurse Practitioner,STATE_IL,,,
1578858718,FENTANYL,GENDER_F,HYDROCODONE,SPCLTY_Nurse Practitioner,STATE_IL,TRAMADOL,
1578874368,GENDER_F,HYDROCODONE,OXYCODONE,SPCLTY_Family Practice,STATE_TX,,
1578878146,GENDER_F,HYDROCODONE,OXYCODONE,SPCLTY_Nurse Practitioner,STATE_MN,,
1578898383,GENDER_F,HYDROCODONE,SPCLTY_Nurse Practitioner,STATE_CA,TRAMADOL,,
1578900890,GENDER_F,HYDROCODONE,SPCLTY_Physician Assistant,STATE_PA,,,
1578907622,GENDER_F,OXYCODONE,SPCLTY_Student in an Organiz,STATE_OH,,,
1578972279,FENTANYL,GENDER_F,OXYCODONE,SPCLTY_Nurse Practitioner,STATE_MA,TRAMADOL,
1588003990,GENDER_F,HYDROCODONE,SPCLTY_Nurse Practitioner,STATE_SC,,,
1588086672,GENDER_M,HYDROCODONE,SPCLTY_Physician Assistant,STATE_SC,,,
1588093603,GENDER_M,HYDROCODONE,SPCLTY_Dentist,STATE_TX,,,
1588093843,FENTANYL,GENDER_M,HYDROCODONE,SPCLTY_Internal Medicine,STATE_NY,TRAMADOL,
1588603039,GENDER_M,OXYCODONE,SPCLTY_Orthopedic Surgery,STATE_UT,,,
1588607675,GENDER_M,HYDROCODONE,SPCLTY_General Surgery,STATE_WI,,,
1588610943,GENDER_M,HYDROCODONE,OXYCODONE,SPCLTY_Internal Medicine,STATE_NY,,
1588612477,GENDER_F,HYDROCODONE,OXYCODONE,SPCLTY_Emergency Medicine,STATE_CA,,
1588613095,GENDER_M,HYDROCODONE,OXYCODONE,SPCLTY_Internal Medicine,STATE_NC,TRAMADOL,
1588614952,GENDER_M,HYDROCODONE,OXYCODONE,SPCLTY_Geriatric Medicine,STATE_FL,TRAMADOL,
1588615207,GENDER_F,HYDROCODONE,SPCLTY_Internal Medicine,STATE_CA,TRAMADOL,,
1588616569,GENDER_F,HYDROCODONE,SPCLTY_Emergency Medicine,STATE_NC,,,
1588616734,GENDER_F,SPCLTY_Preventive Medicine,STATE_AZ,TRAMADOL,,,
1588621023,GENDER_M,OXYCODONE,SPCLTY_Gastroenterology,STATE_VA,,,
1588621742,GENDER_M,OXYCODONE,SPCLTY_Family Practice,STATE_AR,TRAMADOL,,
1588624035,GENDER_F,HYDROCODONE,SPCLTY_Emergency Medicine,STATE_PA,,,
1588625875,FENTANYL,GENDER_M,HYDROCODONE,OXYCODONE,SPCLTY_Hematology/Oncology,STATE_IL,
1588626527,GENDER_M,HYDROCODONE,OXYCODONE,SPCLTY_Internal Medicine,STATE_NC,TRAMADOL,
1588632343,GENDER_M,SPCLTY_Nurse Practitioner,STATE_MO,TRAMADOL,,,
1588633358,GENDER_M,HYDROCODONE,OXYCODONE,SPCLTY_Family Practice,STATE_SC,TRAMADOL,
1588634240,GENDER_F,OXYCODONE,SPCLTY_Physician Assistant,STATE_PA,,,
1588635916,GENDER_M,HYDROCODONE,SPCLTY_Urology,STATE_NJ,,,
1588639512,GENDER_M,HYDROCODONE,SPCLTY_Otolaryngology,STATE_AR,,,
1588641310,GENDER_M,HYDROCODONE,SPCLTY_Dentist,STATE_NC,,,
1588641500,GENDER_M,OXYCODONE,SPCLTY_Otolaryngology,STATE_NC,,,
1588642755,GENDER_M,HYDROCODONE,SPCLTY_Cardiology,STATE_WI,TRAMADOL,,
1588645675,GENDER_M,HYDROCODONE,OXYCODONE,SPCLTY_Urology,STATE_NC,,
1588647317,FENTANYL,GENDER_M,HYDROCODONE,OXYCODONE,SPCLTY_Internal Medicine,STATE_OR,TRAMADOL
1588648174,FENTANYL,GENDER_M,HYDROCODONE,OXYCODONE,SPCLTY_Family Practice,STATE_MN,TRAMADOL
1588648299,GENDER_M,HYDROCODONE,SPCLTY_Emergency Medicine,STATE_NV,,,
1588648646,GENDER_F,HYDROCODONE,SPCLTY_General Surgery,STATE_NC,,,
1588652499,GENDER_F,HYDROCODONE,OXYCODONE,SPCLTY_Family Practice,STATE_WV,TRAMADOL,
1588653695,FENTANYL,GENDER_F,HYDROCODONE,OXYCODONE,SPCLTY_Nurse Practitioner,STATE_IN,TRAMADOL
1588654057,FENTANYL,GENDER_M,HYDROCODONE,SPCLTY_General Surgery,STATE_IL,,
1588654776,GENDER_F,HYDROCODONE,OXYCODONE,SPCLTY_Family Practice,STATE_MI,TRAMADOL,
1588658942,FENTANYL,GENDER_M,OXYCODONE,SPCLTY_Hematology/Oncology,STATE_PA,,
1588659205,GENDER_M,HYDROCODONE,SPCLTY_Urology,STATE_FL,,,
1588659312,FENTANYL,GENDER_M,HYDROCODONE,OXYCODONE,SPCLTY_Internal Medicine,STATE_FL,TRAMADOL
1588661458,FENTANYL,GENDER_M,HYDROCODONE,OXYCODONE,SPCLTY_Family Practice,STATE_KY,TRAMADOL
1588661615,GENDER_M,HYDROCODONE,OXYCODONE,SPCLTY_Family Practice,STATE_NY,TRAMADOL,
1588663082,GENDER_F,HYDROCODONE,SPCLTY_Physician Assistant,STATE_SC,TRAMADOL,,
1588663272,GENDER_M,HYDROCODONE,SPCLTY_Orthopedic Surgery,STATE_IL,TRAMADOL,,
1588665228,GENDER_M,HYDROCODONE,SPCLTY_Endocrinology,STATE_TX,TRAMADOL,,
1588666929,GENDER_M,HYDROCODONE,OXYCODONE,SPCLTY_Physician Assistant,STATE_NC,TRAMADOL,
1588667232,GENDER_F,HYDROCODONE,OXYCODONE,SPCLTY_General Surgery,STATE_AZ,,
1588670855,GENDER_F,SPCLTY_Nurse Practitioner,STATE_LA,TRAMADOL,,,
1588673800,GENDER_M,HYDROCODONE,OXYCODONE,SPCLTY_Orthopedic Surgery,STATE_UT,TRAMADOL,
1588674014,GENDER_M,HYDROCODONE,OXYCODONE,SPCLTY_Neurology,STATE_FL,,
1588674055,GENDER_M,HYDROCODONE,SPCLTY_Otolaryngology,STATE_UT,,,
1588677975,GENDER_M,HYDROCODONE,SPCLTY_Dentist,STATE_NC,,,
1588680953,FENTANYL,GENDER_M,HYDROCODONE,OXYCODONE,SPCLTY_Family Practice,STATE_NE,TRAMADOL
1588681522,FENTANYL,GENDER_F,HYDROCODONE,OXYCODONE,SPCLTY_Internal Medicine,STATE_WI,TRAMADOL
1588684278,FENTANYL,GENDER_M,HYDROCODONE,OXYCODONE,SPCLTY_Family Practice,STATE_GA,TRAMADOL
1588684658,FENTANYL,GENDER_M,HYDROCODONE,OXYCODONE,SPCLTY_Pain Management,STATE_NY,TRAMADOL
1588685606,GENDER_M,HYDROCODONE,OXYCODONE,SPCLTY_Emergency Medicine,STATE_KY,,
1588685838,GENDER_M,HYDROCODONE,SPCLTY_Oral Surgery (dentist,STATE_NY,,,
1588686943,GENDER_M,OXYCODONE,SPCLTY_Obstetrics/Gynecology,STATE_AR,,,
1588688105,GENDER_M,HYDROCODONE,SPCLTY_Maxillofacial Surgery,STATE_WI,,,
1588691455,GENDER_M,HYDROCODONE,SPCLTY_Pulmonary Disease,STATE_CA,,,
1588693477,GENDER_M,SPCLTY_Internal Medicine,STATE_FL,TRAMADOL,,,
1588694350,FENTANYL,GENDER_M,HYDROCODONE,OXYCODONE,SPCLTY_Neurosurgery,STATE_OH,
1588695381,GENDER_F,HYDROCODONE,OXYCODONE,SPCLTY_Physician Assistant,STATE_NC,TRAMADOL,
1588697726,FENTANYL,GENDER_F,HYDROCODONE,OXYCODONE,SPCLTY_Internal Medicine,STATE_CO,TRAMADOL
1588698369,GENDER_F,HYDROCODONE,OXYCODONE,SPCLTY_Internal Medicine,STATE_NM,,
1588699490,GENDER_M,HYDROCODONE,OXYCODONE,SPCLTY_Internal Medicine,STATE_CA,TRAMADOL,
1588700876,GENDER_M,SPCLTY_Family Practice,STATE_IN,TRAMADOL,,,
1588718084,GENDER_M,HYDROCODONE,SPCLTY_Cardiology,STATE_NY,TRAMADOL,,
1588724454,GENDER_M,HYDROCODONE,SPCLTY_Urology,STATE_MI,,,
1588724504,GENDER_M,HYDROCODONE,SPCLTY_General Surgery,STATE_TX,,,
1588728778,GENDER_M,HYDROCODONE,SPCLTY_Family Practice,STATE_NC,TRAMADOL,,
1588730840,GENDER_M,HYDROCODONE,SPCLTY_Obstetrics/Gynecology,STATE_MO,,,
1588731673,GENDER_M,SPCLTY_Orthopedic Surgery,STATE_PR,TRAMADOL,,,
1588731863,FENTANYL,GENDER_M,HYDROCODONE,OXYCODONE,SPCLTY_Pain Management,STATE_OH,
1588732267,GENDER_F,HYDROCODONE,SPCLTY_Nurse Practitioner,STATE_IA,TRAMADOL,,
1588732366,FENTANYL,GENDER_M,HYDROCODONE,OXYCODONE,SPCLTY_Family Practice,STATE_MS,TRAMADOL
1588732911,GENDER_F,OXYCODONE,SPCLTY_Colorectal Surgery (f,STATE_MN,,,
1588733992,GENDER_M,HYDROCODONE,OXYCODONE,SPCLTY_Urology,STATE_TN,,
1588740344,GENDER_F,HYDROCODONE,SPCLTY_Dentist,STATE_TN,,,
1588740575,GENDER_M,HYDROCODONE,OXYCODONE,SPCLTY_Family Practice,STATE_KY,TRAMADOL,
1588746515,FENTANYL,GENDER_F,HYDROCODONE,OXYCODONE,SPCLTY_Family Practice,STATE_IA,TRAMADOL
1588750103,FENTANYL,GENDER_F,HYDROCODONE,OXYCODONE,SPCLTY_Internal Medicine,STATE_SC,TRAMADOL
1588754915,GENDER_M,HYDROCODONE,SPCLTY_Oral Surgery (dentist,STATE_TX,,,
1588757066,GENDER_M,HYDROCODONE,SPCLTY_Family Practice,STATE_HI,,,
1588759781,GENDER_M,HYDROCODONE,OXYCODONE,SPCLTY_Neurology,STATE_FL,TRAMADOL,
1588773758,GENDER_M,HYDROCODONE,OXYCODONE,SPCLTY_Orthopedic Surgery,STATE_NJ,,
1588774400,FENTANYL,GENDER_M,HYDROCODONE,SPCLTY_Family Practice,STATE_TX,TRAMADOL,
1588777502,GENDER_F,OXYCODONE,SPCLTY_Internal Medicine,STATE_NY,,,
1588778542,GENDER_M,HYDROCODONE,SPCLTY_Internal Medicine,STATE_CA,,,
1588785109,GENDER_M,HYDROCODONE,SPCLTY_Dentist,STATE_TN,,,
1588787634,GENDER_M,HYDROCODONE,OXYCODONE,SPCLTY_Orthopedic Surgery,STATE_GA,TRAMADOL,
1588794085,GENDER_M,HYDROCODONE,SPCLTY_Internal Medicine,STATE_CA,,,
1588795264,GENDER_M,HYDROCODONE,SPCLTY_Legal Medicine,STATE_UT,,,
1588796353,GENDER_M,HYDROCODONE,SPCLTY_Dentist,STATE_MD,,,
1588799084,GENDER_F,OXYCODONE,SPCLTY_Dentist,STATE_LA,,,
1588807945,GENDER_F,HYDROCODONE,SPCLTY_Nurse Practitioner,STATE_TN,TRAMADOL,,
1588815021,GENDER_M,HYDROCODONE,SPCLTY_Nurse Practitioner,STATE_SC,TRAMADOL,,
1588819817,GENDER_F,HYDROCODONE,SPCLTY_Physician Assistant,STATE_CA,TRAMADOL,,
1588824973,FENTANYL,GENDER_M,HYDROCODONE,OXYCODONE,SPCLTY_Internal Medicine,STATE_CA,TRAMADOL
1588855811,GENDER_F,SPCLTY_Nurse Practitioner,STATE_MO,TRAMADOL,,,
1588867394,GENDER_M,HYDROCODONE,OXYCODONE,SPCLTY_Orthopedic Surgery,STATE_WA,,
1588868426,GENDER_M,HYDROCODONE,SPCLTY_Urology,STATE_MI,,,
1588870901,GENDER_M,SPCLTY_Nephrology,STATE_PA,TRAMADOL,,,
1588873715,GENDER_M,HYDROCODONE,SPCLTY_Thoracic Surgery,STATE_AZ,,,
1588890115,FENTANYL,GENDER_F,HYDROCODONE,OXYCODONE,SPCLTY_Hospice and Palliativ,STATE_TX,
1588918130,GENDER_F,HYDROCODONE,SPCLTY_Nurse Practitioner,STATE_IL,,,
1588923049,GENDER_M,HYDROCODONE,OXYCODONE,SPCLTY_Student in an Organiz,STATE_WV,TRAMADOL,
1588929855,GENDER_M,HYDROCODONE,SPCLTY_Emergency Medicine,STATE_MS,,,
1588950638,GENDER_M,HYDROCODONE,SPCLTY_Student in an Organiz,STATE_CA,,,
1588954895,GENDER_M,HYDROCODONE,SPCLTY_Emergency Medicine,STATE_OK,,,
1588977524,GENDER_M,HYDROCODONE,SPCLTY_Emergency Medicine,STATE_OH,,,
1588981500,GENDER_M,HYDROCODONE,SPCLTY_General Practice,STATE_WA,,,
1588990956,FENTANYL,GENDER_F,OXYCODONE,SPCLTY_Nurse Practitioner,STATE_NY,,
1598007858,GENDER_F,OXYCODONE,SPCLTY_Physician Assistant,STATE_CT,,,
1598012775,GENDER_F,HYDROCODONE,OXYCODONE,SPCLTY_Emergency Medicine,STATE_FL,TRAMADOL,
1598035768,FENTANYL,GENDER_F,HYDROCODONE,OXYCODONE,SPCLTY_Nurse Practitioner,STATE_WI,TRAMADOL
1598043671,GENDER_M,HYDROCODONE,SPCLTY_Dentist,STATE_CA,,,
1598044299,GENDER_M,OXYCODONE,SPCLTY_Student in an Organiz,STATE_CT,,,
1598075038,GENDER_F,HYDROCODONE,SPCLTY_Physician Assistant,STATE_IL,TRAMADOL,,
1598081168,GENDER_F,SPCLTY_Nurse Practitioner,STATE_FL,TRAMADOL,,,
1598083271,GENDER_M,HYDROCODONE,SPCLTY_Dentist,STATE_FL,,,
1598083578,GENDER_M,OXYCODONE,SPCLTY_Emergency Medicine,STATE_AL,,,
1598084691,GENDER_M,SPCLTY_Family Practice,STATE_MI,TRAMADOL,,,
1598086050,GENDER_M,HYDROCODONE,SPCLTY_Internal Medicine,STATE_OK,,,
1598191462,GENDER_F,SPCLTY_Nurse Practitioner,STATE_DC,TRAMADOL,,,
1598197204,GENDER_F,HYDROCODONE,OXYCODONE,SPCLTY_Nurse Practitioner,STATE_MD,,
1598701526,GENDER_M,HYDROCODONE,SPCLTY_Emergency Medicine,STATE_CA,,,
1598701690,GENDER_M,HYDROCODONE,SPCLTY_Physician Assistant,STATE_OR,,,
1598702250,GENDER_F,HYDROCODONE,SPCLTY_General Surgery,STATE_MI,,,
1598705311,GENDER_M,HYDROCODONE,SPCLTY_Physician Assistant,STATE_ID,TRAMADOL,,
1598710675,GENDER_F,HYDROCODONE,OXYCODONE,SPCLTY_Family Practice,STATE_AZ,TRAMADOL,
1598711681,GENDER_M,HYDROCODONE,OXYCODONE,SPCLTY_Orthopedic Surgery,STATE_CA,TRAMADOL,
1598712259,GENDER_M,HYDROCODONE,OXYCODONE,SPCLTY_Neurology,STATE_AZ,TRAMADOL,
1598713471,GENDER_M,SPCLTY_Family Practice,STATE_HI,TRAMADOL,,,
1598719536,GENDER_M,HYDROCODONE,SPCLTY_Cardiology,STATE_TN,,,
1598721243,FENTANYL,GENDER_M,HYDROCODONE,OXYCODONE,SPCLTY_Family Practice,STATE_SC,TRAMADOL
1598722043,GENDER_M,HYDROCODONE,OXYCODONE,SPCLTY_Orthopedic Surgery,STATE_AZ,TRAMADOL,
1598723645,GENDER_F,HYDROCODONE,OXYCODONE,SPCLTY_Internal Medicine,STATE_TN,TRAMADOL,
1598724593,GENDER_F,HYDROCODONE,SPCLTY_Family Practice,STATE_LA,,,
1598729741,GENDER_M,OXYCODONE,SPCLTY_General Surgery,STATE_PA,,,
1598729980,GENDER_M,HYDROCODONE,SPCLTY_Emergency Medicine,STATE_CA,TRAMADOL,,
1598730285,GENDER_M,HYDROCODONE,SPCLTY_Ophthalmology,STATE_GA,,,
1598731416,FENTANYL,GENDER_M,HYDROCODONE,OXYCODONE,SPCLTY_Family Practice,STATE_MN,TRAMADOL
1598732778,FENTANYL,GENDER_F,HYDROCODONE,OXYCODONE,SPCLTY_Internal Medicine,STATE_PA,TRAMADOL
1598732844,FENTANYL,GENDER_M,HYDROCODONE,OXYCODONE,SPCLTY_Internal Medicine,STATE_NY,TRAMADOL
1598733313,GENDER_F,SPCLTY_Physician Assistant,STATE_FL,TRAMADOL,,,
1598733362,GENDER_M,HYDROCODONE,OXYCODONE,SPCLTY_Orthopedic Surgery,STATE_OH,TRAMADOL,
1598737975,GENDER_F,HYDROCODONE,OXYCODONE,SPCLTY_Physician Assistant,STATE_CO,TRAMADOL,
1598739328,GENDER_F,HYDROCODONE,SPCLTY_Nurse Practitioner,STATE_CT,TRAMADOL,,
1598742306,GENDER_M,OXYCODONE,SPCLTY_Geriatric Medicine,STATE_MN,TRAMADOL,,
1598743957,FENTANYL,GENDER_M,SPCLTY_Internal Medicine,STATE_FL,,,
1598744344,FENTANYL,GENDER_M,HYDROCODONE,OXYCODONE,SPCLTY_Internal Medicine,STATE_NJ,TRAMADOL
1598746562,FENTANYL,GENDER_M,HYDROCODONE,OXYCODONE,SPCLTY_Family Practice,STATE_WV,TRAMADOL
1598747388,GENDER_F,HYDROCODONE,OXYCODONE,SPCLTY_Internal Medicine,STATE_NC,TRAMADOL,
1598748931,GENDER_F,HYDROCODONE,OXYCODONE,SPCLTY_Family Practice,STATE_AL,TRAMADOL,
1598749129,GENDER_M,HYDROCODONE,SPCLTY_Family Practice,STATE_TX,TRAMADOL,,
1598749400,GENDER_M,HYDROCODONE,SPCLTY_Family Practice,STATE_FL,TRAMADOL,,
1598754293,GENDER_M,OXYCODONE,SPCLTY_Urology,STATE_OH,,,
1598755407,GENDER_M,HYDROCODONE,SPCLTY_Dentist,STATE_TN,,,
1598755431,GENDER_M,HYDROCODONE,OXYCODONE,SPCLTY_Family Practice,STATE_PA,TRAMADOL,
1598755449,GENDER_M,HYDROCODONE,SPCLTY_Otolaryngology,STATE_ZZ,,,
1598757411,GENDER_M,HYDROCODONE,SPCLTY_General Surgery,STATE_IL,,,
1598758351,GENDER_M,HYDROCODONE,OXYCODONE,SPCLTY_Rheumatology,STATE_ME,TRAMADOL,
1598758849,GENDER_M,HYDROCODONE,OXYCODONE,SPCLTY_Orthopedic Surgery,STATE_LA,TRAMADOL,
1598761108,GENDER_M,HYDROCODONE,SPCLTY_Internal Medicine,STATE_MI,TRAMADOL,,
1598761124,FENTANYL,GENDER_M,HYDROCODONE,OXYCODONE,SPCLTY_General Practice,STATE_FL,TRAMADOL
1598771222,GENDER_M,OXYCODONE,SPCLTY_Emergency Medicine,STATE_NC,,,
1598772709,GENDER_M,OXYCODONE,SPCLTY_Urology,STATE_OH,,,
1598774077,GENDER_M,HYDROCODONE,OXYCODONE,SPCLTY_General Surgery,STATE_FL,,
1598777260,GENDER_F,HYDROCODONE,SPCLTY_Nurse Practitioner,STATE_TN,,,
1598779209,GENDER_M,SPCLTY_Ophthalmology,STATE_AR,TRAMADOL,,,
1598779779,GENDER_M,HYDROCODONE,SPCLTY_Internal Medicine,STATE_GA,TRAMADOL,,
1598780868,GENDER_M,HYDROCODONE,SPCLTY_Nurse Practitioner,STATE_TX,TRAMADOL,,
1598781536,GENDER_M,HYDROCODONE,SPCLTY_Dentist,STATE_NV,,,
1598781676,FENTANYL,GENDER_M,HYDROCODONE,OXYCODONE,SPCLTY_Anesthesiology,STATE_IL,TRAMADOL
1598791949,FENTANYL,GENDER_F,HYDROCODONE,SPCLTY_Internal Medicine,STATE_IL,TRAMADOL,
1598791964,GENDER_M,HYDROCODONE,OXYCODONE,SPCLTY_Emergency Medicine,STATE_FL,TRAMADOL,
1598793762,FENTANYL,GENDER_F,HYDROCODONE,OXYCODONE,SPCLTY_Family Practice,STATE_ME,TRAMADOL
1598803579,GENDER_F,OXYCODONE,SPCLTY_Nurse Practitioner,STATE_CO,,,
1598806986,GENDER_M,HYDROCODONE,SPCLTY_Plastic and Reconstru,STATE_CA,,,
1598815144,FENTANYL,GENDER_M,HYDROCODONE,OXYCODONE,SPCLTY_Family Practice,STATE_MN,TRAMADOL
1598819849,GENDER_M,HYDROCODONE,SPCLTY_Otolaryngology,STATE_KS,,,
1598820813,GENDER_M,HYDROCODONE,OXYCODONE,SPCLTY_Orthopedic Surgery,STATE_GA,TRAMADOL,
1598820979,GENDER_M,HYDROCODONE,SPCLTY_Registered Nurse,STATE_LA,,,
1598826190,GENDER_M,HYDROCODONE,SPCLTY_Dentist,STATE_GA,,,
1598829632,GENDER_M,OXYCODONE,SPCLTY_Emergency Medicine,STATE_WA,,,
1598830333,FENTANYL,GENDER_F,HYDROCODONE,OXYCODONE,SPCLTY_Family Practice,STATE_WI,TRAMADOL
1598830978,GENDER_M,HYDROCODONE,SPCLTY_Internal Medicine,STATE_GA,,,
1598841694,GENDER_M,HYDROCODONE,SPCLTY_Urology,STATE_CA,TRAMADOL,,
1598842924,FENTANYL,GENDER_M,HYDROCODONE,OXYCODONE,SPCLTY_Internal Medicine,STATE_MT,TRAMADOL
1598843203,GENDER_M,HYDROCODONE,SPCLTY_Internal Medicine,STATE_CA,,,
1598848863,GENDER_M,HYDROCODONE,SPCLTY_Dentist,STATE_GA,,,
1598851438,GENDER_M,HYDROCODONE,SPCLTY_General Practice,STATE_TX,TRAMADOL,,
1598860421,GENDER_M,HYDROCODONE,SPCLTY_Dentist,STATE_MD,,,
1598865321,GENDER_F,SPCLTY_Family Practice,STATE_ID,TRAMADOL,,,
1598874422,GENDER_M,HYDROCODONE,OXYCODONE,SPCLTY_Orthopedic Surgery,STATE_CA,,
1598879611,GENDER_M,HYDROCODONE,OXYCODONE,SPCLTY_Internal Medicine,STATE_WV,TRAMADOL,
1598880239,GENDER_M,HYDROCODONE,SPCLTY_Dentist,STATE_LA,,,
1598880676,GENDER_M,HYDROCODONE,SPCLTY_Physician Assistant,STATE_AZ,,,
1598881229,FENTANYL,GENDER_F,HYDROCODONE,OXYCODONE,SPCLTY_Internal Medicine,STATE_CA,TRAMADOL
1598881526,GENDER_M,OXYCODONE,SPCLTY_Family Practice,STATE_NY,,,
1598884033,GENDER_M,HYDROCODONE,SPCLTY_Neurology,STATE_OR,,,
1598886897,GENDER_M,OXYCODONE,SPCLTY_Radiation Oncology,STATE_MA,,,
1598887663,GENDER_M,HYDROCODONE,SPCLTY_Dentist,STATE_NY,,,
1598891806,GENDER_M,HYDROCODONE,SPCLTY_Otolaryngology,STATE_LA,,,
1598891863,GENDER_F,HYDROCODONE,SPCLTY_Emergency Medicine,STATE_MI,,,
1598897894,GENDER_M,HYDROCODONE,SPCLTY_Family Practice,STATE_CA,,,
1598919060,GENDER_M,HYDROCODONE,OXYCODONE,SPCLTY_Family Practice,STATE_UT,TRAMADOL,
1598924904,FENTANYL,GENDER_M,OXYCODONE,SPCLTY_Internal Medicine,STATE_NY,TRAMADOL,
1598928822,GENDER_F,HYDROCODONE,SPCLTY_Family Practice,STATE_CA,TRAMADOL,,
1598933921,GENDER_M,HYDROCODONE,SPCLTY_Physician Assistant,STATE_CA,TRAMADOL,,
1598934788,GENDER_F,SPCLTY_Physician Assistant,STATE_CA,TRAMADOL,,,
1598936841,GENDER_F,HYDROCODONE,SPCLTY_Emergency Medicine,STATE_CA,,,
1598937070,GENDER_M,HYDROCODONE,OXYCODONE,SPCLTY_Podiatry,STATE_PA,,
1598950545,GENDER_F,HYDROCODONE,SPCLTY_Family Practice,STATE_AK,,,
1598952160,GENDER_M,HYDROCODONE,SPCLTY_Internal Medicine,STATE_FL,TRAMADOL,,
1598956229,GENDER_F,HYDROCODONE,SPCLTY_Family Practice,STATE_FL,TRAMADOL,,
1598958282,GENDER_F,HYDROCODONE,SPCLTY_Physician Assistant,STATE_IL,TRAMADOL,,
1598960544,GENDER_F,HYDROCODONE,SPCLTY_Family Practice,STATE_OK,,,
1598962581,FENTANYL,GENDER_M,HYDROCODONE,OXYCODONE,SPCLTY_Family Practice,STATE_MO,TRAMADOL
1598962953,GENDER_M,HYDROCODONE,SPCLTY_Family Practice,STATE_IA,,,
1598971137,FENTANYL,GENDER_M,HYDROCODONE,SPCLTY_Family Practice,STATE_IL,TRAMADOL,
1598980849,GENDER_M,HYDROCODONE,SPCLTY_Dentist,STATE_FL,,,
1598982316,GENDER_M,HYDROCODONE,SPCLTY_General Surgery,STATE_KS,,,
1598989196,GENDER_M,HYDROCODONE,OXYCODONE,SPCLTY_Cardiology,STATE_NC,,
1598993065,FENTANYL,GENDER_M,HYDROCODONE,SPCLTY_Family Practice,STATE_KS,TRAMADOL,
1598998353,GENDER_M,HYDROCODONE,SPCLTY_Physician Assistant,STATE_AR,TRAMADOL,,
1609000850,GENDER_M,OXYCODONE,SPCLTY_Orthopedic Surgery,STATE_KY,,,
1609004746,GENDER_F,HYDROCODONE,SPCLTY_Dentist,STATE_LA,,,
1609005453,GENDER_M,OXYCODONE,SPCLTY_Internal Medicine,STATE_PA,,,
1609008069,GENDER_M,HYDROCODONE,OXYCODONE,SPCLTY_General Practice,STATE_GA,TRAMADOL,
1609022847,GENDER_M,HYDROCODONE,SPCLTY_Family Practice,STATE_TX,TRAMADOL,,
1609028042,GENDER_M,HYDROCODONE,SPCLTY_Family Practice,STATE_CA,,,
1609028612,GENDER_M,HYDROCODONE,SPCLTY_Family Practice,STATE_TX,,,
1609033232,GENDER_M,HYDROCODONE,SPCLTY_Neurological Surgery,STATE_NH,,,
1609035807,GENDER_F,HYDROCODONE,SPCLTY_Physician Assistant,STATE_WY,TRAMADOL,,
1609043355,GENDER_F,HYDROCODONE,OXYCODONE,SPCLTY_Family Practice,STATE_CA,TRAMADOL,
1609043827,GENDER_M,HYDROCODONE,OXYCODONE,SPCLTY_Nurse Practitioner,STATE_IN,TRAMADOL,
1609044494,GENDER_F,HYDROCODONE,SPCLTY_Internal Medicine,STATE_MN,TRAMADOL,,
1609051861,FENTANYL,GENDER_F,HYDROCODONE,OXYCODONE,SPCLTY_Internal Medicine,STATE_PA,TRAMADOL
1609062892,GENDER_M,HYDROCODONE,OXYCODONE,SPCLTY_Internal Medicine,STATE_FL,TRAMADOL,
1609063734,GENDER_M,HYDROCODONE,OXYCODONE,SPCLTY_Internal Medicine,STATE_AZ,,
1609076934,GENDER_M,HYDROCODONE,OXYCODONE,SPCLTY_Orthopedic Surgery,STATE_OH,TRAMADOL,
1609087832,GENDER_F,HYDROCODONE,OXYCODONE,SPCLTY_Internal Medicine,STATE_HI,TRAMADOL,
1609090208,GENDER_M,HYDROCODONE,SPCLTY_Emergency Medicine,STATE_IL,,,
1609092626,GENDER_F,HYDROCODONE,SPCLTY_Nurse Practitioner,STATE_TN,,,
1609101583,GENDER_F,HYDROCODONE,SPCLTY_Nurse Practitioner,STATE_OK,TRAMADOL,,
1609103035,GENDER_F,HYDROCODONE,SPCLTY_Internal Medicine,STATE_MN,TRAMADOL,,
1609112523,GENDER_M,HYDROCODONE,SPCLTY_Podiatry,STATE_IL,,,
1609130921,GENDER_M,HYDROCODONE,SPCLTY_Neurological Surgery,STATE_CA,,,
1609137637,GENDER_F,HYDROCODONE,SPCLTY_Physician Assistant,STATE_TX,,,
1609161439,GENDER_F,HYDROCODONE,OXYCODONE,SPCLTY_Physician Assistant,STATE_CA,,
1609164458,GENDER_F,HYDROCODONE,SPCLTY_Nurse Practitioner,STATE_MD,,,
1609182286,GENDER_M,HYDROCODONE,SPCLTY_Dentist,STATE_KY,,,
1609184027,GENDER_M,HYDROCODONE,SPCLTY_Internal Medicine,STATE_TX,TRAMADOL,,
1609188432,GENDER_M,HYDROCODONE,OXYCODONE,SPCLTY_Family Practice,STATE_OH,,
1609188713,GENDER_M,HYDROCODONE,SPCLTY_Family Practice,STATE_AK,TRAMADOL,,
1609197722,GENDER_F,HYDROCODONE,OXYCODONE,SPCLTY_Family Practice,STATE_OH,,
1609202928,GENDER_F,HYDROCODONE,SPCLTY_Nurse Practitioner,STATE_IN,,,
1609211101,GENDER_F,HYDROCODONE,SPCLTY_Certified Clinical Nu,STATE_IL,,,
1609217660,GENDER_F,HYDROCODONE,SPCLTY_Nurse Practitioner,STATE_MI,,,
1609293463,GENDER_F,SPCLTY_Nurse Practitioner,STATE_AL,TRAMADOL,,,
1609801380,GENDER_M,HYDROCODONE,OXYCODONE,SPCLTY_Internal Medicine,STATE_WI,TRAMADOL,
1609801687,GENDER_M,HYDROCODONE,OXYCODONE,SPCLTY_Podiatry,STATE_FL,TRAMADOL,
1609802552,GENDER_M,HYDROCODONE,SPCLTY_Cardiac Surgery,STATE_CA,,,
1609804087,FENTANYL,GENDER_F,HYDROCODONE,OXYCODONE,SPCLTY_Nurse Practitioner,STATE_PA,TRAMADOL
1609804913,FENTANYL,GENDER_M,HYDROCODONE,OXYCODONE,SPCLTY_Physical Medicine and,STATE_TX,TRAMADOL
1609806363,GENDER_M,HYDROCODONE,OXYCODONE,SPCLTY_Family Practice,STATE_VA,TRAMADOL,
1609806835,GENDER_F,SPCLTY_Urology,STATE_CA,TRAMADOL,,,
1609808450,GENDER_M,HYDROCODONE,OXYCODONE,SPCLTY_Emergency Medicine,STATE_MS,,
1609809250,GENDER_M,HYDROCODONE,SPCLTY_Maxillofacial Surgery,STATE_MI,,,
1609810449,GENDER_M,HYDROCODONE,OXYCODONE,SPCLTY_Allergy/Immunology,STATE_NJ,TRAMADOL,
1609814169,GENDER_M,HYDROCODONE,SPCLTY_Thoracic Surgery,STATE_TX,,,
1609815091,GENDER_F,HYDROCODONE,OXYCODONE,SPCLTY_General Practice,STATE_AL,TRAMADOL,
1609820901,GENDER_M,HYDROCODONE,OXYCODONE,SPCLTY_Emergency Medicine,STATE_FL,,
1609821826,FENTANYL,GENDER_F,HYDROCODONE,OXYCODONE,SPCLTY_Family Practice,STATE_WI,TRAMADOL
1609826668,FENTANYL,GENDER_M,OXYCODONE,SPCLTY_Family Practice,STATE_CT,TRAMADOL,
1609830397,GENDER_M,HYDROCODONE,SPCLTY_Rheumatology,STATE_MI,TRAMADOL,,
1609831361,GENDER_M,HYDROCODONE,SPCLTY_Family Practice,STATE_TX,,,
1609831684,GENDER_M,HYDROCODONE,SPCLTY_Physician Assistant,STATE_PA,,,
1609831783,GENDER_F,HYDROCODONE,SPCLTY_Dentist,STATE_AZ,,,
1609833409,GENDER_M,HYDROCODONE,OXYCODONE,SPCLTY_Physical Medicine and,STATE_AZ,TRAMADOL,
1609836477,GENDER_M,HYDROCODONE,SPCLTY_Orthopedic Surgery,STATE_MI,TRAMADOL,,
1609836667,GENDER_M,OXYCODONE,SPCLTY_Medical Oncology,STATE_MD,,,
1609840941,GENDER_M,HYDROCODONE,OXYCODONE,SPCLTY_Neurosurgery,STATE_FL,TRAMADOL,
1609841279,GENDER_F,HYDROCODONE,SPCLTY_Physician Assistant,STATE_KY,,,
1609841618,GENDER_M,HYDROCODONE,OXYCODONE,SPCLTY_Urology,STATE_FL,,
1609843358,GENDER_F,SPCLTY_Physician Assistant,STATE_FL,TRAMADOL,,,
1609844208,GENDER_M,HYDROCODONE,SPCLTY_Physician Assistant,STATE_MI,TRAMADOL,,
1609844703,GENDER_M,HYDROCODONE,OXYCODONE,SPCLTY_Family Practice,STATE_OK,TRAMADOL,
1609847748,GENDER_M,HYDROCODONE,OXYCODONE,SPCLTY_Family Practice,STATE_WI,TRAMADOL,
1609848118,GENDER_F,HYDROCODONE,OXYCODONE,SPCLTY_Family Practice,STATE_NM,TRAMADOL,
1609850700,GENDER_M,HYDROCODONE,SPCLTY_Cardiology,STATE_CA,TRAMADOL,,
1609850957,GENDER_M,HYDROCODONE,SPCLTY_Family Practice,STATE_IL,,,
1609852680,GENDER_F,HYDROCODONE,SPCLTY_Vascular Surgery,STATE_TN,,,
1609852789,GENDER_M,HYDROCODONE,SPCLTY_Rheumatology,STATE_WA,TRAMADOL,,
1609853720,GENDER_M,HYDROCODONE,SPCLTY_Physician Assistant,STATE_LA,TRAMADOL,,
1609854215,GENDER_M,HYDROCODONE,OXYCODONE,SPCLTY_Orthopedic Surgery,STATE_MA,,
1609855337,GENDER_M,HYDROCODONE,OXYCODONE,SPCLTY_Emergency Medicine,STATE_GA,,
1609855410,GENDER_F,HYDROCODONE,SPCLTY_Nurse Practitioner,STATE_OK,,,
1609856475,GENDER_M,HYDROCODONE,OXYCODONE,SPCLTY_Neurosurgery,STATE_AZ,TRAMADOL,
1609859420,GENDER_F,HYDROCODONE,OXYCODONE,SPCLTY_Nurse Practitioner,STATE_NY,,
1609859487,GENDER_M,HYDROCODONE,SPCLTY_Emergency Medicine,STATE_VA,TRAMADOL,,
1609860709,GENDER_M,HYDROCODONE,SPCLTY_Podiatry,STATE_CA,,,
1609863000,GENDER_M,HYDROCODONE,SPCLTY_Emergency Medicine,STATE_KS,,,
1609863042,GENDER_M,HYDROCODONE,OXYCODONE,SPCLTY_Emergency Medicine,STATE_UT,,
1609863281,GENDER_M,HYDROCODONE,OXYCODONE,SPCLTY_Hematology/Oncology,STATE_IL,,
1609865435,FENTANYL,GENDER_F,HYDROCODONE,SPCLTY_Family Practice,STATE_IA,TRAMADOL,
1609866201,FENTANYL,GENDER_F,HYDROCODONE,OXYCODONE,SPCLTY_Nurse Practitioner,STATE_MN,TRAMADOL
1609867829,GENDER_M,OXYCODONE,SPCLTY_Internal Medicine,STATE_AZ,,,
1609869270,GENDER_M,SPCLTY_Cardiology,STATE_PA,TRAMADOL,,,
1609872720,GENDER_F,HYDROCODONE,OXYCODONE,SPCLTY_Family Practice,STATE_SC,TRAMADOL,
1609874189,GENDER_M,HYDROCODONE,SPCLTY_Urology,STATE_IA,,,
1609875970,FENTANYL,GENDER_M,HYDROCODONE,OXYCODONE,SPCLTY_Pain Management,STATE_TX,TRAMADOL
1609876283,GENDER_M,HYDROCODONE,SPCLTY_Family Practice,STATE_TX,TRAMADOL,,
1609876747,GENDER_F,OXYCODONE,SPCLTY_Internal Medicine,STATE_MA,TRAMADOL,,
1609876804,GENDER_F,OXYCODONE,SPCLTY_Neurology,STATE_FL,TRAMADOL,,
1609877885,FENTANYL,GENDER_M,HYDROCODONE,OXYCODONE,SPCLTY_Family Practice,STATE_NY,
1609878461,FENTANYL,GENDER_M,SPCLTY_Interventional Pain M,STATE_TX,,,
1609881440,GENDER_M,HYDROCODONE,SPCLTY_Family Practice,STATE_LA,TRAMADOL,,
1609889377,GENDER_M,HYDROCODONE,SPCLTY_Podiatry,STATE_VT,,,
1609891050,GENDER_M,SPCLTY_Internal Medicine,STATE_VA,TRAMADOL,,,
1609891373,GENDER_M,HYDROCODONE,SPCLTY_Family Practice,STATE_MO,,,
1609891613,FENTANYL,GENDER_M,HYDROCODONE,OXYCODONE,SPCLTY_Neurology,STATE_NC,TRAMADOL
1609892660,FENTANYL,GENDER_F,HYDROCODONE,OXYCODONE,SPCLTY_Physician Assistant,STATE_CA,TRAMADOL
1609895275,GENDER_M,HYDROCODONE,OXYCODONE,SPCLTY_Emergency Medicine,STATE_FL,TRAMADOL,
1609895366,GENDER_M,HYDROCODONE,OXYCODONE,SPCLTY_Emergency Medicine,STATE_CT,TRAMADOL,
1609895374,GENDER_M,HYDROCODONE,SPCLTY_Internal Medicine,STATE_HI,TRAMADOL,,
1609927003,GENDER_F,OXYCODONE,SPCLTY_Internal Medicine,STATE_MA,,,
1609927342,GENDER_F,SPCLTY_Orthopedic Surgery,STATE_LA,TRAMADOL,,,
1609927920,GENDER_F,OXYCODONE,SPCLTY_Physician Assistant,STATE_MD,,,
1609931914,GENDER_F,SPCLTY_General Practice,STATE_PR,TRAMADOL,,,
1609932128,GENDER_F,HYDROCODONE,SPCLTY_Dentist,STATE_KY,,,
1609943703,GENDER_F,HYDROCODONE,OXYCODONE,SPCLTY_Podiatry,STATE_NC,,
1609944396,GENDER_M,HYDROCODONE,SPCLTY_Rheumatology,STATE_MI,TRAMADOL,,
1609953140,FENTANYL,GENDER_M,HYDROCODONE,OXYCODONE,SPCLTY_Rheumatology,STATE_MD,TRAMADOL
1609958115,GENDER_M,HYDROCODONE,SPCLTY_Dentist,STATE_NC,,,
1609958289,GENDER_M,HYDROCODONE,SPCLTY_Internal Medicine,STATE_CA,TRAMADOL,,
1609962026,FENTANYL,GENDER_M,HYDROCODONE,OXYCODONE,SPCLTY_Rheumatology,STATE_CA,TRAMADOL
1609965409,FENTANYL,GENDER_M,HYDROCODONE,OXYCODONE,SPCLTY_Internal Medicine,STATE_NY,
1609969468,GENDER_M,SPCLTY_Nephrology,STATE_NE,TRAMADOL,,,
1609970938,GENDER_M,HYDROCODONE,SPCLTY_Dentist,STATE_OH,,,
1609970979,GENDER_M,HYDROCODONE,SPCLTY_Oral Surgery (dentist,STATE_IN,,,
1609972959,GENDER_F,HYDROCODONE,SPCLTY_Family Practice,STATE_MO,,,
1609973650,GENDER_M,HYDROCODONE,SPCLTY_Internal Medicine,STATE_TX,,,
1609980135,GENDER_M,HYDROCODONE,SPCLTY_Psychiatry,STATE_MA,TRAMADOL,,
1609982248,GENDER_M,HYDROCODONE,SPCLTY_Family Practice,STATE_CA,,,
1609987213,GENDER_M,HYDROCODONE,SPCLTY_Physician Assistant,STATE_NJ,,,
1609988039,GENDER_M,OXYCODONE,SPCLTY_General Surgery,STATE_PA,,,
1609989268,GENDER_M,HYDROCODONE,SPCLTY_Emergency Medicine,STATE_ND,TRAMADOL,,
1609989961,GENDER_M,HYDROCODONE,SPCLTY_Dentist,STATE_OK,,,
1609998707,GENDER_F,HYDROCODONE,SPCLTY_Medical Oncology,STATE_MI,,,
1619007150,GENDER_M,SPCLTY_Rheumatology,STATE_PR,TRAMADOL,,,
1619014420,FENTANYL,GENDER_F,HYDROCODONE,OXYCODONE,SPCLTY_Internal Medicine,STATE_NY,TRAMADOL
1619019353,GENDER_F,HYDROCODONE,OXYCODONE,SPCLTY_Family Practice,STATE_WA,,
1619021268,GENDER_M,HYDROCODONE,SPCLTY_Dentist,STATE_TX,,,
1619024494,FENTANYL,GENDER_F,HYDROCODONE,OXYCODONE,SPCLTY_Physician Assistant,STATE_WI,
1619028768,GENDER_M,HYDROCODONE,SPCLTY_Vascular Surgery,STATE_WI,,,
1619029865,GENDER_F,HYDROCODONE,OXYCODONE,SPCLTY_Physician Assistant,STATE_PA,,
1619029907,GENDER_F,HYDROCODONE,SPCLTY_Nurse Practitioner,STATE_CA,,,
1619032315,GENDER_M,HYDROCODONE,SPCLTY_Physical Medicine and,STATE_MA,TRAMADOL,,
1619035573,GENDER_M,HYDROCODONE,OXYCODONE,SPCLTY_Internal Medicine,STATE_MD,TRAMADOL,
1619041415,GENDER_M,HYDROCODONE,SPCLTY_Family Practice,STATE_TX,TRAMADOL,,
1619049012,GENDER_M,HYDROCODONE,SPCLTY_Dentist,STATE_CA,,,
1619056439,GENDER_F,HYDROCODONE,OXYCODONE,SPCLTY_Otolaryngology,STATE_LA,,
1619059920,GENDER_M,HYDROCODONE,OXYCODONE,SPCLTY_Dentist,STATE_NY,,
1619060183,GENDER_M,SPCLTY_Family Practice,STATE_NY,TRAMADOL,,,
1619062353,GENDER_F,HYDROCODONE,SPCLTY_Physician Assistant,STATE_KS,TRAMADOL,,
1619063187,GENDER_F,HYDROCODONE,SPCLTY_Nurse Practitioner,STATE_IL,,,
1619063609,GENDER_F,SPCLTY_Internal Medicine,STATE_DC,TRAMADOL,,,
1619063781,GENDER_F,HYDROCODONE,SPCLTY_Dentist,STATE_OK,,,
1619073863,GENDER_F,HYDROCODONE,SPCLTY_Family Practice,STATE_CA,,,
1619074614,GENDER_M,OXYCODONE,SPCLTY_Internal Medicine,STATE_FL,,,
1619078656,GENDER_M,HYDROCODONE,SPCLTY_Neurosurgery,STATE_CO,,,
1619078797,FENTANYL,GENDER_M,HYDROCODONE,OXYCODONE,SPCLTY_Family Practice,STATE_KS,
1619081023,FENTANYL,GENDER_F,HYDROCODONE,OXYCODONE,SPCLTY_Family Practice,STATE_FL,TRAMADOL
1619082872,GENDER_M,HYDROCODONE,SPCLTY_Emergency Medicine,STATE_TX,TRAMADOL,,
1619083565,GENDER_M,HYDROCODONE,OXYCODONE,SPCLTY_Oral Surgery (dentist,STATE_MA,,
1619088390,GENDER_F,SPCLTY_Nurse Practitioner,STATE_MO,TRAMADOL,,,
1619088606,GENDER_F,HYDROCODONE,SPCLTY_Preferred Provider Or,STATE_LA,,,
1619091063,GENDER_M,HYDROCODONE,OXYCODONE,SPCLTY_Rheumatology,STATE_UT,TRAMADOL,
1619094208,GENDER_M,HYDROCODONE,SPCLTY_Orthopedic Surgery,STATE_CA,,,
1619099959,GENDER_F,HYDROCODONE,SPCLTY_Geriatric Medicine,STATE_IL,,,
1619100484,FENTANYL,GENDER_F,HYDROCODONE,OXYCODONE,SPCLTY_Nurse Practitioner,STATE_IN,TRAMADOL
1619105608,GENDER_F,HYDROCODONE,SPCLTY_Family Practice,STATE_CA,,,
1619107364,FENTANYL,GENDER_F,HYDROCODONE,OXYCODONE,SPCLTY_Nurse Practitioner,STATE_WA,TRAMADOL
1619108347,GENDER_F,OXYCODONE,SPCLTY_Emergency Medicine,STATE_NJ,TRAMADOL,,
1619109196,GENDER_F,OXYCODONE,SPCLTY_Internal Medicine,STATE_MA,,,
1619109402,GENDER_F,HYDROCODONE,OXYCODONE,SPCLTY_Nurse Practitioner,STATE_OH,TRAMADOL,
1619110152,GENDER_M,HYDROCODONE,SPCLTY_Emergency Medicine,STATE_LA,,,
1619111747,GENDER_M,HYDROCODONE,SPCLTY_Internal Medicine,STATE_TX,,,
1619124989,GENDER_F,HYDROCODONE,SPCLTY_Emergency Medicine,STATE_OK,,,
1619135282,GENDER_F,SPCLTY_Internal Medicine,STATE_GA,TRAMADOL,,,
1619141363,GENDER_M,HYDROCODONE,SPCLTY_Ophthalmology,STATE_TX,,,
1619152113,GENDER_M,HYDROCODONE,OXYCODONE,SPCLTY_General Practice,STATE_CA,TRAMADOL,
1619156890,FENTANYL,GENDER_F,HYDROCODONE,OXYCODONE,SPCLTY_Nurse Practitioner,STATE_NM,TRAMADOL
1619162997,GENDER_F,HYDROCODONE,SPCLTY_Nurse Practitioner,STATE_ME,,,
1619170032,GENDER_F,OXYCODONE,SPCLTY_Family Practice,STATE_MA,,,
1619174422,GENDER_F,HYDROCODONE,OXYCODONE,SPCLTY_Physician Assistant,STATE_NV,,
1619175627,GENDER_F,HYDROCODONE,SPCLTY_Oral Surgery (dentist,STATE_TX,TRAMADOL,,
1619179389,GENDER_M,HYDROCODONE,SPCLTY_Emergency Medicine,STATE_OK,,,
1619182888,GENDER_F,HYDROCODONE,OXYCODONE,SPCLTY_Family Practice,STATE_DE,TRAMADOL,
1619192622,GENDER_M,HYDROCODONE,SPCLTY_Neurology,STATE_TN,TRAMADOL,,
1619196391,GENDER_F,HYDROCODONE,SPCLTY_Family Practice,STATE_MI,TRAMADOL,,
1619198157,GENDER_F,HYDROCODONE,SPCLTY_Plastic and Reconstru,STATE_IL,TRAMADOL,,
1619210523,GENDER_F,HYDROCODONE,SPCLTY_General Surgery,STATE_CA,,,
1619221165,GENDER_F,HYDROCODONE,SPCLTY_Nurse Practitioner,STATE_MS,,,
1619222742,GENDER_F,HYDROCODONE,SPCLTY_Physician Assistant,STATE_CA,TRAMADOL,,
1619224896,GENDER_F,HYDROCODONE,OXYCODONE,SPCLTY_Nurse Practitioner,STATE_WA,TRAMADOL,
1619232089,GENDER_M,HYDROCODONE,SPCLTY_Emergency Medicine,STATE_IL,,,
1619233103,GENDER_F,SPCLTY_Internal Medicine,STATE_NH,TRAMADOL,,,
1619233806,GENDER_M,HYDROCODONE,SPCLTY_General Practice,STATE_WV,,,
1619236619,GENDER_M,SPCLTY_Family Practice,STATE_FL,TRAMADOL,,,
1619238359,GENDER_F,OXYCODONE,SPCLTY_Obstetrics/Gynecology,STATE_SC,,,
1619241551,GENDER_M,OXYCODONE,SPCLTY_Physician Assistant,STATE_OR,,,
1619243102,GENDER_M,OXYCODONE,SPCLTY_Student in an Organiz,STATE_OH,,,
1619260551,GENDER_M,HYDROCODONE,SPCLTY_Dentist,STATE_AZ,,,
1619261369,GENDER_F,HYDROCODONE,SPCLTY_Family Practice,STATE_IN,TRAMADOL,,
1619266178,GENDER_F,SPCLTY_General Practice,STATE_PR,TRAMADOL,,,
1619271780,GENDER_M,HYDROCODONE,SPCLTY_Student in an Organiz,STATE_MD,,,
1619279775,GENDER_M,OXYCODONE,SPCLTY_Nurse Practitioner,STATE_OH,TRAMADOL,,
1619281631,GENDER_F,HYDROCODONE,SPCLTY_Physician Assistant,STATE_CA,TRAMADOL,,
1619282597,GENDER_M,HYDROCODONE,OXYCODONE,SPCLTY_Emergency Medicine,STATE_IL,TRAMADOL,
1619285905,GENDER_F,HYDROCODONE,SPCLTY_Internal Medicine,STATE_IL,,,
1619287596,GENDER_F,HYDROCODONE,SPCLTY_Ophthalmology,STATE_NC,,,
1619292745,GENDER_M,HYDROCODONE,SPCLTY_Student in an Organiz,STATE_UT,,,
1619292943,GENDER_F,OXYCODONE,SPCLTY_Nurse Practitioner,STATE_MA,TRAMADOL,,
1619294576,GENDER_M,HYDROCODONE,SPCLTY_Family Practice,STATE_WI,,,
1619300290,GENDER_F,HYDROCODONE,SPCLTY_Physician Assistant,STATE_NY,,,
1619311040,GENDER_F,HYDROCODONE,SPCLTY_Nurse Practitioner,STATE_WI,,,
1619316056,GENDER_F,HYDROCODONE,OXYCODONE,SPCLTY_Nurse Practitioner,STATE_OH,,
1619901154,GENDER_M,HYDROCODONE,OXYCODONE,SPCLTY_Emergency Medicine,STATE_WI,,
1619904273,GENDER_M,HYDROCODONE,OXYCODONE,SPCLTY_Family Practice,STATE_CA,TRAMADOL,
1619904513,GENDER_M,HYDROCODONE,SPCLTY_Cardiac Surgery,STATE_OK,TRAMADOL,,
1619905999,GENDER_M,HYDROCODONE,SPCLTY_General Surgery,STATE_ID,,,
1619909793,GENDER_M,HYDROCODONE,OXYCODONE,SPCLTY_Orthopedic Surgery,STATE_MI,TRAMADOL,
1619910478,GENDER_M,HYDROCODONE,OXYCODONE,SPCLTY_Emergency Medicine,STATE_MS,TRAMADOL,
1619915899,GENDER_M,HYDROCODONE,OXYCODONE,SPCLTY_Physician Assistant,STATE_AZ,TRAMADOL,
1619920097,GENDER_M,OXYCODONE,SPCLTY_Otolaryngology,STATE_MO,,,
1619920444,GENDER_F,SPCLTY_Family Practice,STATE_CA,TRAMADOL,,,
1619921608,GENDER_M,HYDROCODONE,OXYCODONE,SPCLTY_Pain Management,STATE_MA,TRAMADOL,
1619922135,FENTANYL,GENDER_M,HYDROCODONE,OXYCODONE,SPCLTY_Family Practice,STATE_IL,TRAMADOL
1619922465,GENDER_F,HYDROCODONE,OXYCODONE,SPCLTY_Physician Assistant,STATE_IA,TRAMADOL,
1619924669,GENDER_M,HYDROCODONE,SPCLTY_Dentist,STATE_AZ,,,
1619925187,GENDER_M,HYDROCODONE,OXYCODONE,SPCLTY_Orthopedic Surgery,STATE_KY,,
1619925286,GENDER_F,HYDROCODONE,SPCLTY_Nurse Practitioner,STATE_CA,,,
1619932936,GENDER_M,HYDROCODONE,OXYCODONE,SPCLTY_Family Practice,STATE_PA,TRAMADOL,
1619936093,GENDER_M,HYDROCODONE,SPCLTY_Interventional Pain M,STATE_IL,TRAMADOL,,
1619938644,GENDER_M,HYDROCODONE,SPCLTY_Family Practice,STATE_TX,TRAMADOL,,
1619938677,GENDER_F,HYDROCODONE,OXYCODONE,SPCLTY_Internal Medicine,STATE_NM,TRAMADOL,
1619938784,GENDER_M,HYDROCODONE,SPCLTY_Orthopedic Surgery,STATE_NY,,,
1619940103,GENDER_M,HYDROCODONE,SPCLTY_Internal Medicine,STATE_NV,TRAMADOL,,
1619940327,FENTANYL,GENDER_M,HYDROCODONE,OXYCODONE,SPCLTY_Rheumatology,STATE_CT,TRAMADOL
1619941200,GENDER_M,HYDROCODONE,SPCLTY_Emergency Medicine,STATE_TN,,,
1619945367,FENTANYL,GENDER_M,HYDROCODONE,OXYCODONE,SPCLTY_Pain Management,STATE_FL,TRAMADOL
1619946068,GENDER_M,HYDROCODONE,SPCLTY_Radiation Oncology,STATE_OK,,,
1619946506,GENDER_F,HYDROCODONE,OXYCODONE,SPCLTY_Family Practice,STATE_MN,TRAMADOL,
1619954088,FENTANYL,GENDER_M,HYDROCODONE,OXYCODONE,SPCLTY_Family Practice,STATE_OK,TRAMADOL
1619954369,GENDER_M,HYDROCODONE,SPCLTY_Physician Assistant,STATE_TX,TRAMADOL,,
1619957164,GENDER_F,HYDROCODONE,OXYCODONE,SPCLTY_Family Practice,STATE_IN,TRAMADOL,
1619959996,GENDER_F,HYDROCODONE,OXYCODONE,SPCLTY_Family Practice,STATE_FL,TRAMADOL,
1619960911,FENTANYL,GENDER_F,HYDROCODONE,OXYCODONE,SPCLTY_Internal Medicine,STATE_NY,TRAMADOL
1619961224,FENTANYL,GENDER_M,HYDROCODONE,SPCLTY_Internal Medicine,STATE_NY,TRAMADOL,
1619962602,GENDER_M,HYDROCODONE,SPCLTY_Family Practice,STATE_AL,TRAMADOL,,
1619965928,GENDER_M,OXYCODONE,SPCLTY_General Surgery,STATE_FL,,,
1619967387,GENDER_M,HYDROCODONE,OXYCODONE,SPCLTY_Physician Assistant,STATE_UT,,
1619967825,FENTANYL,GENDER_F,HYDROCODONE,OXYCODONE,SPCLTY_Internal Medicine,STATE_MN,TRAMADOL
1619969177,GENDER_M,HYDROCODONE,OXYCODONE,SPCLTY_Internal Medicine,STATE_NY,TRAMADOL,
1619972155,FENTANYL,GENDER_M,HYDROCODONE,OXYCODONE,SPCLTY_Emergency Medicine,STATE_GA,TRAMADOL
1619975406,GENDER_M,HYDROCODONE,SPCLTY_Oral Surgery (dentist,STATE_AR,,,
1619975919,GENDER_F,HYDROCODONE,OXYCODONE,SPCLTY_Physician Assistant,STATE_CT,,
1619976123,FENTANYL,GENDER_M,HYDROCODONE,OXYCODONE,SPCLTY_Interventional Pain M,STATE_IN,TRAMADOL
1619978327,GENDER_M,HYDROCODONE,OXYCODONE,SPCLTY_General Surgery,STATE_KY,,
1619980810,GENDER_M,HYDROCODONE,SPCLTY_Internal Medicine,STATE_GA,TRAMADOL,,
1619984671,GENDER_F,HYDROCODONE,OXYCODONE,SPCLTY_Family Practice,STATE_NM,,
1619986361,GENDER_F,OXYCODONE,SPCLTY_Nurse Practitioner,STATE_NH,,,
1619988029,GENDER_M,HYDROCODONE,OXYCODONE,SPCLTY_Emergency Medicine,STATE_NE,,
1619988862,GENDER_M,HYDROCODONE,SPCLTY_Dentist,STATE_TX,,,
1619990348,GENDER_F,SPCLTY_Family Practice,STATE_PA,TRAMADOL,,,
1619996832,GENDER_M,HYDROCODONE,SPCLTY_Sports Medicine,STATE_MN,,,
1629002100,GENDER_F,HYDROCODONE,SPCLTY_Nurse Practitioner,STATE_NY,,,
1629004155,FENTANYL,GENDER_F,HYDROCODONE,OXYCODONE,SPCLTY_Family Practice,STATE_OR,
1629005384,GENDER_M,HYDROCODONE,OXYCODONE,SPCLTY_Emergency Medicine,STATE_WA,TRAMADOL,
1629005400,GENDER_M,HYDROCODONE,SPCLTY_Cardiology,STATE_TX,TRAMADOL,,
1629006705,GENDER_M,HYDROCODONE,SPCLTY_Emergency Medicine,STATE_CA,,,
1629007125,FENTANYL,GENDER_M,HYDROCODONE,OXYCODONE,SPCLTY_Internal Medicine,STATE_WI,TRAMADOL
1629010772,GENDER_M,HYDROCODONE,SPCLTY_Plastic and Reconstru,STATE_TX,,,
1629012927,GENDER_F,HYDROCODONE,OXYCODONE,SPCLTY_Emergency Medicine,STATE_TN,,
1629021043,GENDER_F,HYDROCODONE,SPCLTY_Family Practice,STATE_WA,,,
1629025697,GENDER_M,HYDROCODONE,SPCLTY_Gastroenterology,STATE_TN,,,
1629025879,GENDER_M,HYDROCODONE,OXYCODONE,SPCLTY_Physician Assistant,STATE_NE,,
1629026638,FENTANYL,GENDER_M,OXYCODONE,SPCLTY_Radiation Oncology,STATE_MA,,
1629026984,GENDER_M,HYDROCODONE,OXYCODONE,SPCLTY_Orthopedic Surgery,STATE_FL,TRAMADOL,
1629027453,GENDER_M,HYDROCODONE,SPCLTY_Orthopedic Surgery,STATE_SC,,,
1629028360,GENDER_M,HYDROCODONE,OXYCODONE,SPCLTY_Family Practice,STATE_NY,TRAMADOL,
1629031489,GENDER_F,SPCLTY_Nurse Practitioner,STATE_VA,TRAMADOL,,,
1629033873,FENTANYL,GENDER_F,HYDROCODONE,OXYCODONE,SPCLTY_Nurse Practitioner,STATE_WI,TRAMADOL
1629037239,GENDER_M,HYDROCODONE,OXYCODONE,SPCLTY_Internal Medicine,STATE_OH,TRAMADOL,
1629046008,GENDER_F,HYDROCODONE,OXYCODONE,SPCLTY_Orthopedic Surgery,STATE_NY,,
1629047782,GENDER_F,HYDROCODONE,SPCLTY_Nurse Practitioner,STATE_TN,,,
1629054275,GENDER_M,HYDROCODONE,OXYCODONE,SPCLTY_Family Practice,STATE_NC,TRAMADOL,
1629055637,GENDER_M,OXYCODONE,SPCLTY_Anesthesiology,STATE_NJ,,,
1629056460,GENDER_M,HYDROCODONE,SPCLTY_Nephrology,STATE_SC,,,
1629056528,GENDER_M,HYDROCODONE,OXYCODONE,SPCLTY_Orthopedic Surgery,STATE_HI,TRAMADOL,
1629057690,GENDER_M,HYDROCODONE,SPCLTY_Dermatology,STATE_OK,,,
1629058789,FENTANYL,GENDER_M,HYDROCODONE,OXYCODONE,SPCLTY_Internal Medicine,STATE_WA,TRAMADOL
1629059712,GENDER_F,SPCLTY_Pulmonary Disease,STATE_TN,TRAMADOL,,,
1629060785,GENDER_M,HYDROCODONE,SPCLTY_Family Practice,STATE_AL,TRAMADOL,,
1629060918,FENTANYL,GENDER_F,HYDROCODONE,SPCLTY_Family Practice,STATE_GA,TRAMADOL,
1629062377,GENDER_M,HYDROCODONE,SPCLTY_Otolaryngology,STATE_OH,,,
1629062781,GENDER_F,SPCLTY_Internal Medicine,STATE_MA,TRAMADOL,,,
1629064001,GENDER_F,HYDROCODONE,OXYCODONE,SPCLTY_Internal Medicine,STATE_FL,TRAMADOL,
1629064605,FENTANYL,GENDER_M,HYDROCODONE,OXYCODONE,SPCLTY_Internal Medicine,STATE_VA,TRAMADOL
1629068226,GENDER_M,HYDROCODONE,OXYCODONE,SPCLTY_Orthopedic Surgery,STATE_MD,TRAMADOL,
1629069604,FENTANYL,GENDER_F,HYDROCODONE,OXYCODONE,SPCLTY_Family Practice,STATE_MI,TRAMADOL
1629070792,GENDER_M,HYDROCODONE,OXYCODONE,SPCLTY_Podiatry,STATE_MO,,
1629071576,GENDER_M,OXYCODONE,SPCLTY_Cardiology,STATE_FL,,,
1629072111,GENDER_M,HYDROCODONE,SPCLTY_Internal Medicine,STATE_IN,,,
1629073598,GENDER_M,HYDROCODONE,OXYCODONE,SPCLTY_Family Practice,STATE_CO,TRAMADOL,
1629075007,GENDER_M,HYDROCODONE,SPCLTY_Pulmonary Disease,STATE_OK,,,
1629075551,GENDER_M,HYDROCODONE,SPCLTY_General Surgery,STATE_UT,,,
1629077391,GENDER_M,HYDROCODONE,SPCLTY_Internal Medicine,STATE_NY,TRAMADOL,,
1629079330,FENTANYL,GENDER_M,HYDROCODONE,SPCLTY_Internal Medicine,STATE_NJ,TRAMADOL,
1629084728,FENTANYL,GENDER_M,HYDROCODONE,OXYCODONE,SPCLTY_Family Practice,STATE_NJ,TRAMADOL
1629085964,FENTANYL,GENDER_F,HYDROCODONE,OXYCODONE,SPCLTY_Internal Medicine,STATE_CA,TRAMADOL
1629087168,GENDER_M,HYDROCODONE,OXYCODONE,SPCLTY_Orthopedic Surgery,STATE_OH,,
1629087531,GENDER_M,HYDROCODONE,SPCLTY_Internal Medicine,STATE_TX,TRAMADOL,,
1629089511,GENDER_F,HYDROCODONE,OXYCODONE,SPCLTY_Physician Assistant,STATE_VA,,
1629090220,GENDER_M,HYDROCODONE,OXYCODONE,SPCLTY_Family Practice,STATE_CA,,
1629096003,GENDER_M,HYDROCODONE,SPCLTY_Internal Medicine,STATE_NY,TRAMADOL,,
1629099304,FENTANYL,GENDER_M,HYDROCODONE,OXYCODONE,SPCLTY_Anesthesiology,STATE_SC,TRAMADOL
1629104427,GENDER_M,HYDROCODONE,SPCLTY_Dermatology,STATE_FL,,,
1629112024,GENDER_F,HYDROCODONE,OXYCODONE,SPCLTY_Internal Medicine,STATE_WA,,
1629115688,GENDER_M,HYDROCODONE,SPCLTY_Dentist,STATE_MA,,,
1629116488,FENTANYL,GENDER_M,HYDROCODONE,OXYCODONE,SPCLTY_Internal Medicine,STATE_NC,TRAMADOL
1629128160,GENDER_M,HYDROCODONE,SPCLTY_Orthopedic Surgery,STATE_CA,TRAMADOL,,
1629132006,GENDER_M,HYDROCODONE,OXYCODONE,SPCLTY_Neurosurgery,STATE_PA,TRAMADOL,
1629133368,GENDER_M,HYDROCODONE,SPCLTY_Rheumatology,STATE_CA,TRAMADOL,,
1629134416,GENDER_F,OXYCODONE,SPCLTY_Internal Medicine,STATE_NY,TRAMADOL,,
1629134556,GENDER_M,HYDROCODONE,SPCLTY_Dentist,STATE_KY,,,
1629140629,GENDER_F,OXYCODONE,SPCLTY_Nurse Practitioner,STATE_AK,TRAMADOL,,
1629143730,GENDER_F,HYDROCODONE,OXYCODONE,SPCLTY_Internal Medicine,STATE_MA,TRAMADOL,
1629144811,GENDER_M,HYDROCODONE,SPCLTY_Maxillofacial Surgery,STATE_MA,,,
1629145933,GENDER_M,HYDROCODONE,SPCLTY_Dentist,STATE_OR,,,
1629146881,GENDER_F,HYDROCODONE,SPCLTY_Physician Assistant,STATE_CA,,,
1629147574,GENDER_M,HYDROCODONE,OXYCODONE,SPCLTY_Internal Medicine,STATE_KY,TRAMADOL,
1629147665,GENDER_F,OXYCODONE,SPCLTY_Physician Assistant,STATE_NC,,,
1629148986,FENTANYL,GENDER_F,HYDROCODONE,OXYCODONE,SPCLTY_Internal Medicine,STATE_RI,TRAMADOL
1629150511,FENTANYL,GENDER_M,HYDROCODONE,OXYCODONE,SPCLTY_Pain Management,STATE_CA,TRAMADOL
1629151501,GENDER_M,OXYCODONE,SPCLTY_Physician Assistant,STATE_PA,,,
1629152525,GENDER_M,HYDROCODONE,SPCLTY_Dentist,STATE_TN,,,
1629153713,GENDER_F,HYDROCODONE,OXYCODONE,SPCLTY_Physician Assistant,STATE_PA,TRAMADOL,
1629153739,GENDER_M,OXYCODONE,SPCLTY_Family Practice,STATE_NY,TRAMADOL,,
1629155205,GENDER_F,SPCLTY_Gastroenterology,STATE_CO,TRAMADOL,,,
1629159892,GENDER_M,OXYCODONE,SPCLTY_Family Practice,STATE_NJ,TRAMADOL,,
1629162599,GENDER_M,HYDROCODONE,OXYCODONE,SPCLTY_General Surgery,STATE_NC,,
1629163910,GENDER_M,HYDROCODONE,SPCLTY_Cardiac Surgery,STATE_NE,TRAMADOL,,
1629170246,GENDER_M,OXYCODONE,SPCLTY_Gastroenterology,STATE_MD,,,
1629171525,GENDER_F,SPCLTY_General Practice,STATE_PR,TRAMADOL,,,
1629177571,GENDER_M,OXYCODONE,SPCLTY_General Surgery,STATE_MD,,,
1629181862,GENDER_M,HYDROCODONE,OXYCODONE,SPCLTY_Pulmonary Disease,STATE_CA,TRAMADOL,
1629182621,GENDER_F,HYDROCODONE,SPCLTY_Nurse Practitioner,STATE_CA,,,
1629185970,GENDER_M,HYDROCODONE,SPCLTY_Internal Medicine,STATE_CA,,,
1629187810,GENDER_F,HYDROCODONE,SPCLTY_Physician Assistant,STATE_MI,TRAMADOL,,
1629197231,GENDER_F,HYDROCODONE,SPCLTY_Nurse Practitioner,STATE_NE,,,
1629200563,GENDER_F,HYDROCODONE,OXYCODONE,SPCLTY_Physician Assistant,STATE_PA,TRAMADOL,
1629200969,GENDER_F,HYDROCODONE,OXYCODONE,SPCLTY_Physician Assistant,STATE_MA,,
1629208095,GENDER_M,SPCLTY_Internal Medicine,STATE_FL,TRAMADOL,,,
1629221692,FENTANYL,GENDER_F,HYDROCODONE,OXYCODONE,SPCLTY_Nurse Practitioner,STATE_TN,TRAMADOL
1629222070,GENDER_F,HYDROCODONE,SPCLTY_Nurse Practitioner,STATE_KY,,,
1629222922,GENDER_M,HYDROCODONE,SPCLTY_Physician Assistant,STATE_IN,,,
1629225404,GENDER_F,HYDROCODONE,SPCLTY_Family Practice,STATE_WA,,,
1629226147,GENDER_F,HYDROCODONE,SPCLTY_Physician Assistant,STATE_KS,,,
1629236369,GENDER_M,HYDROCODONE,SPCLTY_Emergency Medicine,STATE_ND,,,
1629237235,GENDER_M,HYDROCODONE,OXYCODONE,SPCLTY_Geriatric Medicine,STATE_NY,TRAMADOL,
1629242888,GENDER_M,HYDROCODONE,SPCLTY_Emergency Medicine,STATE_CA,,,
1629243332,GENDER_F,HYDROCODONE,SPCLTY_Family Practice,STATE_OH,,,
1629244959,GENDER_M,HYDROCODONE,SPCLTY_Maxillofacial Surgery,STATE_MO,,,
1629245022,GENDER_M,SPCLTY_Family Practice,STATE_LA,TRAMADOL,,,
1629264874,GENDER_F,SPCLTY_Physician Assistant,STATE_PA,TRAMADOL,,,
1629265657,GENDER_M,OXYCODONE,SPCLTY_Plastic and Reconstru,STATE_NJ,,,
1629272901,GENDER_F,HYDROCODONE,OXYCODONE,SPCLTY_Family Practice,STATE_KY,,
1629278486,GENDER_M,HYDROCODONE,SPCLTY_Emergency Medicine,STATE_GA,TRAMADOL,,
1629278981,GENDER_F,OXYCODONE,SPCLTY_Internal Medicine,STATE_NC,,,
1629292883,GENDER_M,HYDROCODONE,SPCLTY_Cardiology,STATE_AR,,,
1629309794,GENDER_F,HYDROCODONE,SPCLTY_Dentist,STATE_VA,,,
1629311451,GENDER_M,HYDROCODONE,SPCLTY_General Surgery,STATE_IL,,,
1629315064,GENDER_M,HYDROCODONE,SPCLTY_Dentist,STATE_AZ,,,
1629323936,GENDER_M,HYDROCODONE,SPCLTY_Student in an Organiz,STATE_NY,,,
1629325998,GENDER_F,SPCLTY_Nurse Practitioner,STATE_SC,TRAMADOL,,,
1629341458,GENDER_F,HYDROCODONE,SPCLTY_Internal Medicine,STATE_TX,,,
1629354121,GENDER_F,HYDROCODONE,OXYCODONE,SPCLTY_Physician Assistant,STATE_OR,TRAMADOL,
1629361126,GENDER_F,OXYCODONE,SPCLTY_Student in an Organiz,STATE_NY,,,
1629379409,GENDER_F,HYDROCODONE,OXYCODONE,SPCLTY_Nurse Practitioner,STATE_CO,TRAMADOL,
1629381314,GENDER_M,OXYCODONE,SPCLTY_Physician Assistant,STATE_MN,,,
1629396486,GENDER_M,HYDROCODONE,OXYCODONE,SPCLTY_Rheumatology,STATE_FL,TRAMADOL,
1629398276,FENTANYL,GENDER_M,HYDROCODONE,OXYCODONE,SPCLTY_Family Practice,STATE_AR,TRAMADOL
1629417829,GENDER_M,HYDROCODONE,SPCLTY_Student in an Organiz,STATE_IN,,,
1639105620,GENDER_M,HYDROCODONE,SPCLTY_Nephrology,STATE_GA,TRAMADOL,,
1639107576,GENDER_M,HYDROCODONE,OXYCODONE,SPCLTY_Pain Management,STATE_TX,TRAMADOL,
1639107881,GENDER_M,HYDROCODONE,SPCLTY_Emergency Medicine,STATE_IA,,,
1639109739,FENTANYL,GENDER_M,HYDROCODONE,OXYCODONE,SPCLTY_Pain Management,STATE_MS,TRAMADOL
1639110455,FENTANYL,GENDER_F,HYDROCODONE,OXYCODONE,SPCLTY_Pain Management,STATE_AZ,TRAMADOL
1639112873,GENDER_M,HYDROCODONE,SPCLTY_Emergency Medicine,STATE_CA,,,
1639116569,FENTANYL,GENDER_M,HYDROCODONE,OXYCODONE,SPCLTY_Internal Medicine,STATE_NJ,TRAMADOL
1639117245,GENDER_M,HYDROCODONE,OXYCODONE,SPCLTY_Orthopedic Surgery,STATE_MS,TRAMADOL,
1639117344,GENDER_M,HYDROCODONE,SPCLTY_Emergency Medicine,STATE_IL,,,
1639117724,GENDER_F,HYDROCODONE,OXYCODONE,SPCLTY_Emergency Medicine,STATE_KS,,
1639118177,GENDER_M,HYDROCODONE,SPCLTY_Orthopedic Surgery,STATE_CA,TRAMADOL,,
1639118458,FENTANYL,GENDER_M,HYDROCODONE,OXYCODONE,SPCLTY_Family Practice,STATE_PA,TRAMADOL
1639119589,FENTANYL,GENDER_M,HYDROCODONE,OXYCODONE,SPCLTY_Medical Oncology,STATE_MS,TRAMADOL
1639121643,FENTANYL,GENDER_F,HYDROCODONE,OXYCODONE,SPCLTY_Internal Medicine,STATE_FL,TRAMADOL
1639124985,GENDER_M,HYDROCODONE,SPCLTY_Emergency Medicine,STATE_IL,,,
1639125859,GENDER_F,HYDROCODONE,SPCLTY_Family Practice,STATE_NC,TRAMADOL,,
1639127335,GENDER_M,HYDROCODONE,OXYCODONE,SPCLTY_Orthopedic Surgery,STATE_LA,TRAMADOL,
1639127756,FENTANYL,GENDER_M,HYDROCODONE,OXYCODONE,SPCLTY_Family Practice,STATE_OH,TRAMADOL
1639129711,GENDER_M,HYDROCODONE,OXYCODONE,SPCLTY_Internal Medicine,STATE_CA,TRAMADOL,
1639129828,GENDER_F,OXYCODONE,SPCLTY_Internal Medicine,STATE_OH,TRAMADOL,,
1639133838,FENTANYL,GENDER_M,HYDROCODONE,OXYCODONE,SPCLTY_Interventional Pain M,STATE_GA,TRAMADOL
1639134174,GENDER_M,HYDROCODONE,SPCLTY_Family Practice,STATE_NY,TRAMADOL,,
1639134794,FENTANYL,GENDER_M,HYDROCODONE,SPCLTY_Internal Medicine,STATE_KY,TRAMADOL,
1639134943,GENDER_M,HYDROCODONE,SPCLTY_Internal Medicine,STATE_WA,,,
1639135965,GENDER_M,HYDROCODONE,OXYCODONE,SPCLTY_Family Practice,STATE_OH,TRAMADOL,
1639137326,GENDER_M,OXYCODONE,SPCLTY_Family Medicine,STATE_PA,,,
1639140718,GENDER_F,HYDROCODONE,SPCLTY_Nurse Practitioner,STATE_MS,,,
1639141591,GENDER_M,HYDROCODONE,SPCLTY_Dentist,STATE_OK,,,
1639141963,GENDER_M,HYDROCODONE,SPCLTY_Colorectal Surgery (f,STATE_TX,TRAMADOL,,
1639147424,FENTANYL,GENDER_M,HYDROCODONE,OXYCODONE,SPCLTY_Family Practice,STATE_WI,TRAMADOL
1639148091,FENTANYL,GENDER_F,HYDROCODONE,OXYCODONE,SPCLTY_Internal Medicine,STATE_PA,TRAMADOL
1639148489,GENDER_M,HYDROCODONE,OXYCODONE,SPCLTY_Family Practice,STATE_MI,TRAMADOL,
1639152150,GENDER_M,SPCLTY_Family Practice,STATE_MN,TRAMADOL,,,
1639152432,GENDER_M,HYDROCODONE,SPCLTY_Internal Medicine,STATE_IN,TRAMADOL,,
1639155633,GENDER_F,OXYCODONE,SPCLTY_General Surgery,STATE_FL,,,
1639159247,GENDER_M,HYDROCODONE,SPCLTY_Internal Medicine,STATE_MI,,,
1639160955,GENDER_M,HYDROCODONE,OXYCODONE,SPCLTY_Orthopedic Surgery,STATE_FL,TRAMADOL,
1639163108,GENDER_F,HYDROCODONE,SPCLTY_Nurse Practitioner,STATE_LA,TRAMADOL,,
1639163546,FENTANYL,GENDER_M,HYDROCODONE,OXYCODONE,SPCLTY_Family Practice,STATE_NC,TRAMADOL
1639164072,GENDER_F,HYDROCODONE,OXYCODONE,SPCLTY_Nurse Practitioner,STATE_AZ,TRAMADOL,
1639164395,FENTANYL,GENDER_M,HYDROCODONE,OXYCODONE,SPCLTY_Emergency Medicine,STATE_PA,TRAMADOL
1639165665,GENDER_M,HYDROCODONE,SPCLTY_Internal Medicine,STATE_OR,,,
1639168487,GENDER_M,OXYCODONE,SPCLTY_Internal Medicine,STATE_AZ,TRAMADOL,,
1639170061,FENTANYL,GENDER_F,OXYCODONE,SPCLTY_Nurse Practitioner,STATE_PA,,
1639171580,FENTANYL,GENDER_M,HYDROCODONE,OXYCODONE,SPCLTY_Hematology/Oncology,STATE_KS,
1639172588,GENDER_M,HYDROCODONE,SPCLTY_Radiation Oncology,STATE_FL,,,
1639175938,GENDER_M,HYDROCODONE,OXYCODONE,SPCLTY_Hematology/Oncology,STATE_WA,,
1639176555,GENDER_M,HYDROCODONE,SPCLTY_Obstetrics/Gynecology,STATE_TX,,,
1639176563,FENTANYL,GENDER_M,HYDROCODONE,OXYCODONE,SPCLTY_Family Practice,STATE_IN,TRAMADOL
1639177603,GENDER_M,HYDROCODONE,SPCLTY_Orthopedic Surgery,STATE_IL,TRAMADOL,,
1639177769,FENTANYL,GENDER_M,HYDROCODONE,OXYCODONE,SPCLTY_Internal Medicine,STATE_WY,TRAMADOL
1639178403,GENDER_M,HYDROCODONE,OXYCODONE,SPCLTY_Family Practice,STATE_OK,TRAMADOL,
1639179930,GENDER_M,HYDROCODONE,OXYCODONE,SPCLTY_Orthopedic Surgery,STATE_OR,TRAMADOL,
1639185242,GENDER_M,HYDROCODONE,SPCLTY_Pulmonary Disease,STATE_OR,TRAMADOL,,
1639190036,GENDER_M,SPCLTY_Internal Medicine,STATE_FL,TRAMADOL,,,
1639192420,GENDER_F,HYDROCODONE,SPCLTY_Internal Medicine,STATE_NH,TRAMADOL,,
1639193089,GENDER_M,HYDROCODONE,OXYCODONE,SPCLTY_Emergency Medicine,STATE_NM,,
1639194681,GENDER_M,HYDROCODONE,SPCLTY_General Surgery,STATE_CA,,,
1639197098,GENDER_M,HYDROCODONE,OXYCODONE,SPCLTY_Emergency Medicine,STATE_FL,,
1639199946,GENDER_F,OXYCODONE,SPCLTY_Nurse Practitioner,STATE_NC,,,
1639201130,GENDER_M,HYDROCODONE,SPCLTY_Internal Medicine,STATE_TN,,,
1639201510,GENDER_M,OXYCODONE,SPCLTY_Internal Medicine,STATE_NJ,TRAMADOL,,
1639213812,GENDER_M,HYDROCODONE,OXYCODONE,SPCLTY_Orthopedic Surgery,STATE_FL,TRAMADOL,
1639216427,GENDER_F,OXYCODONE,SPCLTY_Physician Assistant,STATE_CT,,,
1639217888,FENTANYL,GENDER_F,HYDROCODONE,OXYCODONE,SPCLTY_Geriatric Medicine,STATE_KY,TRAMADOL
1639227184,GENDER_M,HYDROCODONE,OXYCODONE,SPCLTY_Family Practice,STATE_NY,TRAMADOL,
1639260433,GENDER_M,SPCLTY_Family Practice,STATE_GA,TRAMADOL,,,
1639260920,GENDER_M,HYDROCODONE,SPCLTY_Internal Medicine,STATE_TX,TRAMADOL,,
1639263106,GENDER_F,HYDROCODONE,OXYCODONE,SPCLTY_Emergency Medicine,STATE_GA,TRAMADOL,
1639266752,GENDER_M,HYDROCODONE,SPCLTY_Emergency Medicine,STATE_TN,,,
1639268840,FENTANYL,GENDER_F,HYDROCODONE,OXYCODONE,SPCLTY_Family Practice,STATE_NC,TRAMADOL
1639274624,GENDER_F,HYDROCODONE,SPCLTY_Nephrology,STATE_IL,,,
1639285497,FENTANYL,GENDER_M,HYDROCODONE,SPCLTY_Internal Medicine,STATE_FL,TRAMADOL,
1639288368,GENDER_F,HYDROCODONE,OXYCODONE,SPCLTY_Family Practice,STATE_CA,TRAMADOL,
1639289853,GENDER_M,HYDROCODONE,OXYCODONE,SPCLTY_Oral Surgery (dentist,STATE_NC,,
1639294952,GENDER_M,HYDROCODONE,SPCLTY_Orthopedic Surgery,STATE_IL,TRAMADOL,,
1639295546,GENDER_M,HYDROCODONE,SPCLTY_Dentist,STATE_TN,,,
1639305832,GENDER_M,HYDROCODONE,SPCLTY_Internal Medicine,STATE_MO,,,
1639306004,GENDER_M,HYDROCODONE,SPCLTY_Student in an Organiz,STATE_OH,,,
1639307895,GENDER_F,HYDROCODONE,SPCLTY_Family Practice,STATE_IL,TRAMADOL,,
1639309925,GENDER_M,HYDROCODONE,SPCLTY_General Surgery,STATE_MS,,,
1639311764,GENDER_F,HYDROCODONE,SPCLTY_Otolaryngology,STATE_CA,,,
1639322191,GENDER_M,HYDROCODONE,OXYCODONE,SPCLTY_Physician Assistant,STATE_MT,,
1639322340,GENDER_M,HYDROCODONE,SPCLTY_Emergency Medicine,STATE_OH,,,
1639327364,GENDER_M,HYDROCODONE,OXYCODONE,SPCLTY_Orthopedic Surgery,STATE_WA,,
1639331598,GENDER_F,HYDROCODONE,SPCLTY_Neurology,STATE_MI,,,
1639333834,GENDER_M,HYDROCODONE,SPCLTY_Emergency Medicine,STATE_MA,,,
1639335417,GENDER_M,HYDROCODONE,SPCLTY_Emergency Medicine,STATE_TX,TRAMADOL,,
1639335771,GENDER_F,SPCLTY_Physician Assistant,STATE_CA,TRAMADOL,,,
1639337884,GENDER_M,OXYCODONE,SPCLTY_Orthopedic Surgery,STATE_NJ,,,
1639340995,GENDER_F,SPCLTY_Nurse Practitioner,STATE_WI,TRAMADOL,,,
1639349244,GENDER_F,SPCLTY_Physician Assistant,STATE_WV,TRAMADOL,,,
1639349590,GENDER_M,HYDROCODONE,OXYCODONE,SPCLTY_Orthopedic Surgery,STATE_NE,,
1639355019,FENTANYL,GENDER_F,HYDROCODONE,OXYCODONE,SPCLTY_Internal Medicine,STATE_MN,TRAMADOL
1639358310,GENDER_F,OXYCODONE,SPCLTY_Hematology/Oncology,STATE_SC,TRAMADOL,,
1639361967,FENTANYL,GENDER_F,HYDROCODONE,OXYCODONE,SPCLTY_Family Practice,STATE_IN,TRAMADOL
1639365687,GENDER_M,HYDROCODONE,SPCLTY_Emergency Medicine,STATE_MO,TRAMADOL,,
1639371149,GENDER_M,HYDROCODONE,OXYCODONE,SPCLTY_Orthopedic Surgery,STATE_UT,TRAMADOL,
1639371529,FENTANYL,GENDER_M,HYDROCODONE,OXYCODONE,SPCLTY_Internal Medicine,STATE_MI,TRAMADOL
1639374085,GENDER_M,OXYCODONE,SPCLTY_Internal Medicine,STATE_FL,,,
1639375140,GENDER_M,HYDROCODONE,OXYCODONE,SPCLTY_Emergency Medicine,STATE_CO,,
1639375793,GENDER_M,SPCLTY_Neurology,STATE_LA,TRAMADOL,,,
1639376577,GENDER_M,OXYCODONE,SPCLTY_Internal Medicine,STATE_MA,TRAMADOL,,
1639394034,FENTANYL,GENDER_M,HYDROCODONE,OXYCODONE,SPCLTY_Family Practice,STATE_PA,TRAMADOL
1639394620,GENDER_M,HYDROCODONE,SPCLTY_Neurology,STATE_IL,,,
1639395767,FENTANYL,GENDER_F,HYDROCODONE,OXYCODONE,SPCLTY_Family Practice,STATE_MI,TRAMADOL
1639409469,GENDER_M,OXYCODONE,SPCLTY_General Practice,STATE_SC,,,
1639410764,GENDER_F,HYDROCODONE,SPCLTY_Nurse Practitioner,STATE_OK,,,
1639412976,GENDER_M,OXYCODONE,SPCLTY_Student in an Organiz,STATE_NH,,,
1639413321,GENDER_F,HYDROCODONE,SPCLTY_Physician Assistant,STATE_WA,,,
1639425879,GENDER_M,HYDROCODONE,SPCLTY_Internal Medicine,STATE_MI,TRAMADOL,,
1639432412,GENDER_F,HYDROCODONE,OXYCODONE,SPCLTY_Physician Assistant,STATE_ME,,
1639432701,GENDER_F,SPCLTY_Physician Assistant,STATE_RI,TRAMADOL,,,
1639433964,GENDER_F,HYDROCODONE,SPCLTY_Dentist,STATE_MO,,,
1639437767,GENDER_F,HYDROCODONE,OXYCODONE,SPCLTY_Physician Assistant,STATE_VT,,
1639453822,GENDER_F,HYDROCODONE,SPCLTY_Emergency Medicine,STATE_NY,,,
1639453921,GENDER_F,HYDROCODONE,SPCLTY_Internal Medicine,STATE_WA,TRAMADOL,,
1639486368,GENDER_F,HYDROCODONE,SPCLTY_Nurse Practitioner,STATE_ND,TRAMADOL,,
1639487499,GENDER_M,HYDROCODONE,OXYCODONE,SPCLTY_Otolaryngology,STATE_OK,,
1639513948,FENTANYL,GENDER_F,HYDROCODONE,OXYCODONE,SPCLTY_Nurse Practitioner,STATE_CT,
1639517006,GENDER_M,OXYCODONE,SPCLTY_General Surgery,STATE_MA,,,
1639517329,GENDER_F,OXYCODONE,SPCLTY_Emergency Medicine,STATE_MA,,,
1639591829,GENDER_F,HYDROCODONE,OXYCODONE,SPCLTY_Physician Assistant,STATE_MA,,
1639596505,GENDER_F,HYDROCODONE,SPCLTY_Nurse Practitioner,STATE_NM,TRAMADOL,,
1649200668,GENDER_F,HYDROCODONE,SPCLTY_Internal Medicine,STATE_TX,,,
1649201872,GENDER_F,OXYCODONE,SPCLTY_Family Practice,STATE_WA,,,
1649203084,GENDER_F,OXYCODONE,SPCLTY_Internal Medicine,STATE_WA,TRAMADOL,,
1649204306,FENTANYL,GENDER_M,HYDROCODONE,OXYCODONE,SPCLTY_Anesthesiology,STATE_KY,TRAMADOL
1649204645,FENTANYL,GENDER_F,HYDROCODONE,OXYCODONE,SPCLTY_Family Practice,STATE_MN,TRAMADOL
1649205436,GENDER_M,HYDROCODONE,OXYCODONE,SPCLTY_Medical Oncology,STATE_VT,,
1649208638,GENDER_F,HYDROCODONE,SPCLTY_Neuropsychiatry,STATE_CA,,,
1649209545,GENDER_M,OXYCODONE,SPCLTY_Internal Medicine,STATE_WI,,,
1649212408,GENDER_M,HYDROCODONE,SPCLTY_Emergency Medicine,STATE_CA,,,
1649213521,GENDER_M,HYDROCODONE,SPCLTY_Medical Oncology,STATE_TX,,,
1649214040,GENDER_M,HYDROCODONE,SPCLTY_Gastroenterology,STATE_NC,,,
1649214131,GENDER_F,HYDROCODONE,SPCLTY_Physician Assistant,STATE_ID,TRAMADOL,,
1649219247,FENTANYL,GENDER_M,HYDROCODONE,OXYCODONE,SPCLTY_Internal Medicine,STATE_MI,TRAMADOL
1649220989,GENDER_M,HYDROCODONE,SPCLTY_General Surgery,STATE_OK,,,
1649221540,FENTANYL,GENDER_M,HYDROCODONE,SPCLTY_Internal Medicine,STATE_TX,TRAMADOL,
1649221722,GENDER_F,HYDROCODONE,SPCLTY_Family Practice,STATE_WI,TRAMADOL,,
1649226085,GENDER_M,HYDROCODONE,SPCLTY_Internal Medicine,STATE_OH,,,
1649230541,GENDER_M,SPCLTY_Family Practice,STATE_OR,TRAMADOL,,,
1649231580,GENDER_M,HYDROCODONE,SPCLTY_Plastic and Reconstru,STATE_KS,,,
1649233503,FENTANYL,GENDER_F,OXYCODONE,SPCLTY_Nurse Practitioner,STATE_OR,,
1649233578,GENDER_M,HYDROCODONE,SPCLTY_Urology,STATE_NY,,,
1649234139,GENDER_F,OXYCODONE,SPCLTY_Family Practice,STATE_AL,TRAMADOL,,
1649237595,GENDER_M,HYDROCODONE,SPCLTY_Maxillofacial Surgery,STATE_MI,,,
1649239815,GENDER_M,HYDROCODONE,OXYCODONE,SPCLTY_Podiatry,STATE_PA,TRAMADOL,
1649247339,FENTANYL,GENDER_F,HYDROCODONE,OXYCODONE,SPCLTY_Hematology,STATE_WI,
1649247438,GENDER_F,HYDROCODONE,SPCLTY_Family Practice,STATE_NY,,,
1649248105,GENDER_M,SPCLTY_Physician Assistant,STATE_AL,TRAMADOL,,,
1649250473,GENDER_M,HYDROCODONE,SPCLTY_Internal Medicine,STATE_VA,TRAMADOL,,
1649251489,GENDER_M,OXYCODONE,SPCLTY_Family Practice,STATE_NY,,,
1649252800,GENDER_M,HYDROCODONE,SPCLTY_General Surgery,STATE_OH,,,
1649255308,FENTANYL,GENDER_M,HYDROCODONE,OXYCODONE,SPCLTY_Family Practice,STATE_PA,TRAMADOL
1649257056,GENDER_M,HYDROCODONE,OXYCODONE,SPCLTY_Physician Assistant,STATE_RI,TRAMADOL,
1649257247,GENDER_M,HYDROCODONE,SPCLTY_Emergency Medicine,STATE_WV,,,
1649257932,GENDER_M,OXYCODONE,SPCLTY_Emergency Medicine,STATE_NC,,,
1649263617,FENTANYL,GENDER_M,HYDROCODONE,OXYCODONE,SPCLTY_Internal Medicine,STATE_NC,TRAMADOL
1649263625,FENTANYL,GENDER_M,HYDROCODONE,OXYCODONE,SPCLTY_Physical Medicine and,STATE_KY,TRAMADOL
1649265877,GENDER_M,HYDROCODONE,SPCLTY_Orthopedic Surgery,STATE_FL,TRAMADOL,,
1649268210,GENDER_M,HYDROCODONE,SPCLTY_Otolaryngology,STATE_WA,,,
1649269325,GENDER_M,HYDROCODONE,SPCLTY_General Surgery,STATE_KY,,,
1649269507,GENDER_M,HYDROCODONE,OXYCODONE,SPCLTY_Emergency Medicine,STATE_TX,,
1649271206,GENDER_M,HYDROCODONE,OXYCODONE,SPCLTY_Orthopedic Surgery,STATE_TN,TRAMADOL,
1649272006,GENDER_M,OXYCODONE,SPCLTY_Cardiac Electrophysio,STATE_FL,,,
1649272071,GENDER_M,SPCLTY_Cardiology,STATE_NJ,TRAMADOL,,,
1649273319,GENDER_M,HYDROCODONE,SPCLTY_Otolaryngology,STATE_IL,,,
1649274275,GENDER_M,HYDROCODONE,SPCLTY_Family Practice,STATE_NY,TRAMADOL,,
1649275397,GENDER_F,HYDROCODONE,SPCLTY_Internal Medicine,STATE_CA,TRAMADOL,,
1649275785,GENDER_M,HYDROCODONE,OXYCODONE,SPCLTY_Physical Medicine and,STATE_OH,TRAMADOL,
1649276452,GENDER_M,HYDROCODONE,OXYCODONE,SPCLTY_Orthopedic Surgery,STATE_MD,TRAMADOL,
1649276981,GENDER_M,HYDROCODONE,OXYCODONE,SPCLTY_Family Practice,STATE_NM,TRAMADOL,
1649278607,GENDER_M,HYDROCODONE,OXYCODONE,SPCLTY_General Practice,STATE_NM,TRAMADOL,
1649279456,GENDER_M,HYDROCODONE,SPCLTY_Ophthalmology,STATE_WA,,,
1649279506,GENDER_M,HYDROCODONE,OXYCODONE,SPCLTY_Cardiology,STATE_FL,TRAMADOL,
1649280587,GENDER_F,HYDROCODONE,SPCLTY_Physician Assistant,STATE_CA,,,
1649281023,GENDER_F,OXYCODONE,SPCLTY_Internal Medicine,STATE_OH,TRAMADOL,,
1649285156,GENDER_M,OXYCODONE,SPCLTY_General Surgery,STATE_OR,,,
1649286188,GENDER_M,SPCLTY_Family Practice,STATE_AL,TRAMADOL,,,
1649287129,FENTANYL,GENDER_M,HYDROCODONE,OXYCODONE,SPCLTY_Medical Oncology,STATE_FL,
1649288168,FENTANYL,GENDER_F,HYDROCODONE,OXYCODONE,SPCLTY_Family Practice,STATE_SC,TRAMADOL
1649292020,FENTANYL,GENDER_M,HYDROCODONE,OXYCODONE,SPCLTY_Internal Medicine,STATE_FL,TRAMADOL
1649292798,GENDER_M,SPCLTY_Dermatology,STATE_CT,TRAMADOL,,,
1649295973,GENDER_M,HYDROCODONE,SPCLTY_Family Practice,STATE_FL,TRAMADOL,,
1649297094,GENDER_F,HYDROCODONE,OXYCODONE,SPCLTY_Hematology/Oncology,STATE_OH,,
1649297722,GENDER_F,OXYCODONE,SPCLTY_Endocrinology,STATE_NC,,,
1649311457,GENDER_M,HYDROCODONE,SPCLTY_Internal Medicine,STATE_NC,,,
1649314006,GENDER_M,HYDROCODONE,OXYCODONE,SPCLTY_Oral Surgery (dentist,STATE_NY,,
1649314022,GENDER_F,HYDROCODONE,OXYCODONE,SPCLTY_Neurology,STATE_WA,,
1649316332,GENDER_M,HYDROCODONE,SPCLTY_Family Practice,STATE_CA,TRAMADOL,,
1649323841,GENDER_M,HYDROCODONE,SPCLTY_Dentist,STATE_FL,,,
1649324393,GENDER_M,HYDROCODONE,SPCLTY_Dentist,STATE_PA,,,
1649327537,GENDER_M,HYDROCODONE,SPCLTY_Hospice and Palliativ,STATE_TN,,,
1649330101,GENDER_M,HYDROCODONE,SPCLTY_Family Practice,STATE_CA,TRAMADOL,,
1649338799,GENDER_M,HYDROCODONE,SPCLTY_Dentist,STATE_MN,,,
1649339508,FENTANYL,GENDER_M,HYDROCODONE,OXYCODONE,SPCLTY_Internal Medicine,STATE_GA,TRAMADOL
1649347295,GENDER_M,OXYCODONE,SPCLTY_Otolaryngology,STATE_NJ,,,
1649348046,GENDER_M,HYDROCODONE,SPCLTY_Emergency Medicine,STATE_SC,,,
1649351941,GENDER_M,HYDROCODONE,SPCLTY_General Surgery,STATE_CA,,,
1649352535,GENDER_F,HYDROCODONE,OXYCODONE,SPCLTY_Internal Medicine,STATE_DE,TRAMADOL,
1649353855,GENDER_M,HYDROCODONE,OXYCODONE,SPCLTY_General Surgery,STATE_WV,,
1649355116,GENDER_F,SPCLTY_Physician Assistant,STATE_FL,TRAMADOL,,,
1649357807,GENDER_F,HYDROCODONE,OXYCODONE,SPCLTY_Nurse Practitioner,STATE_CT,TRAMADOL,
1649360009,GENDER_F,OXYCODONE,SPCLTY_Family Practice,STATE_NY,TRAMADOL,,
1649364464,GENDER_F,HYDROCODONE,SPCLTY_Nurse Practitioner,STATE_TX,TRAMADOL,,
1649373424,GENDER_F,OXYCODONE,SPCLTY_Family Practice,STATE_OR,,,
1649374737,GENDER_M,HYDROCODONE,SPCLTY_General Surgery,STATE_IL,,,
1649375049,GENDER_M,HYDROCODONE,OXYCODONE,SPCLTY_Internal Medicine,STATE_OH,TRAMADOL,
1649375783,GENDER_M,OXYCODONE,SPCLTY_Emergency Medicine,STATE_FL,TRAMADOL,,
1649378407,GENDER_M,HYDROCODONE,SPCLTY_Orthopedic Surgery,STATE_WI,TRAMADOL,,
1649378548,FENTANYL,GENDER_F,HYDROCODONE,OXYCODONE,SPCLTY_Internal Medicine,STATE_IL,
1649378712,GENDER_F,HYDROCODONE,SPCLTY_Nurse Practitioner,STATE_TX,,,
1649379736,GENDER_M,HYDROCODONE,SPCLTY_Emergency Medicine,STATE_MI,,,
1649382995,GENDER_M,HYDROCODONE,OXYCODONE,SPCLTY_Emergency Medicine,STATE_KY,,
1649388612,GENDER_F,HYDROCODONE,SPCLTY_Internal Medicine,STATE_MA,TRAMADOL,,
1649390550,GENDER_M,HYDROCODONE,SPCLTY_General Surgery,STATE_NE,,,
1649401449,GENDER_F,HYDROCODONE,OXYCODONE,SPCLTY_Internal Medicine,STATE_OR,TRAMADOL,
1649401555,GENDER_M,HYDROCODONE,SPCLTY_Emergency Medicine,STATE_CA,,,
1649402975,GENDER_M,HYDROCODONE,SPCLTY_Dentist,STATE_FL,,,
1649407685,FENTANYL,GENDER_M,HYDROCODONE,OXYCODONE,SPCLTY_Family Practice,STATE_IN,TRAMADOL
1649408691,GENDER_M,HYDROCODONE,SPCLTY_Emergency Medicine,STATE_TX,TRAMADOL,,
1649409020,GENDER_M,HYDROCODONE,SPCLTY_Orthopedic Surgery,STATE_MI,,,
1649411539,GENDER_F,HYDROCODONE,SPCLTY_General Surgery,STATE_MI,,,
1649416025,GENDER_F,HYDROCODONE,SPCLTY_Physician Assistant,STATE_IA,,,
1649417437,GENDER_M,OXYCODONE,SPCLTY_Hematology/Oncology,STATE_NJ,,,
1649419912,GENDER_F,HYDROCODONE,OXYCODONE,SPCLTY_Nurse Practitioner,STATE_KY,,
1649427642,GENDER_M,HYDROCODONE,OXYCODONE,SPCLTY_Physical Medicine and,STATE_CA,TRAMADOL,
1649430810,GENDER_F,HYDROCODONE,SPCLTY_Internal Medicine,STATE_OK,,,
1649430950,GENDER_M,OXYCODONE,SPCLTY_Emergency Medicine,STATE_NJ,,,
1649432139,GENDER_F,HYDROCODONE,SPCLTY_Oral Surgery (dentist,STATE_NY,,,
1649433046,GENDER_M,OXYCODONE,SPCLTY_Internal Medicine,STATE_NC,,,
1649433798,GENDER_F,OXYCODONE,SPCLTY_Physician Assistant,STATE_NJ,,,
1649436122,GENDER_F,HYDROCODONE,SPCLTY_Internal Medicine,STATE_AL,,,
1649455742,GENDER_F,SPCLTY_Internal Medicine,STATE_FL,TRAMADOL,,,
1649461021,GENDER_F,HYDROCODONE,SPCLTY_Nurse Practitioner,STATE_CA,TRAMADOL,,
1649462078,GENDER_F,SPCLTY_Family Practice,STATE_PA,TRAMADOL,,,
1649463076,GENDER_F,SPCLTY_Rheumatology,STATE_IL,TRAMADOL,,,
1649475005,GENDER_M,HYDROCODONE,SPCLTY_Oral & Maxillofacial,STATE_NC,,,
1649495276,GENDER_M,HYDROCODONE,OXYCODONE,SPCLTY_Internal Medicine,STATE_FL,TRAMADOL,
1649509506,GENDER_M,HYDROCODONE,SPCLTY_Physician Assistant,STATE_MT,TRAMADOL,,
1649512351,GENDER_F,HYDROCODONE,SPCLTY_Nurse Practitioner,STATE_KY,TRAMADOL,,
1649514514,GENDER_F,HYDROCODONE,SPCLTY_Nurse Practitioner,STATE_PA,,,
1649518481,GENDER_F,HYDROCODONE,SPCLTY_Internal Medicine,STATE_FL,,,
1649529470,GENDER_F,HYDROCODONE,SPCLTY_Nurse Practitioner,STATE_KY,TRAMADOL,,
1649533225,GENDER_M,HYDROCODONE,SPCLTY_Dentist,STATE_MA,,,
1649552225,GENDER_M,OXYCODONE,SPCLTY_Physician Assistant,STATE_VA,TRAMADOL,,
1649558479,GENDER_F,HYDROCODONE,OXYCODONE,SPCLTY_Nurse Practitioner,STATE_WA,,
1649560913,GENDER_F,HYDROCODONE,SPCLTY_Emergency Medicine,STATE_CA,,,
1649583808,FENTANYL,GENDER_M,HYDROCODONE,OXYCODONE,SPCLTY_Internal Medicine,STATE_NY,TRAMADOL
1649584350,GENDER_M,OXYCODONE,SPCLTY_Internal Medicine,STATE_MI,,,
1649613688,GENDER_F,OXYCODONE,SPCLTY_Student in an Organiz,STATE_TN,,,
1659302289,GENDER_M,OXYCODONE,SPCLTY_Emergency Medicine,STATE_PA,,,
1659302297,GENDER_F,HYDROCODONE,OXYCODONE,SPCLTY_Family Practice,STATE_PA,TRAMADOL,
1659302545,GENDER_F,HYDROCODONE,SPCLTY_Nurse Practitioner,STATE_TX,TRAMADOL,,
1659302990,FENTANYL,GENDER_M,HYDROCODONE,OXYCODONE,SPCLTY_Family Practice,STATE_NY,
1659304046,GENDER_F,HYDROCODONE,SPCLTY_Urology,STATE_WI,,,
1659310704,FENTANYL,GENDER_M,HYDROCODONE,SPCLTY_Internal Medicine,STATE_PA,TRAMADOL,
1659312874,FENTANYL,GENDER_F,HYDROCODONE,SPCLTY_Family Practice,STATE_MI,TRAMADOL,
1659318459,GENDER_M,HYDROCODONE,OXYCODONE,SPCLTY_Internal Medicine,STATE_MA,TRAMADOL,
1659319515,GENDER_M,SPCLTY_Family Practice,STATE_FL,TRAMADOL,,,
1659320737,GENDER_F,HYDROCODONE,SPCLTY_Geriatric Medicine,STATE_MI,TRAMADOL,,
1659322048,GENDER_M,SPCLTY_Nephrology,STATE_WI,TRAMADOL,,,
1659325348,GENDER_F,HYDROCODONE,SPCLTY_Pulmonary Disease,STATE_UT,,,
1659327922,GENDER_M,OXYCODONE,SPCLTY_Internal Medicine,STATE_NJ,TRAMADOL,,
1659328987,FENTANYL,GENDER_M,HYDROCODONE,OXYCODONE,SPCLTY_Internal Medicine,STATE_NJ,TRAMADOL
1659331676,GENDER_M,HYDROCODONE,SPCLTY_General Surgery,STATE_AZ,,,
1659334472,GENDER_M,HYDROCODONE,SPCLTY_General Surgery,STATE_TX,,,
1659334480,GENDER_M,HYDROCODONE,SPCLTY_Orthopedic Surgery,STATE_TX,TRAMADOL,,
1659336337,GENDER_M,SPCLTY_Cardiology,STATE_OH,TRAMADOL,,,
1659337400,GENDER_M,HYDROCODONE,SPCLTY_Internal Medicine,STATE_OH,,,
1659337442,FENTANYL,GENDER_F,HYDROCODONE,OXYCODONE,SPCLTY_Family Practice,STATE_GA,TRAMADOL
1659338606,FENTANYL,GENDER_F,OXYCODONE,SPCLTY_Hematology/Oncology,STATE_MA,,
1659339315,GENDER_M,HYDROCODONE,SPCLTY_Family Practice,STATE_PA,,,
1659341212,FENTANYL,GENDER_M,HYDROCODONE,OXYCODONE,SPCLTY_Family Practice,STATE_MN,TRAMADOL
1659341329,GENDER_M,HYDROCODONE,SPCLTY_Dentist,STATE_MI,,,
1659341626,GENDER_M,HYDROCODONE,SPCLTY_Family Practice,STATE_OR,TRAMADOL,,
1659342384,GENDER_M,HYDROCODONE,SPCLTY_Cardiology,STATE_TN,,,
1659344398,GENDER_M,HYDROCODONE,OXYCODONE,SPCLTY_Family Practice,STATE_NC,TRAMADOL,
1659344893,GENDER_M,HYDROCODONE,OXYCODONE,SPCLTY_Internal Medicine,STATE_FL,TRAMADOL,
1659347391,GENDER_M,HYDROCODONE,OXYCODONE,SPCLTY_General Surgery,STATE_OK,,
1659350700,GENDER_F,SPCLTY_Nurse Practitioner,STATE_LA,TRAMADOL,,,
1659350932,GENDER_M,HYDROCODONE,SPCLTY_Family Practice,STATE_CA,,,
1659354926,GENDER_M,HYDROCODONE,SPCLTY_Nephrology,STATE_SC,,,
1659355188,GENDER_M,HYDROCODONE,OXYCODONE,SPCLTY_Family Practice,STATE_OH,TRAMADOL,
1659355378,GENDER_M,HYDROCODONE,SPCLTY_Hematology/Oncology,STATE_CO,,,
1659355709,GENDER_F,HYDROCODONE,OXYCODONE,SPCLTY_Internal Medicine,STATE_FL,TRAMADOL,
1659356798,FENTANYL,GENDER_M,HYDROCODONE,OXYCODONE,SPCLTY_Family Practice,STATE_TX,TRAMADOL
1659357234,GENDER_F,HYDROCODONE,OXYCODONE,SPCLTY_Family Practice,STATE_CA,TRAMADOL,
1659358430,GENDER_M,HYDROCODONE,SPCLTY_Family Practice,STATE_TX,TRAMADOL,,
1659358992,GENDER_M,OXYCODONE,SPCLTY_Family Practice,STATE_PA,TRAMADOL,,
1659359651,GENDER_F,HYDROCODONE,SPCLTY_Dentist,STATE_TX,,,
1659360295,FENTANYL,GENDER_M,HYDROCODONE,OXYCODONE,SPCLTY_Internal Medicine,STATE_TN,TRAMADOL
1659360386,GENDER_F,SPCLTY_Physician Assistant,STATE_FL,TRAMADOL,,,
1659360527,FENTANYL,GENDER_F,HYDROCODONE,OXYCODONE,SPCLTY_Internal Medicine,STATE_NM,TRAMADOL
1659360808,FENTANYL,GENDER_M,HYDROCODONE,OXYCODONE,SPCLTY_Family Practice,STATE_WI,TRAMADOL
1659364768,GENDER_M,HYDROCODONE,OXYCODONE,SPCLTY_Nephrology,STATE_FL,TRAMADOL,
1659366342,GENDER_M,HYDROCODONE,OXYCODONE,SPCLTY_Podiatry,STATE_AZ,TRAMADOL,
1659367647,GENDER_M,HYDROCODONE,SPCLTY_Nephrology,STATE_TX,TRAMADOL,,
1659369338,GENDER_M,HYDROCODONE,OXYCODONE,SPCLTY_Internal Medicine,STATE_GA,TRAMADOL,
1659370427,GENDER_F,HYDROCODONE,SPCLTY_Rheumatology,STATE_CO,,,
1659371177,GENDER_M,HYDROCODONE,SPCLTY_General Surgery,STATE_MI,,,
1659372183,GENDER_M,HYDROCODONE,OXYCODONE,SPCLTY_Urology,STATE_AZ,,
1659375921,GENDER_M,HYDROCODONE,OXYCODONE,SPCLTY_Internal Medicine,STATE_IA,TRAMADOL,
1659376242,GENDER_M,HYDROCODONE,OXYCODONE,SPCLTY_Emergency Medicine,STATE_OH,,
1659378115,GENDER_M,OXYCODONE,SPCLTY_Family Practice,STATE_OH,,,
1659379477,GENDER_M,HYDROCODONE,SPCLTY_Internal Medicine,STATE_LA,TRAMADOL,,
1659383917,FENTANYL,GENDER_F,HYDROCODONE,OXYCODONE,SPCLTY_Nurse Practitioner,STATE_ME,TRAMADOL
1659385300,FENTANYL,GENDER_F,HYDROCODONE,OXYCODONE,SPCLTY_Medical Oncology,STATE_MI,
1659389773,GENDER_M,HYDROCODONE,SPCLTY_Internal Medicine,STATE_WA,TRAMADOL,,
1659392090,GENDER_M,HYDROCODONE,OXYCODONE,SPCLTY_Family Practice,STATE_WA,TRAMADOL,
1659395069,GENDER_M,HYDROCODONE,SPCLTY_Podiatry,STATE_TX,TRAMADOL,,
1659396539,GENDER_M,HYDROCODONE,SPCLTY_Infectious Disease,STATE_TX,,,
1659396620,GENDER_M,HYDROCODONE,SPCLTY_Physician Assistant,STATE_CA,TRAMADOL,,
1659397768,GENDER_F,SPCLTY_Physician Assistant,STATE_TX,TRAMADOL,,,
1659399087,GENDER_F,HYDROCODONE,SPCLTY_Rheumatology,STATE_TX,TRAMADOL,,
1659399269,GENDER_F,HYDROCODONE,OXYCODONE,SPCLTY_Family Practice,STATE_NV,TRAMADOL,
1659399970,GENDER_M,HYDROCODONE,SPCLTY_Urology,STATE_IL,,,
1659414076,FENTANYL,GENDER_M,OXYCODONE,SPCLTY_Internal Medicine,STATE_CT,,
1659429629,GENDER_M,HYDROCODONE,SPCLTY_Internal Medicine,STATE_CA,,,
1659431724,GENDER_M,HYDROCODONE,SPCLTY_Dentist,STATE_WI,,,
1659434728,GENDER_M,HYDROCODONE,SPCLTY_Emergency Medicine,STATE_KY,,,
1659435253,GENDER_F,HYDROCODONE,SPCLTY_Maxillofacial Surgery,STATE_IL,,,
1659445823,FENTANYL,GENDER_M,HYDROCODONE,SPCLTY_Internal Medicine,STATE_CA,TRAMADOL,
1659447373,GENDER_M,HYDROCODONE,SPCLTY_Internal Medicine,STATE_CA,TRAMADOL,,
1659448546,GENDER_M,HYDROCODONE,SPCLTY_Internal Medicine,STATE_CA,TRAMADOL,,
1659450021,GENDER_M,OXYCODONE,SPCLTY_Physician Assistant,STATE_MA,,,
1659459139,GENDER_M,OXYCODONE,SPCLTY_Nurse Practitioner,STATE_TN,,,
1659459188,FENTANYL,GENDER_F,HYDROCODONE,OXYCODONE,SPCLTY_Family Practice,STATE_WI,TRAMADOL
1659464485,GENDER_M,HYDROCODONE,SPCLTY_Surgical Oncology,STATE_CA,,,
1659464824,GENDER_M,HYDROCODONE,SPCLTY_General Surgery,STATE_MI,,,
1659470326,FENTANYL,GENDER_F,HYDROCODONE,OXYCODONE,SPCLTY_Nurse Practitioner,STATE_NY,
1659470789,GENDER_F,HYDROCODONE,OXYCODONE,SPCLTY_Family Practice,STATE_MI,TRAMADOL,
1659470946,GENDER_M,HYDROCODONE,SPCLTY_Infectious Disease,STATE_GA,,,
1659471803,GENDER_M,HYDROCODONE,OXYCODONE,SPCLTY_Physician Assistant,STATE_MA,,
1659473148,GENDER_F,SPCLTY_Nurse Practitioner,STATE_FL,TRAMADOL,,,
1659473221,FENTANYL,GENDER_F,HYDROCODONE,OXYCODONE,SPCLTY_Nurse Practitioner,STATE_NC,TRAMADOL
1659473791,FENTANYL,GENDER_M,HYDROCODONE,OXYCODONE,SPCLTY_Family Practice,STATE_OH,TRAMADOL
1659474104,GENDER_M,OXYCODONE,SPCLTY_Internal Medicine,STATE_NJ,,,
1659474542,FENTANYL,GENDER_M,HYDROCODONE,OXYCODONE,SPCLTY_Internal Medicine,STATE_CA,TRAMADOL
1659477305,GENDER_M,HYDROCODONE,SPCLTY_Internal Medicine,STATE_FL,TRAMADOL,,
1659478535,GENDER_M,HYDROCODONE,SPCLTY_General Surgery,STATE_IL,,,
1659481091,GENDER_M,HYDROCODONE,SPCLTY_Dentist,STATE_CA,,,
1659484566,GENDER_M,HYDROCODONE,SPCLTY_Family Practice,STATE_CA,TRAMADOL,,
1659486744,GENDER_M,HYDROCODONE,OXYCODONE,SPCLTY_Internal Medicine,STATE_WI,TRAMADOL,
1659487064,GENDER_M,HYDROCODONE,OXYCODONE,SPCLTY_Internal Medicine,STATE_NY,TRAMADOL,
1659489003,GENDER_F,HYDROCODONE,SPCLTY_Dentist,STATE_SC,,,
1659489060,GENDER_M,HYDROCODONE,OXYCODONE,SPCLTY_Internal Medicine,STATE_RI,,
1659492189,GENDER_M,HYDROCODONE,OXYCODONE,SPCLTY_Emergency Medicine,STATE_ME,,
1659493617,GENDER_F,HYDROCODONE,OXYCODONE,SPCLTY_Nurse Practitioner,STATE_MD,TRAMADOL,
1659497311,GENDER_F,HYDROCODONE,SPCLTY_Family Practice,STATE_TX,TRAMADOL,,
1659501138,GENDER_F,HYDROCODONE,SPCLTY_Physician Assistant,STATE_NY,,,
1659501674,GENDER_F,SPCLTY_Nurse Practitioner,STATE_OH,TRAMADOL,,,
1659502904,FENTANYL,GENDER_F,HYDROCODONE,OXYCODONE,SPCLTY_Nurse Practitioner,STATE_OH,TRAMADOL
1659520377,GENDER_M,HYDROCODONE,SPCLTY_Dentist,STATE_NC,,,
1659532596,GENDER_M,OXYCODONE,SPCLTY_Internal Medicine,STATE_NJ,,,
1659537876,GENDER_F,OXYCODONE,SPCLTY_Internal Medicine,STATE_MD,TRAMADOL,,
1659558708,GENDER_F,HYDROCODONE,SPCLTY_Physician Assistant,STATE_OK,TRAMADOL,,
1659562395,FENTANYL,GENDER_M,HYDROCODONE,OXYCODONE,SPCLTY_Family Practice,STATE_PA,TRAMADOL
1659589737,GENDER_F,OXYCODONE,SPCLTY_Obstetrics/Gynecology,STATE_UT,,,
1659596344,GENDER_M,HYDROCODONE,SPCLTY_Family Practice,STATE_TX,TRAMADOL,,
1659597755,GENDER_F,HYDROCODONE,SPCLTY_Rheumatology,STATE_OR,TRAMADOL,,
1659600328,GENDER_F,SPCLTY_Nurse Practitioner,STATE_FL,TRAMADOL,,,
1659604320,GENDER_F,SPCLTY_Nurse Practitioner,STATE_MA,TRAMADOL,,,
1659629467,GENDER_M,HYDROCODONE,OXYCODONE,SPCLTY_Orthopedic Surgery,STATE_WA,TRAMADOL,
1659630077,GENDER_M,HYDROCODONE,SPCLTY_Dentist,STATE_SC,TRAMADOL,,
1659633659,FENTANYL,GENDER_M,HYDROCODONE,OXYCODONE,SPCLTY_Pain Management,STATE_PA,TRAMADOL
1659635167,GENDER_F,HYDROCODONE,SPCLTY_Nurse Practitioner,STATE_WV,TRAMADOL,,
1659647030,GENDER_F,HYDROCODONE,SPCLTY_Internal Medicine,STATE_IN,,,
1659649655,GENDER_F,OXYCODONE,SPCLTY_Nurse Practitioner,STATE_VA,,,
1659660314,GENDER_M,HYDROCODONE,SPCLTY_Emergency Medicine,STATE_TX,TRAMADOL,,
1659665289,GENDER_M,HYDROCODONE,SPCLTY_Family Practice,STATE_FL,TRAMADOL,,
1659667293,GENDER_F,HYDROCODONE,SPCLTY_Family Practice,STATE_CA,,,
1659677466,GENDER_F,SPCLTY_Nurse Practitioner,STATE_MO,TRAMADOL,,,
1659681096,GENDER_F,HYDROCODONE,SPCLTY_Nurse Practitioner,STATE_CA,,,
1659692150,GENDER_F,HYDROCODONE,OXYCODONE,SPCLTY_Nurse Practitioner,STATE_TN,,
1659711521,GENDER_F,HYDROCODONE,SPCLTY_General Surgery,STATE_IL,,,
1659717197,GENDER_F,HYDROCODONE,OXYCODONE,SPCLTY_Nurse Practitioner,STATE_CA,,
1659787752,GENDER_F,HYDROCODONE,SPCLTY_Dentist,STATE_FL,,,
1659788750,FENTANYL,GENDER_F,HYDROCODONE,OXYCODONE,SPCLTY_Nurse Practitioner,STATE_TN,TRAMADOL
1669402525,GENDER_M,HYDROCODONE,OXYCODONE,SPCLTY_Emergency Medicine,STATE_WI,,
1669408522,GENDER_M,HYDROCODONE,OXYCODONE,SPCLTY_Emergency Medicine,STATE_CA,,
1669410650,FENTANYL,GENDER_F,HYDROCODONE,SPCLTY_Physician Assistant,STATE_SD,TRAMADOL,
1669411252,FENTANYL,GENDER_M,HYDROCODONE,OXYCODONE,SPCLTY_Family Practice,STATE_OH,TRAMADOL
1669411542,FENTANYL,GENDER_M,HYDROCODONE,SPCLTY_Internal Medicine,STATE_CA,TRAMADOL,
1669416137,GENDER_M,HYDROCODONE,SPCLTY_Family Practice,STATE_ID,TRAMADOL,,
1669419644,FENTANYL,GENDER_M,HYDROCODONE,OXYCODONE,SPCLTY_Family Practice,STATE_WA,TRAMADOL
1669419909,GENDER_M,HYDROCODONE,SPCLTY_Emergency Medicine,STATE_WA,TRAMADOL,,
1669420485,FENTANYL,GENDER_M,HYDROCODONE,OXYCODONE,SPCLTY_Neurology,STATE_CA,
1669421590,GENDER_M,HYDROCODONE,SPCLTY_Family Practice,STATE_MO,TRAMADOL,,
1669423232,GENDER_F,HYDROCODONE,SPCLTY_Internal Medicine,STATE_IN,TRAMADOL,,
1669423786,GENDER_M,HYDROCODONE,SPCLTY_Emergency Medicine,STATE_OH,TRAMADOL,,
1669425385,FENTANYL,GENDER_M,HYDROCODONE,OXYCODONE,SPCLTY_Nurse Practitioner,STATE_KS,
1669426326,GENDER_M,HYDROCODONE,SPCLTY_Internal Medicine,STATE_MA,,,
1669427837,GENDER_M,HYDROCODONE,SPCLTY_Dentist,STATE_GA,,,
1669428306,GENDER_M,HYDROCODONE,SPCLTY_Hand Surgery,STATE_IL,,,
1669430344,GENDER_M,HYDROCODONE,SPCLTY_Emergency Medicine,STATE_TX,TRAMADOL,,
1669434205,GENDER_M,HYDROCODONE,SPCLTY_Family Practice,STATE_PA,,,
1669434346,GENDER_M,OXYCODONE,SPCLTY_Emergency Medicine,STATE_PA,,,
1669435731,GENDER_F,HYDROCODONE,OXYCODONE,SPCLTY_Family Practice,STATE_OH,TRAMADOL,
1669436531,GENDER_F,HYDROCODONE,SPCLTY_General Practice,STATE_MI,TRAMADOL,,
1669437224,GENDER_F,OXYCODONE,SPCLTY_Internal Medicine,STATE_NY,,,
1669437356,GENDER_M,HYDROCODONE,SPCLTY_Oral Surgery (dentist,STATE_MN,,,
1669441812,GENDER_M,OXYCODONE,SPCLTY_Urology,STATE_OH,,,
1669442091,GENDER_M,HYDROCODONE,OXYCODONE,SPCLTY_Internal Medicine,STATE_OH,TRAMADOL,
1669443214,GENDER_M,SPCLTY_Internal Medicine,STATE_CT,TRAMADOL,,,
1669445532,GENDER_M,HYDROCODONE,OXYCODONE,SPCLTY_Family Practice,STATE_TN,TRAMADOL,
1669446993,GENDER_M,OXYCODONE,SPCLTY_Urology,STATE_VT,,,
1669447298,GENDER_F,HYDROCODONE,OXYCODONE,SPCLTY_Internal Medicine,STATE_MA,TRAMADOL,
1669447900,GENDER_F,SPCLTY_Nurse Practitioner,STATE_IL,TRAMADOL,,,
1669449229,FENTANYL,GENDER_M,HYDROCODONE,OXYCODONE,SPCLTY_Family Practice,STATE_FL,TRAMADOL
1669451308,FENTANYL,GENDER_M,HYDROCODONE,OXYCODONE,SPCLTY_Family Practice,STATE_IA,TRAMADOL
1669451514,GENDER_M,OXYCODONE,SPCLTY_Hematology/Oncology,STATE_MA,,,
1669451597,GENDER_F,OXYCODONE,SPCLTY_Hematology/Oncology,STATE_OH,TRAMADOL,,
1669451712,GENDER_F,HYDROCODONE,SPCLTY_Emergency Medicine,STATE_TX,TRAMADOL,,
1669452348,GENDER_F,HYDROCODONE,SPCLTY_Internal Medicine,STATE_AZ,TRAMADOL,,
1669455325,GENDER_F,HYDROCODONE,SPCLTY_Nurse Practitioner,STATE_IN,TRAMADOL,,
1669455382,GENDER_F,HYDROCODONE,OXYCODONE,SPCLTY_Family Practice,STATE_NC,,
1669457081,GENDER_M,OXYCODONE,SPCLTY_Internal Medicine,STATE_FL,,,
1669457420,GENDER_F,HYDROCODONE,OXYCODONE,SPCLTY_Nurse Practitioner,STATE_NC,,
1669460564,GENDER_M,HYDROCODONE,SPCLTY_General Surgery,STATE_KS,,,
1669461687,GENDER_M,SPCLTY_Family Practice,STATE_FL,TRAMADOL,,,
1669465183,GENDER_M,SPCLTY_Internal Medicine,STATE_CO,TRAMADOL,,,
1669465225,GENDER_F,HYDROCODONE,SPCLTY_Allergy/Immunology,STATE_CA,,,
1669465464,GENDER_M,SPCLTY_Neurology,STATE_PA,TRAMADOL,,,
1669466645,GENDER_F,OXYCODONE,SPCLTY_Internal Medicine,STATE_FL,,,
1669468864,GENDER_M,HYDROCODONE,OXYCODONE,SPCLTY_Internal Medicine,STATE_FL,,
1669469235,FENTANYL,GENDER_F,HYDROCODONE,OXYCODONE,SPCLTY_Internal Medicine,STATE_TX,TRAMADOL
1669470878,GENDER_M,HYDROCODONE,SPCLTY_Obstetrics/Gynecology,STATE_MO,,,
1669473260,FENTANYL,GENDER_F,HYDROCODONE,OXYCODONE,SPCLTY_Family Practice,STATE_VA,
1669473716,FENTANYL,GENDER_M,HYDROCODONE,OXYCODONE,SPCLTY_Internal Medicine,STATE_TN,TRAMADOL
1669473724,GENDER_M,HYDROCODONE,OXYCODONE,SPCLTY_Geriatric Medicine,STATE_CT,TRAMADOL,
1669475158,GENDER_M,OXYCODONE,SPCLTY_Medical Oncology,STATE_FL,,,
1669478806,GENDER_F,HYDROCODONE,SPCLTY_Internal Medicine,STATE_AL,,,
1669480752,GENDER_M,HYDROCODONE,SPCLTY_Family Practice,STATE_TX,TRAMADOL,,
1669480828,GENDER_M,HYDROCODONE,SPCLTY_Internal Medicine,STATE_TX,,,
1669481107,GENDER_M,HYDROCODONE,SPCLTY_Nephrology,STATE_CA,,,
1669481537,FENTANYL,GENDER_M,HYDROCODONE,OXYCODONE,SPCLTY_Family Practice,STATE_AL,TRAMADOL
1669482907,FENTANYL,GENDER_M,HYDROCODONE,SPCLTY_Internal Medicine,STATE_MS,TRAMADOL,
1669486742,GENDER_M,HYDROCODONE,SPCLTY_Urology,STATE_SC,,,
1669489431,GENDER_M,OXYCODONE,SPCLTY_Internal Medicine,STATE_PR,TRAMADOL,,
1669492377,GENDER_M,HYDROCODONE,SPCLTY_Emergency Medicine,STATE_OR,,,
1669492443,GENDER_M,HYDROCODONE,SPCLTY_Emergency Medicine,STATE_MS,TRAMADOL,,
1669493375,GENDER_M,HYDROCODONE,SPCLTY_Emergency Medicine,STATE_CA,,,
1669493565,GENDER_F,HYDROCODONE,SPCLTY_Physician Assistant,STATE_NY,TRAMADOL,,
1669494191,GENDER_M,HYDROCODONE,SPCLTY_General Surgery,STATE_AL,,,
1669494423,GENDER_F,HYDROCODONE,SPCLTY_Internal Medicine,STATE_LA,,,
1669501862,GENDER_F,HYDROCODONE,SPCLTY_Family Practice,STATE_AK,,,
1669507943,FENTANYL,GENDER_M,HYDROCODONE,OXYCODONE,SPCLTY_Anesthesiology,STATE_MS,TRAMADOL
1669513859,FENTANYL,GENDER_M,HYDROCODONE,SPCLTY_Family Practice,STATE_ID,TRAMADOL,
1669519781,GENDER_M,HYDROCODONE,SPCLTY_Oral Surgery (dentist,STATE_NE,,,
1669523627,GENDER_F,HYDROCODONE,SPCLTY_Dentist,STATE_AL,,,
1669523890,GENDER_M,SPCLTY_Internal Medicine,STATE_LA,TRAMADOL,,,
1669524021,GENDER_M,HYDROCODONE,OXYCODONE,SPCLTY_Emergency Medicine,STATE_CA,,
1669525937,GENDER_M,HYDROCODONE,SPCLTY_Family Practice,STATE_CA,,,
1669526208,GENDER_M,HYDROCODONE,OXYCODONE,SPCLTY_Family Practice,STATE_WA,,
1669526315,GENDER_M,SPCLTY_Pathology,STATE_FL,TRAMADOL,,,
1669527214,GENDER_M,HYDROCODONE,SPCLTY_Dentist,STATE_VA,,,
1669528014,GENDER_F,SPCLTY_Internal Medicine,STATE_CA,TRAMADOL,,,
1669529533,GENDER_M,HYDROCODONE,SPCLTY_Otolaryngology,STATE_GA,,,
1669531232,GENDER_M,SPCLTY_Neurology,STATE_CA,TRAMADOL,,,
1669534459,FENTANYL,GENDER_F,HYDROCODONE,OXYCODONE,SPCLTY_Family Practice,STATE_WA,TRAMADOL
1669535258,GENDER_F,HYDROCODONE,SPCLTY_Physician Assistant,STATE_CA,TRAMADOL,,
1669537411,GENDER_M,HYDROCODONE,OXYCODONE,SPCLTY_Physical Medicine and,STATE_WA,,
1669541330,GENDER_M,HYDROCODONE,OXYCODONE,SPCLTY_Physician Assistant,STATE_CA,TRAMADOL,
1669541694,FENTANYL,GENDER_M,HYDROCODONE,OXYCODONE,SPCLTY_Physician Assistant,STATE_WA,TRAMADOL
1669541983,GENDER_M,HYDROCODONE,SPCLTY_Internal Medicine,STATE_NC,,,
1669544003,GENDER_M,SPCLTY_Internal Medicine,STATE_NJ,TRAMADOL,,,
1669549986,GENDER_M,OXYCODONE,SPCLTY_Orthopedic Surgery,STATE_VA,,,
1669554978,FENTANYL,GENDER_F,HYDROCODONE,OXYCODONE,SPCLTY_Internal Medicine,STATE_PA,TRAMADOL
1669560926,GENDER_M,OXYCODONE,SPCLTY_Obstetrics/Gynecology,STATE_FL,,,
1669562286,GENDER_M,HYDROCODONE,SPCLTY_Infectious Disease,STATE_UT,,,
1669567434,FENTANYL,GENDER_M,HYDROCODONE,OXYCODONE,SPCLTY_Family Practice,STATE_AZ,TRAMADOL
1669567541,GENDER_M,OXYCODONE,SPCLTY_Internal Medicine,STATE_AZ,TRAMADOL,,
1669568382,GENDER_F,HYDROCODONE,OXYCODONE,SPCLTY_Internal Medicine,STATE_WA,TRAMADOL,
1669568622,GENDER_F,SPCLTY_Nurse Practitioner,STATE_VA,TRAMADOL,,,
1669570511,GENDER_M,HYDROCODONE,SPCLTY_Orthopedic Surgery,STATE_MI,TRAMADOL,,
1669577805,GENDER_M,HYDROCODONE,OXYCODONE,SPCLTY_Orthopedic Surgery,STATE_VT,,
1669583811,GENDER_M,HYDROCODONE,SPCLTY_Internal Medicine,STATE_CA,,,
1669584603,GENDER_M,HYDROCODONE,SPCLTY_Thoracic Surgery,STATE_MO,,,
1669585170,GENDER_F,OXYCODONE,SPCLTY_General Surgery,STATE_OH,,,
1669585816,GENDER_M,HYDROCODONE,OXYCODONE,SPCLTY_Orthopedic Surgery,STATE_MN,TRAMADOL,
1669587739,GENDER_M,HYDROCODONE,OXYCODONE,SPCLTY_Family Practice,STATE_WI,,
1669587960,FENTANYL,GENDER_M,HYDROCODONE,OXYCODONE,SPCLTY_Internal Medicine,STATE_AL,TRAMADOL
1669596243,GENDER_M,HYDROCODONE,SPCLTY_Dentist,STATE_OK,,,
1669598561,FENTANYL,GENDER_M,HYDROCODONE,OXYCODONE,SPCLTY_Internal Medicine,STATE_MS,TRAMADOL
1669599296,GENDER_M,HYDROCODONE,SPCLTY_Hematology/Oncology,STATE_PA,TRAMADOL,,
1669607008,GENDER_F,HYDROCODONE,SPCLTY_Family Practice,STATE_GA,TRAMADOL,,
1669608618,GENDER_M,OXYCODONE,SPCLTY_Emergency Medicine,STATE_GA,,,
1669620738,GENDER_M,SPCLTY_General Practice,STATE_PR,TRAMADOL,,,
1669629689,GENDER_F,HYDROCODONE,SPCLTY_General Surgery,STATE_PA,,,
1669631479,GENDER_M,OXYCODONE,SPCLTY_Hematology/Oncology,STATE_NC,,,
1669634382,GENDER_F,OXYCODONE,SPCLTY_Emergency Medicine,STATE_PA,,,
1669634440,GENDER_F,HYDROCODONE,SPCLTY_Family Practice,STATE_KY,,,
1669634671,GENDER_F,SPCLTY_Rheumatology,STATE_NJ,TRAMADOL,,,
1669638144,FENTANYL,GENDER_M,HYDROCODONE,OXYCODONE,SPCLTY_Interventional Pain M,STATE_IL,TRAMADOL
1669638243,GENDER_M,OXYCODONE,SPCLTY_Otolaryngology,STATE_OR,,,
1669639233,GENDER_M,HYDROCODONE,SPCLTY_Emergency Medicine,STATE_WV,,,
1669646543,GENDER_M,HYDROCODONE,SPCLTY_Family Practice,STATE_WA,,,
1669649646,FENTANYL,GENDER_F,HYDROCODONE,OXYCODONE,SPCLTY_Physician Assistant,STATE_NE,TRAMADOL
1669663290,FENTANYL,GENDER_M,HYDROCODONE,OXYCODONE,SPCLTY_Physical Medicine and,STATE_UT,TRAMADOL
1669663787,GENDER_F,HYDROCODONE,OXYCODONE,SPCLTY_Orthopedic Surgery,STATE_MN,TRAMADOL,
1669671319,GENDER_M,HYDROCODONE,SPCLTY_Emergency Medicine,STATE_CA,,,
1669687620,GENDER_M,HYDROCODONE,OXYCODONE,SPCLTY_Orthopedic Surgery,STATE_VA,TRAMADOL,
1669720819,GENDER_F,SPCLTY_Nurse Practitioner,STATE_NC,TRAMADOL,,,
1669721767,GENDER_M,SPCLTY_Student in an Organiz,STATE_MD,TRAMADOL,,,
1669727087,GENDER_M,HYDROCODONE,OXYCODONE,SPCLTY_Nurse Practitioner,STATE_NC,,
1669728895,GENDER_M,HYDROCODONE,SPCLTY_Student in an Organiz,STATE_AL,TRAMADOL,,
1669730313,GENDER_M,OXYCODONE,SPCLTY_Neurological Surgery,STATE_MO,,,
1669734786,GENDER_M,OXYCODONE,SPCLTY_Student in an Organiz,STATE_CT,,,
1669738712,GENDER_F,HYDROCODONE,OXYCODONE,SPCLTY_Family Practice,STATE_OR,,
1669747903,GENDER_M,HYDROCODONE,SPCLTY_Student in an Organiz,STATE_LA,,,
1669760658,GENDER_M,HYDROCODONE,SPCLTY_Dentist,STATE_WA,,,
1669761383,GENDER_F,OXYCODONE,SPCLTY_Student in an Organiz,STATE_MA,,,
1669762688,GENDER_F,OXYCODONE,SPCLTY_Internal Medicine,STATE_CA,,,
1669763652,GENDER_F,SPCLTY_Family Practice,STATE_AL,TRAMADOL,,,
1669767216,GENDER_F,HYDROCODONE,SPCLTY_Nurse Practitioner,STATE_NY,,,
1669769030,GENDER_M,HYDROCODONE,SPCLTY_Dentist,STATE_CO,,,
1669769360,GENDER_F,HYDROCODONE,SPCLTY_Family Practice,STATE_MI,,,
1669781720,GENDER_M,HYDROCODONE,SPCLTY_Physician Assistant,STATE_TX,,,
1669782355,GENDER_M,OXYCODONE,SPCLTY_Dentist,STATE_AZ,,,
1669785861,GENDER_F,SPCLTY_Family Practice,STATE_CA,TRAMADOL,,,
1669799441,GENDER_M,OXYCODONE,SPCLTY_Podiatry,STATE_MD,,,
1669802054,GENDER_M,HYDROCODONE,OXYCODONE,SPCLTY_Dentist,STATE_MD,,
1669805511,GENDER_F,SPCLTY_Physician Assistant,STATE_TX,TRAMADOL,,,
1669813374,GENDER_M,SPCLTY_Nurse Practitioner,STATE_OH,TRAMADOL,,,
1669815130,GENDER_M,OXYCODONE,SPCLTY_Student in an Organiz,STATE_NH,,,
1669815791,GENDER_F,HYDROCODONE,OXYCODONE,SPCLTY_Student in an Organiz,STATE_OR,,
1669817623,GENDER_F,HYDROCODONE,OXYCODONE,SPCLTY_Nurse Practitioner,STATE_CA,,
1679502561,GENDER_F,HYDROCODONE,OXYCODONE,SPCLTY_Internal Medicine,STATE_OH,TRAMADOL,
1679503874,GENDER_M,HYDROCODONE,OXYCODONE,SPCLTY_Family Practice,STATE_SC,TRAMADOL,
1679505705,GENDER_M,HYDROCODONE,SPCLTY_General Surgery,STATE_VA,,,
1679506968,GENDER_M,OXYCODONE,SPCLTY_Internal Medicine,STATE_NY,,,
1679507917,GENDER_F,HYDROCODONE,SPCLTY_Nurse Practitioner,STATE_VA,TRAMADOL,,
1679511711,FENTANYL,GENDER_F,HYDROCODONE,OXYCODONE,SPCLTY_Family Practice,STATE_VT,TRAMADOL
1679513550,GENDER_M,HYDROCODONE,OXYCODONE,SPCLTY_Family Practice,STATE_CA,TRAMADOL,
1679519631,FENTANYL,GENDER_M,HYDROCODONE,OXYCODONE,SPCLTY_Family Practice,STATE_AL,TRAMADOL
1679522551,GENDER_M,HYDROCODONE,SPCLTY_Family Practice,STATE_MT,,,
1679523567,GENDER_M,HYDROCODONE,OXYCODONE,SPCLTY_Physician Assistant,STATE_GA,TRAMADOL,
1679526123,GENDER_M,HYDROCODONE,OXYCODONE,SPCLTY_Family Practice,STATE_AZ,TRAMADOL,
1679529507,GENDER_M,HYDROCODONE,SPCLTY_Physician Assistant,STATE_NE,,,
1679529598,GENDER_F,HYDROCODONE,SPCLTY_Family Practice,STATE_PA,TRAMADOL,,
1679531453,GENDER_M,HYDROCODONE,OXYCODONE,SPCLTY_Thoracic Surgery,STATE_MO,,
1679532618,GENDER_F,HYDROCODONE,OXYCODONE,SPCLTY_Internal Medicine,STATE_PA,TRAMADOL,
1679535298,FENTANYL,GENDER_M,HYDROCODONE,OXYCODONE,SPCLTY_Pain Management,STATE_NM,TRAMADOL
1679542195,GENDER_M,HYDROCODONE,OXYCODONE,SPCLTY_Urology,STATE_KY,,
1679542724,GENDER_M,OXYCODONE,SPCLTY_Internal Medicine,STATE_DC,,,
1679542807,FENTANYL,GENDER_M,HYDROCODONE,OXYCODONE,SPCLTY_Family Practice,STATE_NC,TRAMADOL
1679545446,GENDER_F,HYDROCODONE,OXYCODONE,SPCLTY_Family Practice,STATE_ME,TRAMADOL,
1679546303,GENDER_M,HYDROCODONE,OXYCODONE,SPCLTY_Internal Medicine,STATE_MI,TRAMADOL,
1679547830,FENTANYL,GENDER_M,HYDROCODONE,OXYCODONE,SPCLTY_Internal Medicine,STATE_MA,TRAMADOL
1679551816,GENDER_M,HYDROCODONE,SPCLTY_Family Practice,STATE_TX,TRAMADOL,,
1679552350,GENDER_F,SPCLTY_Dermatology,STATE_MO,TRAMADOL,,,
1679554596,GENDER_M,SPCLTY_Internal Medicine,STATE_FL,TRAMADOL,,,
1679557177,GENDER_M,HYDROCODONE,OXYCODONE,SPCLTY_Family Practice,STATE_MO,TRAMADOL,
1679557615,GENDER_M,OXYCODONE,SPCLTY_Orthopedic Surgery,STATE_CT,TRAMADOL,,
1679557623,GENDER_M,HYDROCODONE,SPCLTY_Plastic and Reconstru,STATE_CA,,,
1679558589,FENTANYL,GENDER_M,HYDROCODONE,OXYCODONE,SPCLTY_Family Practice,STATE_MO,TRAMADOL
1679559298,FENTANYL,GENDER_M,HYDROCODONE,OXYCODONE,SPCLTY_Family Practice,STATE_WI,TRAMADOL
1679559751,GENDER_M,HYDROCODONE,SPCLTY_Physical Medicine and,STATE_NV,TRAMADOL,,
1679564645,FENTANYL,GENDER_M,HYDROCODONE,OXYCODONE,SPCLTY_Internal Medicine,STATE_OH,TRAMADOL
1679566830,GENDER_M,HYDROCODONE,SPCLTY_Family Practice,STATE_LA,TRAMADOL,,
1679567713,GENDER_F,HYDROCODONE,OXYCODONE,SPCLTY_Family Practice,STATE_TX,TRAMADOL,
1679571186,GENDER_M,SPCLTY_Cardiology,STATE_FL,TRAMADOL,,,
1679572614,GENDER_F,HYDROCODONE,SPCLTY_Internal Medicine,STATE_TX,TRAMADOL,,
1679572630,GENDER_F,HYDROCODONE,OXYCODONE,SPCLTY_General Practice,STATE_IL,TRAMADOL,
1679573273,GENDER_F,SPCLTY_Nurse Practitioner,STATE_PA,TRAMADOL,,,
1679575179,GENDER_M,SPCLTY_Internal Medicine,STATE_TX,TRAMADOL,,,
1679575351,GENDER_M,HYDROCODONE,SPCLTY_Ophthalmology,STATE_FL,,,
1679575740,GENDER_M,HYDROCODONE,SPCLTY_Dentist,STATE_CO,,,
1679575872,GENDER_M,SPCLTY_Cardiology,STATE_TX,TRAMADOL,,,
1679575997,GENDER_F,HYDROCODONE,OXYCODONE,SPCLTY_Family Practice,STATE_GA,,
1679576516,GENDER_M,HYDROCODONE,SPCLTY_Ophthalmology,STATE_AL,,,
1679577274,GENDER_F,OXYCODONE,SPCLTY_Nurse Practitioner,STATE_NJ,TRAMADOL,,
1679578405,GENDER_F,HYDROCODONE,SPCLTY_Nurse Practitioner,STATE_TX,TRAMADOL,,
1679579247,GENDER_M,HYDROCODONE,OXYCODONE,SPCLTY_Physician Assistant,STATE_OR,TRAMADOL,
1679580997,FENTANYL,GENDER_F,OXYCODONE,SPCLTY_Hematology/Oncology,STATE_CT,TRAMADOL,
1679584148,FENTANYL,GENDER_M,HYDROCODONE,OXYCODONE,SPCLTY_Family Practice,STATE_SC,TRAMADOL
1679587927,GENDER_M,HYDROCODONE,SPCLTY_Dentist,STATE_NC,,,
1679591861,GENDER_F,HYDROCODONE,SPCLTY_Internal Medicine,STATE_CA,,,
1679596605,GENDER_M,HYDROCODONE,OXYCODONE,SPCLTY_Internal Medicine,STATE_CO,TRAMADOL,
1679599377,FENTANYL,GENDER_F,HYDROCODONE,SPCLTY_Internal Medicine,STATE_CA,TRAMADOL,
1679605505,GENDER_M,SPCLTY_Physician Assistant,STATE_FL,TRAMADOL,,,
1679612006,GENDER_M,HYDROCODONE,OXYCODONE,SPCLTY_Orthopedic Surgery,STATE_IN,,
1679613970,GENDER_M,HYDROCODONE,SPCLTY_Physician Assistant,STATE_OK,TRAMADOL,,
1679616478,GENDER_F,HYDROCODONE,OXYCODONE,SPCLTY_Physician Assistant,STATE_KS,TRAMADOL,
1679627616,GENDER_M,HYDROCODONE,SPCLTY_Dentist,STATE_GA,,,
1679628317,GENDER_M,HYDROCODONE,OXYCODONE,SPCLTY_Gastroenterology,STATE_CA,,
1679628754,FENTANYL,GENDER_F,HYDROCODONE,OXYCODONE,SPCLTY_Internal Medicine,STATE_HI,TRAMADOL
1679628937,GENDER_M,HYDROCODONE,SPCLTY_Dentist,STATE_MO,,,
1679630891,GENDER_F,HYDROCODONE,OXYCODONE,SPCLTY_Nurse Practitioner,STATE_TN,,
1679640080,GENDER_M,HYDROCODONE,SPCLTY_Family Practice,STATE_CO,TRAMADOL,,
1679641799,FENTANYL,GENDER_M,HYDROCODONE,SPCLTY_Gastroenterology,STATE_MO,TRAMADOL,
1679644579,GENDER_M,HYDROCODONE,SPCLTY_Urology,STATE_CA,,,
1679648232,GENDER_M,OXYCODONE,SPCLTY_Emergency Medicine,STATE_PA,,,
1679650428,GENDER_M,OXYCODONE,SPCLTY_Internal Medicine,STATE_PR,TRAMADOL,,
1679650949,FENTANYL,GENDER_M,HYDROCODONE,OXYCODONE,SPCLTY_Hematology/Oncology,STATE_NV,
1679651731,GENDER_M,HYDROCODONE,OXYCODONE,SPCLTY_Internal Medicine,STATE_CA,TRAMADOL,
1679654271,GENDER_F,OXYCODONE,SPCLTY_Nurse Practitioner,STATE_PA,,,
1679657738,GENDER_F,HYDROCODONE,OXYCODONE,SPCLTY_Medical Oncology,STATE_NC,,
1679661557,GENDER_M,SPCLTY_Physician Assistant,STATE_FL,TRAMADOL,,,
1679662373,GENDER_M,HYDROCODONE,SPCLTY_General Surgery,STATE_PA,,,
1679667174,GENDER_M,HYDROCODONE,SPCLTY_Internal Medicine,STATE_VA,TRAMADOL,,
1679667661,GENDER_F,SPCLTY_Nurse Practitioner,STATE_MA,TRAMADOL,,,
1679668313,GENDER_F,HYDROCODONE,SPCLTY_Nurse Practitioner,STATE_MI,TRAMADOL,,
1679668768,GENDER_M,HYDROCODONE,SPCLTY_Dentist,STATE_MS,,,
1679670673,GENDER_F,HYDROCODONE,SPCLTY_Family Practice,STATE_CA,,,
1679675342,FENTANYL,GENDER_M,HYDROCODONE,SPCLTY_Family Practice,STATE_MI,TRAMADOL,
1679680045,GENDER_M,HYDROCODONE,OXYCODONE,SPCLTY_Physician Assistant,STATE_AZ,,
1679681894,FENTANYL,GENDER_M,HYDROCODONE,OXYCODONE,SPCLTY_Family Practice,STATE_MS,TRAMADOL
1679685226,GENDER_M,HYDROCODONE,OXYCODONE,SPCLTY_Orthopedic Surgery,STATE_MO,TRAMADOL,
1679686034,GENDER_F,HYDROCODONE,SPCLTY_Certified Nurse Midwi,STATE_AZ,TRAMADOL,,
1679688659,GENDER_F,HYDROCODONE,OXYCODONE,SPCLTY_Family Practice,STATE_CO,,
1679689582,GENDER_M,HYDROCODONE,OXYCODONE,SPCLTY_Internal Medicine,STATE_WI,TRAMADOL,
1679693402,GENDER_F,OXYCODONE,SPCLTY_Psychiatry & Neurolog,STATE_PA,,,
1679696108,GENDER_F,HYDROCODONE,SPCLTY_Dentist,STATE_NY,,,
1679700090,GENDER_F,HYDROCODONE,SPCLTY_Student in an Organiz,STATE_CA,,,
1679702815,GENDER_M,HYDROCODONE,SPCLTY_Physician Assistant,STATE_NE,TRAMADOL,,
1679710073,GENDER_M,HYDROCODONE,OXYCODONE,SPCLTY_Internal Medicine,STATE_NH,TRAMADOL,
1679715122,GENDER_M,HYDROCODONE,SPCLTY_Family Practice,STATE_CA,TRAMADOL,,
1679724280,GENDER_M,HYDROCODONE,SPCLTY_Dentist,STATE_NC,,,
1679725154,GENDER_M,HYDROCODONE,SPCLTY_Emergency Medicine,STATE_MI,,,
1679728505,GENDER_F,SPCLTY_Certified Clinical Nu,STATE_CA,TRAMADOL,,,
1679729750,GENDER_M,HYDROCODONE,SPCLTY_Dentist,STATE_IN,,,
1679733208,GENDER_F,HYDROCODONE,OXYCODONE,SPCLTY_Nurse Practitioner,STATE_IN,TRAMADOL,
1679745418,GENDER_M,HYDROCODONE,SPCLTY_Ophthalmology,STATE_OK,,,
1679758395,GENDER_M,OXYCODONE,SPCLTY_Dentist,STATE_WI,,,
1679758437,GENDER_M,OXYCODONE,SPCLTY_Internal Medicine,STATE_DE,,,
1679759625,GENDER_M,HYDROCODONE,OXYCODONE,SPCLTY_Neurosurgery,STATE_OK,TRAMADOL,
1679762868,GENDER_F,HYDROCODONE,SPCLTY_Physician Assistant,STATE_IN,TRAMADOL,,
1679765234,GENDER_M,HYDROCODONE,OXYCODONE,SPCLTY_Family Practice,STATE_PA,TRAMADOL,
1679769046,GENDER_F,OXYCODONE,SPCLTY_Internal Medicine,STATE_VT,,,
1679774244,GENDER_F,HYDROCODONE,OXYCODONE,SPCLTY_Emergency Medicine,STATE_MI,,
1679775639,GENDER_M,OXYCODONE,SPCLTY_Cardiology,STATE_OR,,,
1679796403,GENDER_F,HYDROCODONE,SPCLTY_Psychiatry,STATE_IN,,,
1679804876,GENDER_F,HYDROCODONE,SPCLTY_Ophthalmology,STATE_GA,,,
1679807184,GENDER_F,SPCLTY_Family Practice,STATE_OH,TRAMADOL,,,
1679829568,GENDER_M,HYDROCODONE,SPCLTY_Dentist,STATE_ME,,,
1679845085,GENDER_M,HYDROCODONE,SPCLTY_Dentist,STATE_GA,,,
1679847495,GENDER_F,OXYCODONE,SPCLTY_Emergency Medicine,STATE_NY,,,
1679853477,GENDER_M,HYDROCODONE,SPCLTY_Nurse Practitioner,STATE_LA,,,
1679870075,GENDER_F,SPCLTY_Nurse Practitioner,STATE_IN,TRAMADOL,,,
1679874242,GENDER_F,HYDROCODONE,SPCLTY_Nurse Practitioner,STATE_SD,TRAMADOL,,
1679875678,FENTANYL,GENDER_F,HYDROCODONE,OXYCODONE,SPCLTY_Pharmacist,STATE_WA,
1679881221,GENDER_M,HYDROCODONE,SPCLTY_Internal Medicine,STATE_IL,,,
1679882625,GENDER_M,HYDROCODONE,SPCLTY_Physician Assistant,STATE_GA,,,
1679882666,GENDER_F,OXYCODONE,SPCLTY_Physician Assistant,STATE_MA,,,
1679911762,GENDER_M,SPCLTY_Family Practice,STATE_GA,TRAMADOL,,,
1679913040,GENDER_M,OXYCODONE,SPCLTY_Podiatry,STATE_PA,,,
1679914113,GENDER_F,HYDROCODONE,SPCLTY_Nurse Practitioner,STATE_AR,TRAMADOL,,
1679995468,GENDER_M,HYDROCODONE,OXYCODONE,SPCLTY_Physician Assistant,STATE_OH,,
1689011322,GENDER_F,HYDROCODONE,SPCLTY_Student in an Organiz,STATE_TX,,,
1689013468,GENDER_F,OXYCODONE,SPCLTY_Obstetrics/Gynecology,STATE_MO,,,
1689014698,GENDER_M,OXYCODONE,SPCLTY_Internal Medicine,STATE_OH,,,
1689016297,GENDER_F,HYDROCODONE,SPCLTY_Nurse Practitioner,STATE_IL,TRAMADOL,,
1689602062,FENTANYL,GENDER_M,HYDROCODONE,OXYCODONE,SPCLTY_Family Practice,STATE_IN,TRAMADOL
1689604746,FENTANYL,GENDER_F,HYDROCODONE,OXYCODONE,SPCLTY_Internal Medicine,STATE_PA,TRAMADOL
1689611659,GENDER_F,HYDROCODONE,SPCLTY_Physician Assistant,STATE_OH,,,
1689613101,FENTANYL,GENDER_M,HYDROCODONE,SPCLTY_Internal Medicine,STATE_SC,TRAMADOL,
1689613309,GENDER_F,HYDROCODONE,OXYCODONE,SPCLTY_Family Practice,STATE_OH,TRAMADOL,
1689613432,GENDER_M,HYDROCODONE,OXYCODONE,SPCLTY_Podiatry,STATE_NC,,
1689614133,GENDER_M,OXYCODONE,SPCLTY_Radiation Oncology,STATE_NC,,,
1689614166,GENDER_F,SPCLTY_Nurse Practitioner,STATE_MO,TRAMADOL,,,
1689614398,GENDER_M,HYDROCODONE,OXYCODONE,SPCLTY_Medical Oncology,STATE_WA,,
1689617383,GENDER_M,HYDROCODONE,SPCLTY_Nephrology,STATE_TX,,,
1689617789,FENTANYL,GENDER_M,HYDROCODONE,OXYCODONE,SPCLTY_Family Practice,STATE_PA,TRAMADOL
1689618498,GENDER_F,HYDROCODONE,OXYCODONE,SPCLTY_Internal Medicine,STATE_NY,TRAMADOL,
1689618753,GENDER_M,HYDROCODONE,SPCLTY_Gastroenterology,STATE_SC,,,
1689621849,GENDER_M,SPCLTY_Family Practice,STATE_NJ,TRAMADOL,,,
1689622268,GENDER_F,OXYCODONE,SPCLTY_Internal Medicine,STATE_FL,,,
1689622557,GENDER_F,HYDROCODONE,SPCLTY_Hematology/Oncology,STATE_TX,,,
1689627143,GENDER_F,HYDROCODONE,OXYCODONE,SPCLTY_Internal Medicine,STATE_CA,TRAMADOL,
1689627747,GENDER_F,HYDROCODONE,SPCLTY_Family Practice,STATE_WA,,,
1689627960,FENTANYL,GENDER_M,HYDROCODONE,OXYCODONE,SPCLTY_Family Practice,STATE_NE,TRAMADOL
1689628596,GENDER_M,HYDROCODONE,SPCLTY_Family Practice,STATE_MI,TRAMADOL,,
1689628901,GENDER_M,HYDROCODONE,SPCLTY_Radiation Oncology,STATE_WI,,,
1689630386,GENDER_M,HYDROCODONE,SPCLTY_Emergency Medicine,STATE_IN,,,
1689631442,GENDER_M,HYDROCODONE,SPCLTY_Radiation Oncology,STATE_WV,,,
1689631640,GENDER_M,HYDROCODONE,OXYCODONE,SPCLTY_Internal Medicine,STATE_RI,TRAMADOL,
1689634354,FENTANYL,GENDER_M,HYDROCODONE,OXYCODONE,SPCLTY_Internal Medicine,STATE_AZ,TRAMADOL
1689634545,GENDER_M,HYDROCODONE,OXYCODONE,SPCLTY_Orthopedic Surgery,STATE_MA,TRAMADOL,
1689635401,FENTANYL,GENDER_F,HYDROCODONE,OXYCODONE,SPCLTY_Physical Medicine and,STATE_WI,TRAMADOL
1689635682,GENDER_M,HYDROCODONE,OXYCODONE,SPCLTY_Family Practice,STATE_PA,TRAMADOL,
1689639106,GENDER_M,HYDROCODONE,SPCLTY_Dentist,STATE_OR,,,
1689639627,GENDER_F,HYDROCODONE,SPCLTY_Physician Assistant,STATE_SC,TRAMADOL,,
1689640005,FENTANYL,GENDER_M,HYDROCODONE,OXYCODONE,SPCLTY_Family Practice,STATE_IL,TRAMADOL
1689640302,GENDER_M,OXYCODONE,SPCLTY_Emergency Medicine,STATE_MA,,,
1689642233,GENDER_F,HYDROCODONE,SPCLTY_Internal Medicine,STATE_CA,TRAMADOL,,
1689643512,GENDER_M,HYDROCODONE,SPCLTY_Psychiatry,STATE_GA,,,
1689643900,GENDER_M,HYDROCODONE,OXYCODONE,SPCLTY_Internal Medicine,STATE_CO,TRAMADOL,
1689644874,GENDER_M,SPCLTY_Anesthesiology,STATE_LA,TRAMADOL,,,
1689645285,GENDER_M,SPCLTY_Gastroenterology,STATE_WA,TRAMADOL,,,
1689645699,GENDER_M,SPCLTY_Internal Medicine,STATE_GA,TRAMADOL,,,
1689646408,GENDER_M,SPCLTY_General Practice,STATE_PR,TRAMADOL,,,
1689646549,FENTANYL,GENDER_F,HYDROCODONE,SPCLTY_Family Practice,STATE_NY,TRAMADOL,
1689649832,GENDER_M,SPCLTY_Family Practice,STATE_VA,TRAMADOL,,,
1689650418,FENTANYL,GENDER_F,HYDROCODONE,SPCLTY_Family Practice,STATE_OK,TRAMADOL,
1689651895,GENDER_F,HYDROCODONE,OXYCODONE,SPCLTY_Internal Medicine,STATE_OH,TRAMADOL,
1689652521,GENDER_M,HYDROCODONE,OXYCODONE,SPCLTY_Internal Medicine,STATE_OR,TRAMADOL,
1689655466,GENDER_M,HYDROCODONE,OXYCODONE,SPCLTY_Physician Assistant,STATE_CO,,
1689659096,GENDER_M,OXYCODONE,SPCLTY_Endocrinology,STATE_FL,TRAMADOL,,
1689664211,FENTANYL,GENDER_M,HYDROCODONE,SPCLTY_Internal Medicine,STATE_MI,TRAMADOL,
1689667115,GENDER_M,HYDROCODONE,SPCLTY_General Surgery,STATE_SC,,,
1689667891,GENDER_M,HYDROCODONE,OXYCODONE,SPCLTY_Family Practice,STATE_WI,TRAMADOL,
1689668964,GENDER_M,HYDROCODONE,SPCLTY_Family Practice,STATE_IL,TRAMADOL,,
1689674111,GENDER_F,HYDROCODONE,SPCLTY_Internal Medicine,STATE_LA,TRAMADOL,,
1689676876,GENDER_F,SPCLTY_Internal Medicine,STATE_MA,TRAMADOL,,,
1689681355,GENDER_M,HYDROCODONE,SPCLTY_Internal Medicine,STATE_AR,TRAMADOL,,
1689681496,GENDER_M,HYDROCODONE,OXYCODONE,SPCLTY_Family Practice,STATE_CA,TRAMADOL,
1689682122,FENTANYL,GENDER_F,HYDROCODONE,OXYCODONE,SPCLTY_Family Practice,STATE_OR,
1689683682,GENDER_M,OXYCODONE,SPCLTY_Nurse Practitioner,STATE_TX,,,
1689684375,GENDER_M,SPCLTY_Internal Medicine,STATE_AL,TRAMADOL,,,
1689684920,GENDER_F,HYDROCODONE,OXYCODONE,SPCLTY_Emergency Medicine,STATE_SC,,
1689687360,GENDER_M,HYDROCODONE,SPCLTY_Family Practice,STATE_TX,TRAMADOL,,
1689688632,GENDER_M,SPCLTY_Pain Management,STATE_VT,TRAMADOL,,,
1689692360,GENDER_M,HYDROCODONE,OXYCODONE,SPCLTY_Family Practice,STATE_AR,TRAMADOL,
1689695330,GENDER_F,HYDROCODONE,OXYCODONE,SPCLTY_Nurse Practitioner,STATE_VA,TRAMADOL,
1689696486,FENTANYL,GENDER_M,OXYCODONE,SPCLTY_Physical Medicine and,STATE_PA,TRAMADOL,
1689702250,GENDER_M,HYDROCODONE,SPCLTY_Dentist,STATE_PA,,,
1689708224,FENTANYL,GENDER_F,HYDROCODONE,OXYCODONE,SPCLTY_Nurse Practitioner,STATE_TN,TRAMADOL
1689712671,GENDER_M,HYDROCODONE,OXYCODONE,SPCLTY_Oral Surgery (dentist,STATE_MA,,
1689716094,GENDER_M,HYDROCODONE,SPCLTY_Maxillofacial Surgery,STATE_FL,,,
1689718637,GENDER_M,HYDROCODONE,OXYCODONE,SPCLTY_Internal Medicine,STATE_MN,TRAMADOL,
1689722795,GENDER_F,HYDROCODONE,OXYCODONE,SPCLTY_Internal Medicine,STATE_OR,TRAMADOL,
1689723694,GENDER_M,HYDROCODONE,SPCLTY_Physician Assistant,STATE_GA,TRAMADOL,,
1689724619,GENDER_M,HYDROCODONE,SPCLTY_Dentist,STATE_CA,,,
1689724981,GENDER_F,HYDROCODONE,SPCLTY_Internal Medicine,STATE_TX,TRAMADOL,,
1689727299,GENDER_F,HYDROCODONE,OXYCODONE,SPCLTY_Nurse Practitioner,STATE_CO,,
1689731937,GENDER_M,HYDROCODONE,SPCLTY_Otolaryngology,STATE_IN,,,
1689735201,GENDER_F,SPCLTY_Rheumatology,STATE_IL,TRAMADOL,,,
1689739187,GENDER_M,OXYCODONE,SPCLTY_Internal Medicine,STATE_NJ,TRAMADOL,,
1689744906,GENDER_M,HYDROCODONE,SPCLTY_Physician Assistant,STATE_OH,TRAMADOL,,
1689745531,FENTANYL,GENDER_F,HYDROCODONE,OXYCODONE,SPCLTY_Nurse Practitioner,STATE_WA,
1689745614,FENTANYL,GENDER_M,HYDROCODONE,OXYCODONE,SPCLTY_Internal Medicine,STATE_CA,TRAMADOL
1689750846,GENDER_F,HYDROCODONE,SPCLTY_Nurse Practitioner,STATE_IL,,,
1689753451,GENDER_M,HYDROCODONE,SPCLTY_Dentist,STATE_OH,,,
1689755613,GENDER_M,HYDROCODONE,SPCLTY_Dentist,STATE_OH,,,
1689763567,GENDER_M,HYDROCODONE,SPCLTY_Cardiology,STATE_MA,,,
1689763633,GENDER_M,HYDROCODONE,SPCLTY_Internal Medicine,STATE_GA,TRAMADOL,,
1689764003,GENDER_M,HYDROCODONE,SPCLTY_Family Practice,STATE_CA,,,
1689764227,GENDER_M,HYDROCODONE,SPCLTY_Family Practice,STATE_NY,,,
1689766230,GENDER_F,OXYCODONE,SPCLTY_General Surgery,STATE_KS,,,
1689767790,GENDER_F,SPCLTY_Nurse Practitioner,STATE_NY,TRAMADOL,,,
1689769283,GENDER_F,HYDROCODONE,OXYCODONE,SPCLTY_Nurse Practitioner,STATE_MI,TRAMADOL,
1689770695,GENDER_F,HYDROCODONE,SPCLTY_Nurse Practitioner,STATE_IL,TRAMADOL,,
1689775819,FENTANYL,GENDER_M,HYDROCODONE,OXYCODONE,SPCLTY_Family Practice,STATE_CA,TRAMADOL
1689776213,FENTANYL,GENDER_M,HYDROCODONE,OXYCODONE,SPCLTY_Geriatric Medicine,STATE_FL,TRAMADOL
1689776387,GENDER_M,HYDROCODONE,OXYCODONE,SPCLTY_Family Practice,STATE_WV,TRAMADOL,
1689781841,GENDER_M,HYDROCODONE,SPCLTY_Plastic and Reconstru,STATE_TX,,,
1689782583,GENDER_M,HYDROCODONE,OXYCODONE,SPCLTY_Family Practice,STATE_WI,TRAMADOL,
1689783540,GENDER_M,HYDROCODONE,OXYCODONE,SPCLTY_Family Practice,STATE_AL,TRAMADOL,
1689786055,FENTANYL,GENDER_M,HYDROCODONE,OXYCODONE,SPCLTY_Neurology,STATE_GA,TRAMADOL
1689787152,FENTANYL,GENDER_M,HYDROCODONE,OXYCODONE,SPCLTY_Internal Medicine,STATE_IA,TRAMADOL
1689789968,GENDER_F,HYDROCODONE,SPCLTY_Nurse Practitioner,STATE_MI,,,
1689791501,GENDER_F,HYDROCODONE,SPCLTY_Physician Assistant,STATE_MI,TRAMADOL,,
1689792962,GENDER_F,HYDROCODONE,OXYCODONE,SPCLTY_Nurse Practitioner,STATE_MA,TRAMADOL,
1689810483,FENTANYL,GENDER_M,HYDROCODONE,OXYCODONE,SPCLTY_Family Practice,STATE_CA,TRAMADOL
1689815458,GENDER_M,HYDROCODONE,SPCLTY_Urology,STATE_CA,,,
1689817843,GENDER_M,OXYCODONE,SPCLTY_Internal Medicine,STATE_FL,TRAMADOL,,
1689817934,GENDER_M,HYDROCODONE,OXYCODONE,SPCLTY_Physician Assistant,STATE_WA,TRAMADOL,
1689825234,GENDER_M,HYDROCODONE,SPCLTY_Family Practice,STATE_GA,,,
1689831810,GENDER_F,SPCLTY_Nurse Practitioner,STATE_WV,TRAMADOL,,,
1689842007,FENTANYL,GENDER_F,HYDROCODONE,OXYCODONE,SPCLTY_Internal Medicine,STATE_MN,TRAMADOL
1689850182,GENDER_M,OXYCODONE,SPCLTY_Internal Medicine,STATE_FL,TRAMADOL,,
1689858201,GENDER_M,OXYCODONE,SPCLTY_Otolaryngology,STATE_TN,,,
1689861528,FENTANYL,GENDER_F,HYDROCODONE,SPCLTY_Neurology,STATE_UT,TRAMADOL,
1689872905,GENDER_M,HYDROCODONE,SPCLTY_Colorectal Surgery (f,STATE_IL,,,
1689878860,GENDER_F,OXYCODONE,SPCLTY_Emergency Medicine,STATE_VA,,,
1689880346,GENDER_M,HYDROCODONE,OXYCODONE,SPCLTY_Cardiac Surgery,STATE_OH,,
1689885022,GENDER_M,OXYCODONE,SPCLTY_Internal Medicine,STATE_FL,,,
1689889354,GENDER_M,HYDROCODONE,OXYCODONE,SPCLTY_Interventional Pain M,STATE_IL,TRAMADOL,
1689890337,GENDER_F,SPCLTY_Nurse Practitioner,STATE_AL,TRAMADOL,,,
1689896219,GENDER_M,HYDROCODONE,OXYCODONE,SPCLTY_Urology,STATE_NC,,
1689896722,GENDER_F,OXYCODONE,SPCLTY_Urology,STATE_NJ,TRAMADOL,,
1689902603,GENDER_F,HYDROCODONE,SPCLTY_Physician Assistant,STATE_CA,,,
1689910036,GENDER_M,SPCLTY_Physician Assistant,STATE_FL,TRAMADOL,,,
1689915787,FENTANYL,GENDER_F,HYDROCODONE,OXYCODONE,SPCLTY_Nurse Practitioner,STATE_WA,
1689937641,GENDER_F,HYDROCODONE,SPCLTY_Hospitalist,STATE_MO,,,
1689939282,GENDER_F,SPCLTY_Nurse Practitioner,STATE_OH,TRAMADOL,,,
1689940066,GENDER_F,HYDROCODONE,OXYCODONE,SPCLTY_Health Maintenance Or,STATE_AZ,TRAMADOL,
1689947004,GENDER_F,HYDROCODONE,SPCLTY_Nurse Practitioner,STATE_IN,TRAMADOL,,
1689948168,GENDER_M,HYDROCODONE,OXYCODONE,SPCLTY_Physician Assistant,STATE_CA,TRAMADOL,
1689960346,GENDER_F,SPCLTY_Specialist,STATE_TX,TRAMADOL,,,
1689964231,GENDER_M,OXYCODONE,SPCLTY_Student in an Organiz,STATE_NY,,,
1689964967,FENTANYL,GENDER_F,HYDROCODONE,OXYCODONE,SPCLTY_Physician Assistant,STATE_NC,TRAMADOL
1689967069,GENDER_M,HYDROCODONE,SPCLTY_Family Practice,STATE_MO,TRAMADOL,,
1689967374,GENDER_M,HYDROCODONE,SPCLTY_Dentist,STATE_TN,,,
1689967739,GENDER_F,HYDROCODONE,OXYCODONE,SPCLTY_Podiatry,STATE_OK,,
1689971020,FENTANYL,GENDER_F,HYDROCODONE,OXYCODONE,SPCLTY_Nurse Practitioner,STATE_NE,TRAMADOL
1689973851,GENDER_F,HYDROCODONE,SPCLTY_Emergency Medicine,STATE_IL,,,
1689977472,GENDER_F,OXYCODONE,SPCLTY_Internal Medicine,STATE_MD,,,
1689982332,GENDER_M,HYDROCODONE,SPCLTY_Dentist,STATE_OK,,,
1689993024,GENDER_M,HYDROCODONE,OXYCODONE,SPCLTY_Family Practice,STATE_AZ,TRAMADOL,
1689997694,GENDER_M,HYDROCODONE,SPCLTY_Emergency Medicine,STATE_CA,,,
1699027235,FENTANYL,GENDER_F,HYDROCODONE,OXYCODONE,SPCLTY_Nurse Practitioner,STATE_WI,TRAMADOL
1699035634,GENDER_M,OXYCODONE,SPCLTY_Orthopaedic Surgery,STATE_RI,,,
1699046359,GENDER_F,SPCLTY_Nurse Practitioner,STATE_LA,TRAMADOL,,,
1699047175,GENDER_F,HYDROCODONE,OXYCODONE,SPCLTY_Nurse Practitioner,STATE_IL,,
1699055830,GENDER_F,OXYCODONE,SPCLTY_Nurse Practitioner,STATE_MA,,,
1699065227,GENDER_M,HYDROCODONE,SPCLTY_Emergency Medicine,STATE_NY,,,
1699070508,GENDER_M,HYDROCODONE,SPCLTY_Orthopedic Surgery,STATE_CA,,,
1699083675,GENDER_F,HYDROCODONE,SPCLTY_Physician Assistant,STATE_CA,,,
1699107011,FENTANYL,GENDER_F,HYDROCODONE,OXYCODONE,SPCLTY_Nurse Practitioner,STATE_NY,TRAMADOL
1699707075,GENDER_M,HYDROCODONE,OXYCODONE,SPCLTY_Orthopedic Surgery,STATE_VA,,
1699707281,FENTANYL,GENDER_M,HYDROCODONE,OXYCODONE,SPCLTY_Internal Medicine,STATE_SC,TRAMADOL
1699710483,FENTANYL,GENDER_M,HYDROCODONE,SPCLTY_Internal Medicine,STATE_IL,TRAMADOL,
1699711663,GENDER_M,OXYCODONE,SPCLTY_Urology,STATE_NY,,,
1699712950,GENDER_M,HYDROCODONE,OXYCODONE,SPCLTY_Physician Assistant,STATE_KS,,
1699714030,GENDER_M,SPCLTY_Nephrology,STATE_PA,TRAMADOL,,,
1699714535,GENDER_F,HYDROCODONE,SPCLTY_Physician Assistant,STATE_NY,TRAMADOL,,
1699714949,FENTANYL,GENDER_M,HYDROCODONE,OXYCODONE,SPCLTY_Internal Medicine,STATE_KS,TRAMADOL
1699716175,FENTANYL,GENDER_M,HYDROCODONE,OXYCODONE,SPCLTY_Internal Medicine,STATE_NJ,TRAMADOL
1699716191,GENDER_M,HYDROCODONE,SPCLTY_Emergency Medicine,STATE_CA,TRAMADOL,,
1699720508,FENTANYL,GENDER_M,OXYCODONE,SPCLTY_Internal Medicine,STATE_NJ,TRAMADOL,
1699727404,GENDER_M,HYDROCODONE,SPCLTY_Medical Oncology,STATE_NC,TRAMADOL,,
1699728436,GENDER_F,HYDROCODONE,OXYCODONE,SPCLTY_Nurse Practitioner,STATE_VT,TRAMADOL,
1699730549,FENTANYL,GENDER_M,HYDROCODONE,OXYCODONE,SPCLTY_Physical Medicine and,STATE_AR,TRAMADOL
1699732248,GENDER_M,OXYCODONE,SPCLTY_Emergency Medicine,STATE_MN,,,
1699732917,GENDER_M,HYDROCODONE,OXYCODONE,SPCLTY_Neurosurgery,STATE_NV,,
1699733204,GENDER_M,HYDROCODONE,SPCLTY_Emergency Medicine,STATE_TX,,,
1699736983,GENDER_M,OXYCODONE,SPCLTY_Internal Medicine,STATE_NY,TRAMADOL,,
1699740613,FENTANYL,GENDER_M,HYDROCODONE,OXYCODONE,SPCLTY_Neurology,STATE_OH,TRAMADOL
1699741256,GENDER_M,HYDROCODONE,SPCLTY_Colorectal Surgery (f,STATE_MI,,,
1699741520,GENDER_M,HYDROCODONE,SPCLTY_Orthopedic Surgery,STATE_TX,TRAMADOL,,
1699742122,GENDER_F,SPCLTY_Internal Medicine,STATE_WA,TRAMADOL,,,
1699742718,FENTANYL,GENDER_F,HYDROCODONE,OXYCODONE,SPCLTY_Internal Medicine,STATE_PA,TRAMADOL
1699745836,GENDER_M,HYDROCODONE,SPCLTY_Orthopedic Surgery,STATE_CO,TRAMADOL,,
1699747592,GENDER_F,HYDROCODONE,SPCLTY_Family Practice,STATE_TX,TRAMADOL,,
1699747774,GENDER_M,OXYCODONE,SPCLTY_Orthopedic Surgery,STATE_PA,,,
1699749333,FENTANYL,GENDER_M,HYDROCODONE,OXYCODONE,SPCLTY_Internal Medicine,STATE_NC,TRAMADOL
1699751933,GENDER_M,HYDROCODONE,OXYCODONE,SPCLTY_Physician Assistant,STATE_NC,,
1699753608,GENDER_M,HYDROCODONE,SPCLTY_Dentist,STATE_GA,,,
1699753897,GENDER_F,OXYCODONE,SPCLTY_Physical Medicine and,STATE_OH,,,
1699755041,GENDER_F,HYDROCODONE,SPCLTY_Physician Assistant,STATE_NC,TRAMADOL,,
1699755223,FENTANYL,GENDER_F,HYDROCODONE,OXYCODONE,SPCLTY_Geriatric Medicine,STATE_VA,TRAMADOL
1699755934,GENDER_M,HYDROCODONE,SPCLTY_Family Practice,STATE_CA,TRAMADOL,,
1699756924,GENDER_M,HYDROCODONE,OXYCODONE,SPCLTY_Family Practice,STATE_OH,TRAMADOL,
1699758896,GENDER_M,OXYCODONE,SPCLTY_Hematology/Oncology,STATE_MA,,,
1699760710,GENDER_M,HYDROCODONE,SPCLTY_Urology,STATE_TX,TRAMADOL,,
1699762708,GENDER_M,HYDROCODONE,SPCLTY_Emergency Medicine,STATE_VA,,,
1699764118,GENDER_M,HYDROCODONE,SPCLTY_General Practice,STATE_TN,TRAMADOL,,
1699764472,GENDER_F,HYDROCODONE,OXYCODONE,SPCLTY_Family Practice,STATE_WA,,
1699766097,FENTANYL,GENDER_M,HYDROCODONE,SPCLTY_Gastroenterology,STATE_MI,,
1699766188,FENTANYL,GENDER_M,HYDROCODONE,OXYCODONE,SPCLTY_Internal Medicine,STATE_CA,TRAMADOL
1699767848,GENDER_M,HYDROCODONE,SPCLTY_Family Practice,STATE_CA,,,
1699773150,GENDER_M,HYDROCODONE,SPCLTY_Gastroenterology,STATE_TN,,,
1699775361,GENDER_M,SPCLTY_Physician Assistant,STATE_TX,TRAMADOL,,,
1699775742,GENDER_M,HYDROCODONE,OXYCODONE,SPCLTY_Internal Medicine,STATE_OR,,
1699776377,FENTANYL,GENDER_F,HYDROCODONE,OXYCODONE,SPCLTY_Internal Medicine,STATE_MI,TRAMADOL
1699776559,GENDER_M,HYDROCODONE,SPCLTY_Internal Medicine,STATE_FL,TRAMADOL,,
1699778787,GENDER_M,HYDROCODONE,SPCLTY_Urology,STATE_NE,,,
1699781286,GENDER_M,HYDROCODONE,OXYCODONE,SPCLTY_Orthopedic Surgery,STATE_NY,TRAMADOL,
1699781468,GENDER_M,HYDROCODONE,SPCLTY_Family Practice,STATE_WA,TRAMADOL,,
1699782557,GENDER_M,HYDROCODONE,OXYCODONE,SPCLTY_Family Practice,STATE_TN,TRAMADOL,
1699782896,GENDER_M,HYDROCODONE,SPCLTY_Dentist,STATE_LA,,,
1699784314,GENDER_F,HYDROCODONE,SPCLTY_Physician Assistant,STATE_TX,TRAMADOL,,
1699787911,FENTANYL,GENDER_M,HYDROCODONE,OXYCODONE,SPCLTY_Family Practice,STATE_MN,TRAMADOL
1699789495,GENDER_M,HYDROCODONE,SPCLTY_Dentist,STATE_GA,,,
1699799015,FENTANYL,GENDER_M,HYDROCODONE,OXYCODONE,SPCLTY_Family Practice,STATE_WV,TRAMADOL
1699819813,GENDER_M,HYDROCODONE,SPCLTY_Dentist,STATE_NY,,,
1699823609,GENDER_M,HYDROCODONE,OXYCODONE,SPCLTY_Internal Medicine,STATE_CA,TRAMADOL,
1699823948,GENDER_M,HYDROCODONE,OXYCODONE,SPCLTY_Oral Surgery (dentist,STATE_AR,,
1699826073,FENTANYL,GENDER_F,HYDROCODONE,OXYCODONE,SPCLTY_Nurse Practitioner,STATE_MD,
1699832774,GENDER_M,OXYCODONE,SPCLTY_Urology,STATE_NJ,TRAMADOL,,
1699834721,GENDER_M,HYDROCODONE,SPCLTY_Neurosurgery,STATE_NY,TRAMADOL,,
1699839134,GENDER_M,HYDROCODONE,SPCLTY_Dentist,STATE_SC,,,
1699841072,GENDER_M,HYDROCODONE,SPCLTY_Dentist,STATE_LA,,,
1699850727,GENDER_M,HYDROCODONE,OXYCODONE,SPCLTY_Podiatry,STATE_WA,,
1699852699,FENTANYL,GENDER_F,HYDROCODONE,OXYCODONE,SPCLTY_Nurse Practitioner,STATE_AZ,TRAMADOL
1699855312,GENDER_M,HYDROCODONE,SPCLTY_Pulmonary Disease,STATE_IN,,,
1699855767,GENDER_F,HYDROCODONE,SPCLTY_Physician Assistant,STATE_IL,TRAMADOL,,
1699855908,GENDER_M,HYDROCODONE,SPCLTY_Family Practice,STATE_MI,TRAMADOL,,
1699865220,GENDER_M,HYDROCODONE,SPCLTY_General Surgery,STATE_NV,,,
1699867861,GENDER_M,HYDROCODONE,OXYCODONE,SPCLTY_Physician Assistant,STATE_TN,TRAMADOL,
1699872135,GENDER_M,SPCLTY_General Practice,STATE_WV,TRAMADOL,,,
1699877340,GENDER_F,HYDROCODONE,OXYCODONE,SPCLTY_Physician Assistant,STATE_NC,,
1699881136,GENDER_M,HYDROCODONE,SPCLTY_Internal Medicine,STATE_TX,TRAMADOL,,
1699881185,GENDER_M,HYDROCODONE,SPCLTY_Oral Surgery (dentist,STATE_CO,TRAMADOL,,
1699882761,GENDER_M,HYDROCODONE,SPCLTY_Orthopedic Surgery,STATE_TX,,,
1699884478,GENDER_M,HYDROCODONE,SPCLTY_Dentist,STATE_LA,,,
1699889162,GENDER_M,HYDROCODONE,SPCLTY_Vascular Surgery,STATE_IN,TRAMADOL,,
1699891614,FENTANYL,GENDER_M,HYDROCODONE,OXYCODONE,SPCLTY_Internal Medicine,STATE_AZ,TRAMADOL
1699904318,GENDER_F,HYDROCODONE,SPCLTY_Internal Medicine,STATE_CA,TRAMADOL,,
1699914689,GENDER_M,HYDROCODONE,SPCLTY_Dentist,STATE_OH,,,
1699915819,FENTANYL,GENDER_F,HYDROCODONE,SPCLTY_Physician Assistant,STATE_SD,TRAMADOL,
1699916890,GENDER_M,HYDROCODONE,OXYCODONE,SPCLTY_Physician Assistant,STATE_WA,TRAMADOL,
1699923102,GENDER_F,HYDROCODONE,OXYCODONE,SPCLTY_Internal Medicine,STATE_AL,TRAMADOL,
1699924670,GENDER_F,SPCLTY_Neurology,STATE_MA,TRAMADOL,,,
1699926576,GENDER_F,OXYCODONE,SPCLTY_Physician Assistant,STATE_PA,,,
1699933614,GENDER_F,HYDROCODONE,SPCLTY_Physician Assistant,STATE_IA,TRAMADOL,,
1699937680,GENDER_F,HYDROCODONE,SPCLTY_Family Practice,STATE_MS,TRAMADOL,,
1699945899,GENDER_F,HYDROCODONE,OXYCODONE,SPCLTY_Nurse Practitioner,STATE_NV,,
1699953513,GENDER_M,HYDROCODONE,SPCLTY_Endocrinology,STATE_NV,TRAMADOL,,
1699973529,GENDER_M,HYDROCODONE,SPCLTY_Otolaryngology,STATE_MO,,,
1699974097,GENDER_M,HYDROCODONE,OXYCODONE,SPCLTY_Podiatry,STATE_ME,TRAMADOL,
1699978114,FENTANYL,GENDER_F,HYDROCODONE,OXYCODONE,SPCLTY_Internal Medicine,STATE_IN,TRAMADOL
1699979229,GENDER_M,HYDROCODONE,OXYCODONE,SPCLTY_Internal Medicine,STATE_CA,TRAMADOL,
1699982736,GENDER_F,HYDROCODONE,SPCLTY_Nurse Practitioner,STATE_IN,,,
1699983411,FENTANYL,GENDER_M,HYDROCODONE,OXYCODONE,SPCLTY_Family Practice,STATE_NC,TRAMADOL
1699983577,GENDER_M,HYDROCODONE,SPCLTY_Anesthesiology,STATE_CA,,,
1699984906,GENDER_F,HYDROCODONE,OXYCODONE,SPCLTY_Internal Medicine,STATE_MO,TRAMADOL,
1699984948,GENDER_M,HYDROCODONE,OXYCODONE,SPCLTY_Internal Medicine,STATE_CO,TRAMADOL,
1699985457,GENDER_M,HYDROCODONE,SPCLTY_Obstetrics/Gynecology,STATE_FL,,,
1700014552,GENDER_M,HYDROCODONE,SPCLTY_Podiatry,STATE_AZ,,,
1700014743,GENDER_M,HYDROCODONE,SPCLTY_Dentist,STATE_MO,,,
1700019189,GENDER_M,HYDROCODONE,SPCLTY_Family Practice,STATE_FL,,,
1700019643,GENDER_M,HYDROCODONE,OXYCODONE,SPCLTY_Physician Assistant,STATE_MD,,
1700020138,GENDER_M,OXYCODONE,SPCLTY_Obstetrics/Gynecology,STATE_OH,,,
1700022928,GENDER_F,HYDROCODONE,SPCLTY_Physician Assistant,STATE_TX,TRAMADOL,,
1700024197,GENDER_F,OXYCODONE,SPCLTY_Physician Assistant,STATE_NY,,,
1700027026,GENDER_M,HYDROCODONE,OXYCODONE,SPCLTY_Orthopedic Surgery,STATE_VA,,
1700027745,GENDER_M,HYDROCODONE,SPCLTY_Plastic and Reconstru,STATE_TX,,,
1700040672,GENDER_M,HYDROCODONE,SPCLTY_Physician Assistant,STATE_NY,TRAMADOL,,
1700041530,GENDER_M,HYDROCODONE,SPCLTY_Dentist,STATE_IN,,,
1700044583,FENTANYL,GENDER_F,HYDROCODONE,OXYCODONE,SPCLTY_Internal Medicine,STATE_OR,TRAMADOL
1700046828,FENTANYL,GENDER_F,HYDROCODONE,SPCLTY_Nurse Practitioner,STATE_NY,TRAMADOL,
1700048808,GENDER_M,HYDROCODONE,OXYCODONE,SPCLTY_Internal Medicine,STATE_OH,TRAMADOL,
1700067576,GENDER_M,HYDROCODONE,SPCLTY_Emergency Medicine,STATE_KY,,,
1700070695,GENDER_F,SPCLTY_Nurse Practitioner,STATE_FL,TRAMADOL,,,
1700076908,FENTANYL,GENDER_F,HYDROCODONE,SPCLTY_Family Practice,STATE_ME,TRAMADOL,
1700080785,GENDER_F,HYDROCODONE,SPCLTY_Obstetrics/Gynecology,STATE_OR,,,
1700091360,GENDER_F,HYDROCODONE,OXYCODONE,SPCLTY_Emergency Medicine,STATE_WV,,
1700093598,FENTANYL,GENDER_M,HYDROCODONE,SPCLTY_Neurology,STATE_AL,TRAMADOL,
1700094174,GENDER_M,HYDROCODONE,OXYCODONE,SPCLTY_Hematology/Oncology,STATE_NC,,
1700119658,GENDER_F,SPCLTY_Physician Assistant,STATE_MI,TRAMADOL,,,
1700129467,GENDER_M,OXYCODONE,SPCLTY_Student in an Organiz,STATE_NC,,,
1700132412,GENDER_F,HYDROCODONE,SPCLTY_Nurse Practitioner,STATE_NC,TRAMADOL,,
1700142122,GENDER_M,HYDROCODONE,OXYCODONE,SPCLTY_Student in an Organiz,STATE_OR,TRAMADOL,
1700143906,GENDER_M,HYDROCODONE,SPCLTY_Student in an Organiz,STATE_UT,,,
1700151396,GENDER_M,SPCLTY_Nurse Practitioner,STATE_AL,TRAMADOL,,,
1700166410,GENDER_F,HYDROCODONE,OXYCODONE,SPCLTY_Physician Assistant,STATE_WA,,
1700172210,GENDER_F,OXYCODONE,SPCLTY_Student in an Organiz,STATE_DC,,,
1700172889,GENDER_F,HYDROCODONE,SPCLTY_Dentist,STATE_TX,,,
1700176088,GENDER_M,HYDROCODONE,SPCLTY_Internal Medicine,STATE_GA,,,
1700183324,GENDER_F,HYDROCODONE,OXYCODONE,SPCLTY_Family Practice,STATE_KY,,
1700196946,GENDER_F,OXYCODONE,SPCLTY_Nurse Practitioner,STATE_MN,,,
1700205713,GENDER_M,OXYCODONE,SPCLTY_Physician Assistant,STATE_MA,,,
1700222379,GENDER_M,SPCLTY_Nurse Practitioner,STATE_LA,TRAMADOL,,,
1700229382,GENDER_F,HYDROCODONE,SPCLTY_Physician Assistant,STATE_CO,,,
1700229580,GENDER_F,SPCLTY_Physician Assistant,STATE_MA,TRAMADOL,,,
1700291895,GENDER_F,HYDROCODONE,SPCLTY_Nurse Practitioner,STATE_ND,,,
1700292620,GENDER_M,HYDROCODONE,SPCLTY_Dentist,STATE_SC,,,
1700802709,FENTANYL,GENDER_M,HYDROCODONE,OXYCODONE,SPCLTY_Pulmonary Disease,STATE_CA,TRAMADOL
1700807419,GENDER_M,HYDROCODONE,SPCLTY_Emergency Medicine,STATE_WI,,,
1700810983,GENDER_F,HYDROCODONE,SPCLTY_Family Practice,STATE_TX,,,
1700811353,GENDER_M,OXYCODONE,SPCLTY_General Surgery,STATE_NJ,,,
1700815644,FENTANYL,GENDER_F,HYDROCODONE,SPCLTY_Internal Medicine,STATE_IN,TRAMADOL,
1700815891,GENDER_M,HYDROCODONE,SPCLTY_Pulmonary Disease,STATE_AL,,,
1700821238,GENDER_F,HYDROCODONE,OXYCODONE,SPCLTY_Family Practice,STATE_KS,TRAMADOL,
1700821949,GENDER_M,HYDROCODONE,SPCLTY_Family Practice,STATE_TN,TRAMADOL,,
1700821956,FENTANYL,GENDER_M,HYDROCODONE,OXYCODONE,SPCLTY_Internal Medicine,STATE_FL,TRAMADOL
1700822368,FENTANYL,GENDER_F,HYDROCODONE,OXYCODONE,SPCLTY_Family Practice,STATE_TN,TRAMADOL
1700822558,GENDER_M,HYDROCODONE,OXYCODONE,SPCLTY_Orthopedic Surgery,STATE_WV,TRAMADOL,
1700823143,GENDER_M,OXYCODONE,SPCLTY_Internal Medicine,STATE_FL,TRAMADOL,,
1700825221,GENDER_M,HYDROCODONE,OXYCODONE,SPCLTY_Emergency Medicine,STATE_LA,,
1700825452,FENTANYL,GENDER_M,HYDROCODONE,OXYCODONE,SPCLTY_Internal Medicine,STATE_PA,TRAMADOL
1700825981,GENDER_M,HYDROCODONE,SPCLTY_Nurse Practitioner,STATE_MN,,,
1700827102,GENDER_M,HYDROCODONE,OXYCODONE,SPCLTY_Emergency Medicine,STATE_TN,TRAMADOL,
1700827383,GENDER_F,HYDROCODONE,OXYCODONE,SPCLTY_Internal Medicine,STATE_KS,,
1700830981,GENDER_F,HYDROCODONE,OXYCODONE,SPCLTY_Family Practice,STATE_OR,,
1700831914,GENDER_M,HYDROCODONE,OXYCODONE,SPCLTY_Neurosurgery,STATE_NC,TRAMADOL,
1700832524,GENDER_M,HYDROCODONE,SPCLTY_Family Practice,STATE_TX,TRAMADOL,,
1700832953,GENDER_F,HYDROCODONE,OXYCODONE,SPCLTY_Internal Medicine,STATE_PA,,
1700837317,GENDER_M,HYDROCODONE,SPCLTY_Emergency Medicine,STATE_AL,TRAMADOL,,
1700837796,GENDER_M,SPCLTY_Internal Medicine,STATE_PR,TRAMADOL,,,
1700840170,GENDER_M,HYDROCODONE,SPCLTY_Anesthesiology,STATE_CA,,,
1700846037,GENDER_M,HYDROCODONE,OXYCODONE,SPCLTY_Orthopedic Surgery,STATE_AL,TRAMADOL,
1700846672,GENDER_M,HYDROCODONE,OXYCODONE,SPCLTY_Internal Medicine,STATE_NC,TRAMADOL,
1700847340,FENTANYL,GENDER_F,HYDROCODONE,OXYCODONE,SPCLTY_Family Practice,STATE_MN,TRAMADOL
1700852860,GENDER_M,HYDROCODONE,OXYCODONE,SPCLTY_Family Practice,STATE_IA,TRAMADOL,
1700854189,GENDER_F,HYDROCODONE,SPCLTY_Family Practice,STATE_GA,,,
1700854361,FENTANYL,GENDER_M,HYDROCODONE,OXYCODONE,SPCLTY_Family Practice,STATE_ME,TRAMADOL
1700854395,GENDER_M,HYDROCODONE,SPCLTY_Urology,STATE_MI,TRAMADOL,,
1700856135,FENTANYL,GENDER_M,HYDROCODONE,OXYCODONE,SPCLTY_Internal Medicine,STATE_TN,TRAMADOL
1700856317,GENDER_M,HYDROCODONE,SPCLTY_General Practice,STATE_TX,,,
1700858933,GENDER_M,HYDROCODONE,OXYCODONE,SPCLTY_Family Practice,STATE_WI,TRAMADOL,
1700860236,GENDER_M,HYDROCODONE,SPCLTY_Orthopedic Surgery,STATE_NE,TRAMADOL,,
1700860632,GENDER_M,HYDROCODONE,SPCLTY_Family Practice,STATE_MI,TRAMADOL,,
1700860913,FENTANYL,GENDER_M,HYDROCODONE,OXYCODONE,SPCLTY_Emergency Medicine,STATE_GA,TRAMADOL
1700861093,GENDER_M,SPCLTY_Nephrology,STATE_SC,TRAMADOL,,,
1700864170,FENTANYL,GENDER_M,HYDROCODONE,OXYCODONE,SPCLTY_Interventional Pain M,STATE_SC,TRAMADOL
1700873494,GENDER_M,HYDROCODONE,OXYCODONE,SPCLTY_Family Practice,STATE_AL,TRAMADOL,
1700874054,FENTANYL,GENDER_M,HYDROCODONE,SPCLTY_Family Practice,STATE_IA,TRAMADOL,
1700874153,GENDER_F,SPCLTY_Family Practice,STATE_AZ,TRAMADOL,,,
1700874294,GENDER_M,HYDROCODONE,SPCLTY_Orthopedic Surgery,STATE_MI,TRAMADOL,,
1700878253,GENDER_M,OXYCODONE,SPCLTY_General Surgery,STATE_FL,,,
1700878469,GENDER_M,HYDROCODONE,OXYCODONE,SPCLTY_Internal Medicine,STATE_GA,TRAMADOL,
1700878634,GENDER_M,HYDROCODONE,SPCLTY_Family Practice,STATE_AR,TRAMADOL,,
1700879012,FENTANYL,GENDER_M,HYDROCODONE,OXYCODONE,SPCLTY_Family Practice,STATE_GA,TRAMADOL
1700881125,FENTANYL,GENDER_M,HYDROCODONE,OXYCODONE,SPCLTY_Family Practice,STATE_PA,TRAMADOL
1700881141,GENDER_M,HYDROCODONE,SPCLTY_Dermatology,STATE_LA,,,
1700883337,GENDER_M,HYDROCODONE,OXYCODONE,SPCLTY_Orthopedic Surgery,STATE_WA,,
1700885308,GENDER_M,SPCLTY_Physician Assistant,STATE_AZ,TRAMADOL,,,
1700886181,GENDER_M,HYDROCODONE,OXYCODONE,SPCLTY_Family Practice,STATE_PA,TRAMADOL,
1700889854,GENDER_M,HYDROCODONE,OXYCODONE,SPCLTY_Internal Medicine,STATE_NC,TRAMADOL,
1700889904,GENDER_M,HYDROCODONE,SPCLTY_Pulmonary Disease,STATE_SC,TRAMADOL,,
1700889938,GENDER_M,HYDROCODONE,SPCLTY_Nephrology,STATE_SC,TRAMADOL,,
1700893294,GENDER_M,HYDROCODONE,SPCLTY_Family Practice,STATE_CA,TRAMADOL,,
1700896032,GENDER_F,HYDROCODONE,SPCLTY_Emergency Medicine,STATE_OH,TRAMADOL,,
1700896396,GENDER_F,HYDROCODONE,SPCLTY_Internal Medicine,STATE_CA,,,
1700899283,GENDER_F,HYDROCODONE,SPCLTY_Hematology/Oncology,STATE_TX,TRAMADOL,,
1700909744,GENDER_M,HYDROCODONE,SPCLTY_Medical Oncology,STATE_TX,TRAMADOL,,
1700910825,FENTANYL,GENDER_M,OXYCODONE,SPCLTY_Internal Medicine,STATE_NY,TRAMADOL,
1700918372,GENDER_M,HYDROCODONE,SPCLTY_Emergency Medicine,STATE_CA,,,
1700927902,GENDER_F,HYDROCODONE,SPCLTY_Family Practice,STATE_ID,,,
1700929270,FENTANYL,GENDER_M,HYDROCODONE,OXYCODONE,SPCLTY_Family Practice,STATE_MA,TRAMADOL
1700934536,GENDER_M,HYDROCODONE,OXYCODONE,SPCLTY_Family Practice,STATE_CA,,
1700938735,GENDER_M,HYDROCODONE,SPCLTY_Rheumatology,STATE_OH,TRAMADOL,,
1700943032,GENDER_M,SPCLTY_Family Practice,STATE_TX,TRAMADOL,,,
1700943263,GENDER_F,HYDROCODONE,SPCLTY_Nurse Practitioner,STATE_TX,TRAMADOL,,
1700951456,GENDER_F,OXYCODONE,SPCLTY_Urology,STATE_MD,,,
1700954526,GENDER_M,HYDROCODONE,SPCLTY_Otolaryngology,STATE_OH,,,
1700957669,GENDER_M,HYDROCODONE,SPCLTY_Dentist,STATE_TX,,,
1700958659,FENTANYL,GENDER_M,HYDROCODONE,OXYCODONE,SPCLTY_Orthopedic Surgery,STATE_OK,TRAMADOL
1700960168,GENDER_M,HYDROCODONE,OXYCODONE,SPCLTY_Neurosurgery,STATE_NC,,
1700960176,GENDER_F,HYDROCODONE,SPCLTY_Emergency Medicine,STATE_IN,,,
1700967122,GENDER_M,HYDROCODONE,OXYCODONE,SPCLTY_Internal Medicine,STATE_WV,TRAMADOL,
1700978079,GENDER_M,HYDROCODONE,SPCLTY_Dentist,STATE_TX,,,
1700978624,GENDER_M,HYDROCODONE,SPCLTY_Dentist,STATE_MN,,,
1700979234,FENTANYL,GENDER_M,HYDROCODONE,OXYCODONE,SPCLTY_Family Practice,STATE_OH,TRAMADOL
1700979788,GENDER_F,SPCLTY_Nurse Practitioner,STATE_AL,TRAMADOL,,,
1700979945,GENDER_M,SPCLTY_Sports Medicine,STATE_PA,TRAMADOL,,,
1700984093,GENDER_M,HYDROCODONE,OXYCODONE,SPCLTY_Radiation Oncology,STATE_LA,,
1700984309,GENDER_M,HYDROCODONE,SPCLTY_Oral Surgery (dentist,STATE_IL,,,
1700984606,GENDER_M,HYDROCODONE,SPCLTY_Emergency Medicine,STATE_FL,TRAMADOL,,
1700985405,GENDER_F,HYDROCODONE,OXYCODONE,SPCLTY_Anesthesiology,STATE_NY,TRAMADOL,
1700988847,GENDER_M,HYDROCODONE,SPCLTY_Dentist,STATE_IN,,,
1700989118,GENDER_M,HYDROCODONE,SPCLTY_Podiatry,STATE_CA,,,
1700990512,GENDER_M,OXYCODONE,SPCLTY_Plastic and Reconstru,STATE_FL,,,
1700992054,FENTANYL,GENDER_M,HYDROCODONE,SPCLTY_Internal Medicine,STATE_MI,TRAMADOL,
1700999588,FENTANYL,GENDER_M,HYDROCODONE,OXYCODONE,SPCLTY_Family Practice,STATE_IN,TRAMADOL
1710001649,GENDER_M,HYDROCODONE,OXYCODONE,SPCLTY_Physician Assistant,STATE_CA,,
1710006408,GENDER_M,SPCLTY_Nephrology,STATE_UT,TRAMADOL,,,
1710020045,GENDER_M,HYDROCODONE,SPCLTY_Dentist,STATE_NC,,,
1710024641,GENDER_M,SPCLTY_Internal Medicine,STATE_NJ,TRAMADOL,,,
1710026588,GENDER_M,SPCLTY_Physician Assistant,STATE_FL,TRAMADOL,,,
1710032156,GENDER_M,HYDROCODONE,SPCLTY_Dentist,STATE_CA,,,
1710047972,GENDER_M,HYDROCODONE,SPCLTY_Geriatric Medicine,STATE_CA,,,
1710048202,GENDER_M,HYDROCODONE,SPCLTY_Dentist,STATE_CT,,,
1710050729,FENTANYL,GENDER_F,HYDROCODONE,OXYCODONE,SPCLTY_Family Practice,STATE_KY,TRAMADOL
1710056064,GENDER_F,SPCLTY_Internal Medicine,STATE_DC,TRAMADOL,,,
1710059159,GENDER_M,HYDROCODONE,SPCLTY_Dentist,STATE_FL,TRAMADOL,,
1710059878,GENDER_M,HYDROCODONE,OXYCODONE,SPCLTY_Podiatry,STATE_AZ,,
1710060371,GENDER_F,OXYCODONE,SPCLTY_Nurse Practitioner,STATE_VA,,,
1710060462,GENDER_M,HYDROCODONE,SPCLTY_Physician Assistant,STATE_NC,TRAMADOL,,
1710068374,GENDER_F,HYDROCODONE,SPCLTY_Physician Assistant,STATE_GA,TRAMADOL,,
1710076567,FENTANYL,GENDER_M,HYDROCODONE,OXYCODONE,SPCLTY_Hematology/Oncology,STATE_IL,TRAMADOL
1710086749,GENDER_M,SPCLTY_Psychiatry & Neurolog,STATE_NM,TRAMADOL,,,
1710087119,FENTANYL,GENDER_M,HYDROCODONE,OXYCODONE,SPCLTY_Internal Medicine,STATE_OK,TRAMADOL
1710095401,GENDER_M,HYDROCODONE,SPCLTY_Dentist,STATE_AZ,,,
1710103908,GENDER_F,HYDROCODONE,SPCLTY_Physician Assistant,STATE_NY,TRAMADOL,,
1710104773,GENDER_M,OXYCODONE,SPCLTY_Dentist,STATE_MA,,,
1710104922,GENDER_F,OXYCODONE,SPCLTY_Infectious Disease,STATE_NJ,TRAMADOL,,
1710107255,GENDER_F,HYDROCODONE,OXYCODONE,SPCLTY_Physician Assistant,STATE_PA,TRAMADOL,
1710111935,GENDER_F,HYDROCODONE,SPCLTY_Family Practice,STATE_ID,TRAMADOL,,
1710113873,GENDER_F,OXYCODONE,SPCLTY_Physician Assistant,STATE_NY,,,
1710119938,GENDER_M,HYDROCODONE,SPCLTY_Emergency Medicine,STATE_MD,TRAMADOL,,
1710122247,GENDER_F,HYDROCODONE,SPCLTY_Nurse Practitioner,STATE_KY,,,
1710122262,GENDER_F,SPCLTY_Internal Medicine,STATE_NY,TRAMADOL,,,
1710129846,GENDER_F,HYDROCODONE,OXYCODONE,SPCLTY_Nurse Practitioner,STATE_TN,,
1710140421,GENDER_F,HYDROCODONE,OXYCODONE,SPCLTY_Internal Medicine,STATE_LA,TRAMADOL,
1710142484,FENTANYL,GENDER_M,HYDROCODONE,OXYCODONE,SPCLTY_Emergency Medicine,STATE_TX,TRAMADOL
1710142864,GENDER_F,HYDROCODONE,SPCLTY_Nurse Practitioner,STATE_LA,TRAMADOL,,
1710153135,GENDER_F,HYDROCODONE,SPCLTY_Internal Medicine,STATE_NC,,,
1710154299,GENDER_M,HYDROCODONE,SPCLTY_Emergency Medicine,STATE_CA,,,
1710158092,GENDER_M,HYDROCODONE,SPCLTY_Physician Assistant,STATE_TX,TRAMADOL,,
1710171269,GENDER_M,HYDROCODONE,SPCLTY_Physician Assistant,STATE_CA,,,
1710174693,GENDER_F,HYDROCODONE,SPCLTY_Family Practice,STATE_CA,TRAMADOL,,
1710177555,FENTANYL,GENDER_M,HYDROCODONE,OXYCODONE,SPCLTY_Physical Medicine and,STATE_TX,TRAMADOL
1710189972,GENDER_M,HYDROCODONE,SPCLTY_Emergency Medicine,STATE_NY,,,
1710193354,FENTANYL,GENDER_M,HYDROCODONE,OXYCODONE,SPCLTY_Family Practice,STATE_MI,TRAMADOL
1710195342,FENTANYL,GENDER_M,HYDROCODONE,OXYCODONE,SPCLTY_Physical Medicine and,STATE_VA,TRAMADOL
1710203401,GENDER_M,HYDROCODONE,SPCLTY_General Surgery,STATE_WI,,,
1710207790,GENDER_M,HYDROCODONE,SPCLTY_Dentist,STATE_MO,,,
1710212998,GENDER_F,HYDROCODONE,SPCLTY_General Surgery,STATE_FL,,,
1710221841,GENDER_M,SPCLTY_Physician Assistant,STATE_GA,TRAMADOL,,,
1710230891,GENDER_F,HYDROCODONE,SPCLTY_Nurse Practitioner,STATE_IL,,,
1710236252,GENDER_M,SPCLTY_Nurse Practitioner,STATE_TX,TRAMADOL,,,
1710237821,GENDER_F,HYDROCODONE,SPCLTY_Internal Medicine,STATE_MI,TRAMADOL,,
1710242854,GENDER_M,OXYCODONE,SPCLTY_Podiatry,STATE_PA,,,
1710249057,GENDER_M,HYDROCODONE,SPCLTY_Nurse Practitioner,STATE_MI,TRAMADOL,,
1710270590,GENDER_M,HYDROCODONE,SPCLTY_Oral Surgery (dentist,STATE_SD,,,
1710271556,GENDER_F,HYDROCODONE,SPCLTY_Physician Assistant,STATE_KS,TRAMADOL,,
1710274154,GENDER_F,HYDROCODONE,SPCLTY_Emergency Medicine,STATE_MI,,,
1710279195,GENDER_F,HYDROCODONE,SPCLTY_Family Practice,STATE_LA,,,
1710279393,GENDER_M,HYDROCODONE,SPCLTY_Emergency Medicine,STATE_KY,,,
1710292297,FENTANYL,GENDER_F,HYDROCODONE,OXYCODONE,SPCLTY_Family Practice,STATE_CA,TRAMADOL
1710297403,GENDER_M,HYDROCODONE,SPCLTY_General Practice,STATE_TX,,,
1710328497,GENDER_M,HYDROCODONE,SPCLTY_Nurse Practitioner,STATE_TX,TRAMADOL,,
1710900154,GENDER_F,HYDROCODONE,OXYCODONE,SPCLTY_Emergency Medicine,STATE_FL,TRAMADOL,
1710900998,GENDER_M,HYDROCODONE,SPCLTY_Family Practice,STATE_CA,TRAMADOL,,
1710901053,GENDER_M,HYDROCODONE,SPCLTY_Dentist,STATE_LA,,,
1710901277,FENTANYL,GENDER_M,HYDROCODONE,OXYCODONE,SPCLTY_Neurology,STATE_IN,TRAMADOL
1710903521,GENDER_M,HYDROCODONE,SPCLTY_Emergency Medicine,STATE_VT,,,
1710907001,GENDER_M,HYDROCODONE,SPCLTY_Physician Assistant,STATE_TX,TRAMADOL,,
1710908140,GENDER_M,HYDROCODONE,OXYCODONE,SPCLTY_Emergency Medicine,STATE_MA,,
1710911177,GENDER_M,HYDROCODONE,SPCLTY_Emergency Medicine,STATE_AL,,,
1710914205,GENDER_M,HYDROCODONE,SPCLTY_Internal Medicine,STATE_FL,TRAMADOL,,
1710914510,GENDER_F,HYDROCODONE,SPCLTY_Family Practice,STATE_AL,,,
1710915582,GENDER_F,SPCLTY_Internal Medicine,STATE_NY,TRAMADOL,,,
1710918578,GENDER_M,HYDROCODONE,SPCLTY_Podiatry,STATE_FL,,,
1710918818,GENDER_M,OXYCODONE,SPCLTY_Internal Medicine,STATE_NY,,,
1710922919,GENDER_M,HYDROCODONE,SPCLTY_Internal Medicine,STATE_CA,,,
1710924964,FENTANYL,GENDER_M,HYDROCODONE,OXYCODONE,SPCLTY_Neurology,STATE_NY,TRAMADOL
1710926092,GENDER_F,HYDROCODONE,SPCLTY_Physician Assistant,STATE_IN,,,
1710927132,GENDER_M,HYDROCODONE,OXYCODONE,SPCLTY_Anesthesiology,STATE_MO,TRAMADOL,
1710927728,GENDER_M,HYDROCODONE,SPCLTY_Urology,STATE_MI,,,
1710927975,FENTANYL,GENDER_F,HYDROCODONE,OXYCODONE,SPCLTY_Neurology,STATE_UT,TRAMADOL
1710928007,GENDER_M,HYDROCODONE,SPCLTY_Otolaryngology,STATE_MI,,,
1710929898,FENTANYL,GENDER_F,SPCLTY_Internal Medicine,STATE_NJ,,,
1710933411,GENDER_F,OXYCODONE,SPCLTY_Nephrology,STATE_MA,,,
1710934344,GENDER_M,HYDROCODONE,SPCLTY_Emergency Medicine,STATE_GA,,,
1710935028,GENDER_F,HYDROCODONE,SPCLTY_Surgical Oncology,STATE_CA,,,
1710935705,GENDER_M,HYDROCODONE,OXYCODONE,SPCLTY_Internal Medicine,STATE_FL,TRAMADOL,
1710935788,GENDER_M,OXYCODONE,SPCLTY_Emergency Medicine,STATE_NY,,,
1710936182,GENDER_M,HYDROCODONE,OXYCODONE,SPCLTY_Emergency Medicine,STATE_VA,TRAMADOL,
1710936232,FENTANYL,GENDER_M,HYDROCODONE,OXYCODONE,SPCLTY_Internal Medicine,STATE_NY,TRAMADOL
1710939228,GENDER_M,HYDROCODONE,OXYCODONE,SPCLTY_Orthopedic Surgery,STATE_AL,TRAMADOL,
1710941430,GENDER_M,OXYCODONE,SPCLTY_Medical Oncology,STATE_NC,,,
1710944665,GENDER_M,SPCLTY_General Practice,STATE_PR,TRAMADOL,,,
1710945886,GENDER_M,HYDROCODONE,SPCLTY_Otolaryngology,STATE_TX,,,
1710946728,FENTANYL,GENDER_F,HYDROCODONE,OXYCODONE,SPCLTY_Family Practice,STATE_WI,TRAMADOL
1710948385,GENDER_M,HYDROCODONE,SPCLTY_Ophthalmology,STATE_TX,,,
1710949474,GENDER_M,HYDROCODONE,SPCLTY_Internal Medicine,STATE_WV,TRAMADOL,,
1710950019,GENDER_F,OXYCODONE,SPCLTY_Internal Medicine,STATE_PA,,,
1710951660,GENDER_M,SPCLTY_Pulmonary Disease,STATE_KY,TRAMADOL,,,
1710955034,GENDER_M,HYDROCODONE,OXYCODONE,SPCLTY_Urology,STATE_TN,,
1710956024,GENDER_M,HYDROCODONE,OXYCODONE,SPCLTY_Family Practice,STATE_IN,TRAMADOL,
1710956776,FENTANYL,GENDER_M,HYDROCODONE,OXYCODONE,SPCLTY_Internal Medicine,STATE_CA,TRAMADOL
1710956818,GENDER_F,HYDROCODONE,SPCLTY_Family Practice,STATE_CA,TRAMADOL,,
1710959648,GENDER_F,HYDROCODONE,SPCLTY_Nurse Practitioner,STATE_IA,TRAMADOL,,
1710960786,GENDER_M,HYDROCODONE,OXYCODONE,SPCLTY_Internal Medicine,STATE_WY,TRAMADOL,
1710960927,GENDER_F,OXYCODONE,SPCLTY_Internal Medicine,STATE_NJ,TRAMADOL,,
1710962923,GENDER_M,OXYCODONE,SPCLTY_Anesthesiology,STATE_AZ,,,
1710962931,GENDER_M,HYDROCODONE,OXYCODONE,SPCLTY_Oral Surgery (dentist,STATE_MA,,
1710963681,FENTANYL,GENDER_M,HYDROCODONE,OXYCODONE,SPCLTY_Anesthesiology,STATE_AK,
1710965397,GENDER_F,HYDROCODONE,OXYCODONE,SPCLTY_Physician Assistant,STATE_CT,,
1710967203,GENDER_F,SPCLTY_Physical Medicine and,STATE_OH,TRAMADOL,,,
1710967351,GENDER_M,HYDROCODONE,SPCLTY_Orthopedic Surgery,STATE_WI,,,
1710967807,GENDER_M,HYDROCODONE,SPCLTY_Anesthesiology,STATE_IA,,,
1710969134,GENDER_F,SPCLTY_Nurse Practitioner,STATE_AL,TRAMADOL,,,
1710970520,GENDER_M,HYDROCODONE,SPCLTY_General Surgery,STATE_SC,,,
1710973748,GENDER_M,HYDROCODONE,SPCLTY_Otolaryngology,STATE_TX,,,
1710974118,GENDER_M,HYDROCODONE,SPCLTY_Emergency Medicine,STATE_MO,TRAMADOL,,
1710974696,GENDER_M,HYDROCODONE,OXYCODONE,SPCLTY_Family Practice,STATE_GA,TRAMADOL,
1710975487,GENDER_M,HYDROCODONE,SPCLTY_Family Practice,STATE_LA,,,
1710978168,GENDER_M,HYDROCODONE,OXYCODONE,SPCLTY_Rheumatology,STATE_TN,TRAMADOL,
1710978903,GENDER_M,HYDROCODONE,OXYCODONE,SPCLTY_Urology,STATE_SC,,
1710979869,GENDER_M,HYDROCODONE,SPCLTY_General Surgery,STATE_MI,TRAMADOL,,
1710982343,FENTANYL,GENDER_M,HYDROCODONE,OXYCODONE,SPCLTY_Internal Medicine,STATE_MD,TRAMADOL
1710982582,GENDER_M,HYDROCODONE,SPCLTY_Dentist,STATE_TX,,,
1710985460,GENDER_M,OXYCODONE,SPCLTY_Ophthalmology,STATE_PA,,,
1710985551,GENDER_M,HYDROCODONE,OXYCODONE,SPCLTY_Orthopedic Surgery,STATE_ID,TRAMADOL,
1710985817,GENDER_M,HYDROCODONE,OXYCODONE,SPCLTY_General Surgery,STATE_WA,,
1710986187,GENDER_F,HYDROCODONE,OXYCODONE,SPCLTY_Nurse Practitioner,STATE_DE,TRAMADOL,
1710986328,GENDER_F,HYDROCODONE,OXYCODONE,SPCLTY_Family Practice,STATE_CA,TRAMADOL,
1710993589,GENDER_M,HYDROCODONE,OXYCODONE,SPCLTY_Family Practice,STATE_MA,,
1710994116,GENDER_F,OXYCODONE,SPCLTY_Emergency Medicine,STATE_NY,,,
1710996384,GENDER_M,HYDROCODONE,SPCLTY_Cardiology,STATE_CA,,,
1710996434,GENDER_M,OXYCODONE,SPCLTY_Nurse Practitioner,STATE_AZ,TRAMADOL,,
1720001589,GENDER_M,HYDROCODONE,OXYCODONE,SPCLTY_Emergency Medicine,STATE_UT,,
1720003783,GENDER_M,HYDROCODONE,SPCLTY_Dentist,STATE_SC,,,
1720004583,GENDER_F,HYDROCODONE,SPCLTY_Rheumatology,STATE_KS,TRAMADOL,,
1720004864,GENDER_M,HYDROCODONE,OXYCODONE,SPCLTY_Orthopedic Surgery,STATE_LA,TRAMADOL,
1720008626,GENDER_M,HYDROCODONE,SPCLTY_Pediatric Medicine,STATE_MI,TRAMADOL,,
1720008683,GENDER_M,HYDROCODONE,OXYCODONE,SPCLTY_Family Practice,STATE_IN,TRAMADOL,
1720010911,GENDER_M,SPCLTY_Internal Medicine,STATE_FL,TRAMADOL,,,
1720014467,GENDER_M,OXYCODONE,SPCLTY_Internal Medicine,STATE_NH,TRAMADOL,,
1720020662,FENTANYL,GENDER_M,HYDROCODONE,OXYCODONE,SPCLTY_Family Practice,STATE_AR,TRAMADOL
1720021363,GENDER_M,HYDROCODONE,OXYCODONE,SPCLTY_Family Practice,STATE_LA,TRAMADOL,
1720027311,GENDER_M,HYDROCODONE,SPCLTY_Orthopedic Surgery,STATE_ID,,,
1720031388,GENDER_M,HYDROCODONE,OXYCODONE,SPCLTY_Family Practice,STATE_CA,TRAMADOL,
1720034234,GENDER_M,HYDROCODONE,SPCLTY_Family Practice,STATE_MN,TRAMADOL,,
1720034416,FENTANYL,GENDER_F,HYDROCODONE,OXYCODONE,SPCLTY_Family Practice,STATE_UT,
1720034846,GENDER_M,HYDROCODONE,SPCLTY_Emergency Medicine,STATE_CA,,,
1720036809,GENDER_M,OXYCODONE,SPCLTY_Orthopedic Surgery,STATE_NY,,,
1720038805,FENTANYL,GENDER_M,OXYCODONE,SPCLTY_Pulmonary Disease,STATE_SC,,
1720039571,FENTANYL,GENDER_F,HYDROCODONE,OXYCODONE,SPCLTY_Physical Medicine and,STATE_WI,TRAMADOL
1720040801,GENDER_M,HYDROCODONE,SPCLTY_Urology,STATE_SC,,,
1720044217,GENDER_M,HYDROCODONE,OXYCODONE,SPCLTY_Family Practice,STATE_IN,TRAMADOL,
1720044621,GENDER_F,HYDROCODONE,OXYCODONE,SPCLTY_Nurse Practitioner,STATE_OH,TRAMADOL,
1720045826,GENDER_F,HYDROCODONE,SPCLTY_General Surgery,STATE_CA,,,
1720046147,FENTANYL,GENDER_M,HYDROCODONE,OXYCODONE,SPCLTY_Internal Medicine,STATE_NC,TRAMADOL
1720046600,GENDER_M,HYDROCODONE,OXYCODONE,SPCLTY_Orthopedic Surgery,STATE_AL,TRAMADOL,
1720047822,FENTANYL,GENDER_F,OXYCODONE,SPCLTY_Hematology/Oncology,STATE_OH,,
1720048788,FENTANYL,GENDER_M,HYDROCODONE,OXYCODONE,SPCLTY_Internal Medicine,STATE_NC,TRAMADOL
1720048796,GENDER_M,HYDROCODONE,SPCLTY_Family Practice,STATE_CA,TRAMADOL,,
1720049984,FENTANYL,GENDER_M,HYDROCODONE,SPCLTY_Hematology/Oncology,STATE_IL,TRAMADOL,
1720050834,GENDER_F,HYDROCODONE,OXYCODONE,SPCLTY_Nurse Practitioner,STATE_MN,,
1720052228,FENTANYL,GENDER_M,HYDROCODONE,OXYCODONE,SPCLTY_Family Practice,STATE_SD,TRAMADOL
1720053705,GENDER_M,HYDROCODONE,SPCLTY_Radiation Oncology,STATE_IA,,,
1720057136,GENDER_F,HYDROCODONE,SPCLTY_Internal Medicine,STATE_CA,,,
1720059397,FENTANYL,GENDER_F,HYDROCODONE,OXYCODONE,SPCLTY_Neurology,STATE_TN,TRAMADOL
1720062326,GENDER_M,HYDROCODONE,OXYCODONE,SPCLTY_Anesthesiology,STATE_NY,TRAMADOL,
1720063100,GENDER_M,HYDROCODONE,SPCLTY_Urology,STATE_GA,TRAMADOL,,
1720063654,GENDER_F,HYDROCODONE,SPCLTY_Nurse Practitioner,STATE_MI,,,
1720069008,GENDER_M,HYDROCODONE,OXYCODONE,SPCLTY_Orthopedic Surgery,STATE_MI,TRAMADOL,
1720069867,GENDER_M,HYDROCODONE,SPCLTY_Urology,STATE_TN,,,
1720070378,GENDER_M,HYDROCODONE,SPCLTY_Rheumatology,STATE_LA,TRAMADOL,,
1720071079,GENDER_F,SPCLTY_Nurse Practitioner,STATE_GA,TRAMADOL,,,
1720071236,GENDER_M,HYDROCODONE,SPCLTY_Oral Surgery (dentist,STATE_MD,,,
1720073349,FENTANYL,GENDER_M,HYDROCODONE,OXYCODONE,SPCLTY_Internal Medicine,STATE_AR,TRAMADOL
1720073521,GENDER_F,HYDROCODONE,SPCLTY_Family Practice,STATE_IN,TRAMADOL,,
1720073711,GENDER_F,HYDROCODONE,OXYCODONE,SPCLTY_Family Practice,STATE_NC,TRAMADOL,
1720074768,GENDER_M,HYDROCODONE,OXYCODONE,SPCLTY_Emergency Medicine,STATE_WV,,
1720075914,GENDER_F,HYDROCODONE,OXYCODONE,SPCLTY_Physician Assistant,STATE_CA,,
1720078165,GENDER_M,HYDROCODONE,OXYCODONE,SPCLTY_Emergency Medicine,STATE_MN,,
1720079916,GENDER_M,HYDROCODONE,SPCLTY_Internal Medicine,STATE_VA,TRAMADOL,,
1720080849,FENTANYL,GENDER_M,HYDROCODONE,OXYCODONE,SPCLTY_Internal Medicine,STATE_PA,TRAMADOL
1720084213,GENDER_F,HYDROCODONE,SPCLTY_Nurse Practitioner,STATE_SC,TRAMADOL,,
1720085319,GENDER_M,HYDROCODONE,SPCLTY_Cardiology,STATE_AL,TRAMADOL,,
1720085772,GENDER_M,OXYCODONE,SPCLTY_Physician Assistant,STATE_WI,,,
1720085814,GENDER_M,HYDROCODONE,SPCLTY_Otolaryngology,STATE_PA,,,
1720088636,GENDER_M,HYDROCODONE,SPCLTY_Internal Medicine,STATE_TX,TRAMADOL,,
1720088834,GENDER_M,HYDROCODONE,OXYCODONE,SPCLTY_General Surgery,STATE_AL,,
1720092315,GENDER_M,HYDROCODONE,SPCLTY_Internal Medicine,STATE_CA,,,
1720096985,GENDER_M,HYDROCODONE,SPCLTY_Emergency Medicine,STATE_NC,TRAMADOL,,
1720114408,GENDER_M,HYDROCODONE,SPCLTY_Emergency Medicine,STATE_CO,,,
1720116809,GENDER_M,SPCLTY_Family Practice,STATE_HI,TRAMADOL,,,
1720118268,FENTANYL,GENDER_F,HYDROCODONE,OXYCODONE,SPCLTY_General Practice,STATE_PA,TRAMADOL
1720129562,GENDER_F,HYDROCODONE,SPCLTY_Physician Assistant,STATE_IN,,,
1720130495,GENDER_M,HYDROCODONE,SPCLTY_Urology,STATE_FL,,,
1720132640,GENDER_M,HYDROCODONE,SPCLTY_Emergency Medicine,STATE_WA,,,
1720134562,FENTANYL,GENDER_M,SPCLTY_Geriatric Medicine,STATE_NC,,,
1720138340,GENDER_F,HYDROCODONE,SPCLTY_Family Practice,STATE_CA,TRAMADOL,,
1720142821,GENDER_M,HYDROCODONE,SPCLTY_Emergency Medicine,STATE_TX,,,
1720144827,GENDER_M,HYDROCODONE,SPCLTY_Otolaryngology,STATE_OK,,,
1720147036,GENDER_M,HYDROCODONE,SPCLTY_Dentist,STATE_KS,,,
1720147879,FENTANYL,GENDER_M,HYDROCODONE,OXYCODONE,SPCLTY_Internal Medicine,STATE_NY,TRAMADOL
1720154255,GENDER_M,HYDROCODONE,OXYCODONE,SPCLTY_Internal Medicine,STATE_CA,TRAMADOL,
1720164247,GENDER_F,HYDROCODONE,SPCLTY_Internal Medicine,STATE_CA,TRAMADOL,,
1720166184,GENDER_M,OXYCODONE,SPCLTY_Urology,STATE_WA,,,
1720170269,GENDER_M,HYDROCODONE,OXYCODONE,SPCLTY_Family Practice,STATE_NY,TRAMADOL,
1720172505,GENDER_M,OXYCODONE,SPCLTY_Emergency Medicine,STATE_NJ,,,
1720173263,GENDER_M,HYDROCODONE,SPCLTY_Dentist,STATE_LA,,,
1720181928,GENDER_M,HYDROCODONE,SPCLTY_Emergency Medicine,STATE_CA,,,
1720185614,FENTANYL,GENDER_M,HYDROCODONE,OXYCODONE,SPCLTY_Physician Assistant,STATE_CA,TRAMADOL
1720190937,FENTANYL,GENDER_F,HYDROCODONE,OXYCODONE,SPCLTY_Nurse Practitioner,STATE_NH,TRAMADOL
1720190986,GENDER_F,SPCLTY_Cardiology,STATE_FL,TRAMADOL,,,
1720192925,FENTANYL,GENDER_M,HYDROCODONE,SPCLTY_Family Practice,STATE_GA,TRAMADOL,
1720195407,GENDER_M,HYDROCODONE,SPCLTY_Emergency Medicine,STATE_NY,,,
1720195993,GENDER_M,OXYCODONE,SPCLTY_Dermatology,STATE_SC,,,
1720202526,GENDER_F,HYDROCODONE,SPCLTY_Family Practice,STATE_TN,,,
1720206790,GENDER_F,HYDROCODONE,SPCLTY_Rheumatology,STATE_IL,TRAMADOL,,
1720208036,GENDER_F,HYDROCODONE,OXYCODONE,SPCLTY_Physician Assistant,STATE_CO,TRAMADOL,
1720216831,GENDER_M,HYDROCODONE,SPCLTY_Urology,STATE_MI,,,
1720227143,GENDER_M,HYDROCODONE,SPCLTY_Physician Assistant,STATE_MO,TRAMADOL,,
1720229107,GENDER_M,SPCLTY_Internal Medicine,STATE_FL,TRAMADOL,,,
1720229834,GENDER_M,HYDROCODONE,SPCLTY_Dentist,STATE_AL,,,
1720241482,GENDER_F,HYDROCODONE,OXYCODONE,SPCLTY_Nurse Practitioner,STATE_CA,,
1720241565,GENDER_M,HYDROCODONE,OXYCODONE,SPCLTY_Hematology/Oncology,STATE_IL,TRAMADOL,
1720242704,GENDER_M,HYDROCODONE,OXYCODONE,SPCLTY_Hematology/Oncology,STATE_FL,,
1720243769,FENTANYL,GENDER_F,HYDROCODONE,OXYCODONE,SPCLTY_Family Practice,STATE_WV,TRAMADOL
1720243777,GENDER_M,HYDROCODONE,OXYCODONE,SPCLTY_Family Practice,STATE_NJ,TRAMADOL,
1720256324,GENDER_M,HYDROCODONE,OXYCODONE,SPCLTY_Family Medicine,STATE_FL,,
1720259807,GENDER_M,HYDROCODONE,SPCLTY_Oral Surgery (dentist,STATE_VA,,,
1720260441,FENTANYL,GENDER_M,HYDROCODONE,OXYCODONE,SPCLTY_Hematology/Oncology,STATE_WA,
1720262462,GENDER_M,HYDROCODONE,OXYCODONE,SPCLTY_Family Practice,STATE_OR,TRAMADOL,
1720265184,FENTANYL,GENDER_F,HYDROCODONE,OXYCODONE,SPCLTY_Nurse Practitioner,STATE_MN,TRAMADOL
1720270283,GENDER_M,OXYCODONE,SPCLTY_Physician Assistant,STATE_PA,,,
1720272479,FENTANYL,GENDER_F,SPCLTY_Physical Medicine and,STATE_DE,TRAMADOL,,
1720282189,GENDER_F,HYDROCODONE,OXYCODONE,SPCLTY_Nurse Practitioner,STATE_IN,TRAMADOL,
1720283898,FENTANYL,GENDER_M,HYDROCODONE,OXYCODONE,SPCLTY_Pain Management,STATE_VA,TRAMADOL
1720284458,GENDER_M,OXYCODONE,SPCLTY_Dentist,STATE_OK,,,
1720288681,GENDER_M,HYDROCODONE,SPCLTY_Emergency Medicine,STATE_WA,TRAMADOL,,
1720289143,GENDER_F,HYDROCODONE,OXYCODONE,SPCLTY_Nurse Practitioner,STATE_TN,TRAMADOL,
1720293749,GENDER_F,HYDROCODONE,OXYCODONE,SPCLTY_Family Practice,STATE_WA,TRAMADOL,
1720302417,GENDER_M,HYDROCODONE,SPCLTY_Student in an Organiz,STATE_IL,,,
1720320625,FENTANYL,GENDER_F,HYDROCODONE,OXYCODONE,SPCLTY_Nurse Practitioner,STATE_OH,TRAMADOL
1720329907,GENDER_M,HYDROCODONE,SPCLTY_Physician Assistant,STATE_TX,TRAMADOL,,
1720330715,GENDER_F,SPCLTY_Nurse Practitioner,STATE_FL,TRAMADOL,,,
1720349541,GENDER_F,HYDROCODONE,OXYCODONE,SPCLTY_Family Practice,STATE_ND,,
1720367170,GENDER_F,SPCLTY_Physician Assistant,STATE_SC,TRAMADOL,,,
1720368145,GENDER_F,HYDROCODONE,SPCLTY_Student in an Organiz,STATE_FL,,,
1720375710,GENDER_F,HYDROCODONE,SPCLTY_Nurse Practitioner,STATE_MI,,,
1720377237,GENDER_M,OXYCODONE,SPCLTY_Emergency Medicine,STATE_GA,,,
1720385156,GENDER_M,HYDROCODONE,OXYCODONE,SPCLTY_Physician Assistant,STATE_TN,,
1720396203,GENDER_F,HYDROCODONE,SPCLTY_General Surgery,STATE_OH,,,
1720399090,FENTANYL,GENDER_F,HYDROCODONE,OXYCODONE,SPCLTY_Family Practice,STATE_KS,TRAMADOL
1720413578,GENDER_F,HYDROCODONE,SPCLTY_Physician Assistant,STATE_PA,,,
1720425846,GENDER_M,OXYCODONE,SPCLTY_Student in an Organiz,STATE_DC,,,
1720427016,GENDER_M,SPCLTY_Family Practice,STATE_TX,TRAMADOL,,,
1730100710,GENDER_M,HYDROCODONE,SPCLTY_Dentist,STATE_UT,,,
1730101023,GENDER_M,HYDROCODONE,SPCLTY_Dermatology,STATE_NV,,,
1730101148,GENDER_M,HYDROCODONE,SPCLTY_Neurosurgery,STATE_ID,,,
1730102153,GENDER_M,HYDROCODONE,OXYCODONE,SPCLTY_Internal Medicine,STATE_CA,TRAMADOL,
1730103862,GENDER_M,HYDROCODONE,OXYCODONE,SPCLTY_Orthopedic Surgery,STATE_CT,TRAMADOL,
1730104506,GENDER_M,SPCLTY_Dentist,STATE_CO,TRAMADOL,,,
1730105180,GENDER_F,HYDROCODONE,OXYCODONE,SPCLTY_Maxillofacial Surgery,STATE_MN,,
1730106329,GENDER_M,HYDROCODONE,OXYCODONE,SPCLTY_Family Practice,STATE_ND,TRAMADOL,
1730108028,GENDER_F,OXYCODONE,SPCLTY_Internal Medicine,STATE_NY,,,
1730108788,GENDER_M,OXYCODONE,SPCLTY_Family Practice,STATE_MD,TRAMADOL,,
1730109547,FENTANYL,GENDER_M,HYDROCODONE,OXYCODONE,SPCLTY_Physician Assistant,STATE_SD,TRAMADOL
1730109620,GENDER_M,HYDROCODONE,SPCLTY_Internal Medicine,STATE_CA,,,
1730111576,GENDER_F,HYDROCODONE,OXYCODONE,SPCLTY_Infectious Disease,STATE_IL,TRAMADOL,
1730114893,GENDER_F,HYDROCODONE,OXYCODONE,SPCLTY_Internal Medicine,STATE_MA,TRAMADOL,
1730115932,GENDER_M,HYDROCODONE,OXYCODONE,SPCLTY_Orthopedic Surgery,STATE_WI,TRAMADOL,
1730116385,GENDER_M,HYDROCODONE,SPCLTY_Emergency Medicine,STATE_CA,,,
1730117268,GENDER_M,HYDROCODONE,OXYCODONE,SPCLTY_General Surgery,STATE_OH,,
1730117508,GENDER_M,OXYCODONE,SPCLTY_Internal Medicine,STATE_FL,,,
1730124975,GENDER_F,HYDROCODONE,SPCLTY_Family Practice,STATE_CO,,,
1730125295,GENDER_F,SPCLTY_Family Practice,STATE_VA,TRAMADOL,,,
1730125527,FENTANYL,GENDER_M,HYDROCODONE,OXYCODONE,SPCLTY_Family Practice,STATE_AL,TRAMADOL
1730125931,FENTANYL,GENDER_M,HYDROCODONE,OXYCODONE,SPCLTY_Internal Medicine,STATE_OH,TRAMADOL
1730127382,GENDER_M,HYDROCODONE,OXYCODONE,SPCLTY_Neurosurgery,STATE_CT,TRAMADOL,
1730128091,GENDER_M,HYDROCODONE,OXYCODONE,SPCLTY_Family Practice,STATE_AZ,TRAMADOL,
1730131210,GENDER_M,HYDROCODONE,OXYCODONE,SPCLTY_Gynecological/Oncolog,STATE_AL,,
1730132010,GENDER_F,HYDROCODONE,SPCLTY_Physician Assistant,STATE_IA,TRAMADOL,,
1730135591,GENDER_M,SPCLTY_General Practice,STATE_PR,TRAMADOL,,,
1730137829,GENDER_M,HYDROCODONE,OXYCODONE,SPCLTY_Emergency Medicine,STATE_MN,,
1730139015,GENDER_M,HYDROCODONE,SPCLTY_Physician Assistant,STATE_OK,,,
1730140104,GENDER_M,HYDROCODONE,OXYCODONE,SPCLTY_Physician Assistant,STATE_NH,,
1730140922,FENTANYL,GENDER_M,HYDROCODONE,SPCLTY_Hematology/Oncology,STATE_IL,TRAMADOL,
1730142555,FENTANYL,GENDER_F,HYDROCODONE,SPCLTY_Nurse Practitioner,STATE_IN,,
1730144858,GENDER_F,OXYCODONE,SPCLTY_Obstetrics/Gynecology,STATE_AZ,,,
1730148149,GENDER_M,SPCLTY_Internal Medicine,STATE_MA,TRAMADOL,,,
1730149790,FENTANYL,GENDER_F,HYDROCODONE,OXYCODONE,SPCLTY_Family Practice,STATE_TN,TRAMADOL
1730149907,GENDER_M,HYDROCODONE,OXYCODONE,SPCLTY_Podiatry,STATE_MI,,
1730150764,FENTANYL,GENDER_F,SPCLTY_Medical Oncology,STATE_NY,,,
1730150996,GENDER_F,OXYCODONE,SPCLTY_Internal Medicine,STATE_NJ,TRAMADOL,,
1730153552,GENDER_M,HYDROCODONE,OXYCODONE,SPCLTY_Family Practice,STATE_FL,TRAMADOL,
1730157488,GENDER_F,HYDROCODONE,OXYCODONE,SPCLTY_Anesthesiology,STATE_GA,,
1730157850,FENTANYL,GENDER_M,HYDROCODONE,OXYCODONE,SPCLTY_Anesthesiology,STATE_CA,TRAMADOL
1730158858,GENDER_M,HYDROCODONE,SPCLTY_Otolaryngology,STATE_NC,,,
1730161043,GENDER_M,HYDROCODONE,SPCLTY_Physician Assistant,STATE_AZ,TRAMADOL,,
1730163593,GENDER_M,HYDROCODONE,SPCLTY_Nurse Practitioner,STATE_TX,,,
1730164831,GENDER_M,HYDROCODONE,SPCLTY_Physician Assistant,STATE_TX,,,
1730165010,GENDER_F,HYDROCODONE,OXYCODONE,SPCLTY_Nurse Practitioner,STATE_MA,TRAMADOL,
1730166737,GENDER_M,OXYCODONE,SPCLTY_Emergency Medicine,STATE_AZ,,,
1730167230,GENDER_F,OXYCODONE,SPCLTY_Critical Care (Intens,STATE_KY,,,
1730167339,GENDER_M,HYDROCODONE,SPCLTY_Internal Medicine,STATE_IL,TRAMADOL,,
1730169640,GENDER_M,HYDROCODONE,SPCLTY_Internal Medicine,STATE_IL,,,
1730171968,FENTANYL,GENDER_M,HYDROCODONE,OXYCODONE,SPCLTY_Medical Oncology,STATE_PA,TRAMADOL
1730174541,GENDER_F,HYDROCODONE,OXYCODONE,SPCLTY_Internal Medicine,STATE_IN,TRAMADOL,
1730176702,GENDER_M,HYDROCODONE,OXYCODONE,SPCLTY_Urology,STATE_OR,,
1730178179,GENDER_M,HYDROCODONE,OXYCODONE,SPCLTY_Nephrology,STATE_MS,TRAMADOL,
1730178419,FENTANYL,GENDER_M,HYDROCODONE,OXYCODONE,SPCLTY_Neurology,STATE_SC,TRAMADOL
1730183500,GENDER_M,HYDROCODONE,OXYCODONE,SPCLTY_Orthopedic Surgery,STATE_FL,TRAMADOL,
1730185992,GENDER_M,SPCLTY_Obstetrics/Gynecology,STATE_CA,TRAMADOL,,,
1730186404,GENDER_M,HYDROCODONE,OXYCODONE,SPCLTY_Otolaryngology,STATE_PA,,
1730189036,GENDER_F,HYDROCODONE,SPCLTY_Nurse Practitioner,STATE_ID,TRAMADOL,,
1730189648,GENDER_M,HYDROCODONE,SPCLTY_Dentist,STATE_CO,,,
1730190786,FENTANYL,GENDER_M,HYDROCODONE,SPCLTY_Interventional Pain M,STATE_CA,,
1730193368,GENDER_M,HYDROCODONE,SPCLTY_Family Practice,STATE_FL,TRAMADOL,,
1730197476,FENTANYL,GENDER_M,HYDROCODONE,OXYCODONE,SPCLTY_Family Practice,STATE_IA,TRAMADOL
1730197773,GENDER_F,HYDROCODONE,OXYCODONE,SPCLTY_Physician Assistant,STATE_NY,TRAMADOL,
1730198854,GENDER_M,HYDROCODONE,OXYCODONE,SPCLTY_Internal Medicine,STATE_NJ,TRAMADOL,
1730198896,GENDER_M,SPCLTY_Emergency Medicine,STATE_MN,TRAMADOL,,,
1730199480,FENTANYL,GENDER_M,HYDROCODONE,OXYCODONE,SPCLTY_Medical Oncology,STATE_NC,
1730200791,GENDER_F,HYDROCODONE,SPCLTY_Family Practice,STATE_IL,,,
1730203712,GENDER_F,HYDROCODONE,SPCLTY_Oral Surgery (dentist,STATE_CA,,,
1730209552,GENDER_F,OXYCODONE,SPCLTY_Dentist,STATE_CO,,,
1730219122,FENTANYL,GENDER_M,HYDROCODONE,OXYCODONE,SPCLTY_Medical Oncology,STATE_NY,
1730229634,GENDER_M,HYDROCODONE,OXYCODONE,SPCLTY_Emergency Medicine,STATE_NC,,
1730234675,GENDER_M,SPCLTY_Urology,STATE_CA,TRAMADOL,,,
1730241928,FENTANYL,GENDER_M,HYDROCODONE,OXYCODONE,SPCLTY_Internal Medicine,STATE_VA,TRAMADOL
1730244880,GENDER_F,HYDROCODONE,OXYCODONE,SPCLTY_Physician Assistant,STATE_AZ,,
1730247149,GENDER_M,HYDROCODONE,OXYCODONE,SPCLTY_Physical Medicine and,STATE_CO,TRAMADOL,
1730252610,GENDER_M,HYDROCODONE,OXYCODONE,SPCLTY_Family Practice,STATE_CA,TRAMADOL,
1730254046,GENDER_M,HYDROCODONE,SPCLTY_Oral Surgery (dentist,STATE_NJ,,,
1730255019,GENDER_F,SPCLTY_Nurse Practitioner,STATE_MA,TRAMADOL,,,
1730257346,GENDER_M,HYDROCODONE,OXYCODONE,SPCLTY_Dentist,STATE_CO,,
1730261975,GENDER_F,HYDROCODONE,OXYCODONE,SPCLTY_Infectious Disease,STATE_DC,,
1730264318,GENDER_M,HYDROCODONE,SPCLTY_Dentist,STATE_AZ,,,
1730267410,GENDER_M,HYDROCODONE,OXYCODONE,SPCLTY_Internal Medicine,STATE_CA,TRAMADOL,
1730269267,GENDER_M,HYDROCODONE,SPCLTY_Dentist,STATE_WV,,,
1730269473,GENDER_M,HYDROCODONE,OXYCODONE,SPCLTY_Orthopedic Surgery,STATE_GA,TRAMADOL,
1730270802,GENDER_F,HYDROCODONE,SPCLTY_Physician Assistant,STATE_MI,,,
1730276742,GENDER_M,HYDROCODONE,SPCLTY_Urology,STATE_IL,,,
1730281031,FENTANYL,GENDER_F,HYDROCODONE,SPCLTY_Nurse Practitioner,STATE_IA,TRAMADOL,
1730281254,GENDER_M,HYDROCODONE,OXYCODONE,SPCLTY_Orthopedic Surgery,STATE_CA,,
1730282666,FENTANYL,GENDER_M,HYDROCODONE,OXYCODONE,SPCLTY_Family Practice,STATE_MD,TRAMADOL
1730288424,GENDER_M,HYDROCODONE,SPCLTY_Family Practice,STATE_GA,TRAMADOL,,
1730288671,GENDER_M,HYDROCODONE,SPCLTY_Oral Surgery (dentist,STATE_CA,,,
1730297573,GENDER_M,HYDROCODONE,SPCLTY_Podiatry,STATE_WA,,,
1730297888,GENDER_M,HYDROCODONE,SPCLTY_Dentist,STATE_CA,,,
1730298886,FENTANYL,GENDER_M,HYDROCODONE,SPCLTY_Internal Medicine,STATE_IL,TRAMADOL,
1730302217,GENDER_M,HYDROCODONE,OXYCODONE,SPCLTY_Physical Medicine and,STATE_MN,TRAMADOL,
1730312992,GENDER_F,HYDROCODONE,SPCLTY_Physician Assistant,STATE_VA,,,
1730313461,GENDER_F,SPCLTY_Orthopedic Surgery,STATE_CT,TRAMADOL,,,
1730313990,GENDER_F,HYDROCODONE,SPCLTY_Physician Assistant,STATE_OH,TRAMADOL,,
1730316456,GENDER_M,OXYCODONE,SPCLTY_General Surgery,STATE_MO,,,
1730318908,GENDER_M,OXYCODONE,SPCLTY_Physician Assistant,STATE_NV,,,
1730338393,GENDER_M,HYDROCODONE,SPCLTY_Nurse Practitioner,STATE_MI,TRAMADOL,,
1730342668,GENDER_M,HYDROCODONE,SPCLTY_Physical Medicine and,STATE_MI,TRAMADOL,,
1730343260,FENTANYL,GENDER_M,HYDROCODONE,OXYCODONE,SPCLTY_Family Practice,STATE_CO,
1730350323,GENDER_M,SPCLTY_Physician Assistant,STATE_AL,TRAMADOL,,,
1730361510,FENTANYL,GENDER_F,OXYCODONE,SPCLTY_Nurse Practitioner,STATE_MD,,
1730361544,FENTANYL,GENDER_M,HYDROCODONE,OXYCODONE,SPCLTY_Geriatric Medicine,STATE_CA,TRAMADOL
1730361726,GENDER_M,HYDROCODONE,OXYCODONE,SPCLTY_Internal Medicine,STATE_NY,TRAMADOL,
1730365669,GENDER_F,HYDROCODONE,OXYCODONE,SPCLTY_Emergency Medicine,STATE_GA,,
1730370396,GENDER_M,HYDROCODONE,OXYCODONE,SPCLTY_Dentist,STATE_AZ,TRAMADOL,
1730389800,GENDER_M,HYDROCODONE,SPCLTY_Internal Medicine,STATE_CA,TRAMADOL,,
1730391665,GENDER_F,HYDROCODONE,OXYCODONE,SPCLTY_Physician Assistant,STATE_WA,,
1730396904,GENDER_M,HYDROCODONE,OXYCODONE,SPCLTY_Orthopedic Surgery,STATE_VA,,
1730398165,GENDER_M,HYDROCODONE,SPCLTY_General Surgery,STATE_OH,,,
1730399270,GENDER_M,HYDROCODONE,SPCLTY_Dermatology,STATE_WA,,,
1730400060,GENDER_F,HYDROCODONE,SPCLTY_Family Practice,STATE_FL,TRAMADOL,,
1730400540,GENDER_M,HYDROCODONE,OXYCODONE,SPCLTY_Emergency Medicine,STATE_FL,TRAMADOL,
1730404773,GENDER_M,HYDROCODONE,OXYCODONE,SPCLTY_Emergency Medicine,STATE_NV,,
1730422106,GENDER_M,HYDROCODONE,SPCLTY_Dentist,STATE_NM,,,
1730426065,GENDER_F,HYDROCODONE,SPCLTY_Nurse Practitioner,STATE_MA,,,
1730431917,GENDER_F,HYDROCODONE,SPCLTY_Nurse Practitioner,STATE_MI,TRAMADOL,,
1730435975,GENDER_F,SPCLTY_Family Practice,STATE_OH,TRAMADOL,,,
1730437930,FENTANYL,GENDER_F,HYDROCODONE,OXYCODONE,SPCLTY_Nurse Practitioner,STATE_IN,TRAMADOL
1730441841,GENDER_M,OXYCODONE,SPCLTY_Urology,STATE_FL,,,
1730447350,GENDER_F,HYDROCODONE,SPCLTY_Internal Medicine,STATE_OR,,,
1730447756,GENDER_M,SPCLTY_Internal Medicine,STATE_TX,TRAMADOL,,,
1730449380,GENDER_F,SPCLTY_Internal Medicine,STATE_NE,TRAMADOL,,,
1730454240,GENDER_F,SPCLTY_Nurse Practitioner,STATE_TX,TRAMADOL,,,
1730460064,GENDER_F,HYDROCODONE,OXYCODONE,SPCLTY_Nurse Practitioner,STATE_NC,TRAMADOL,
1730460874,GENDER_F,HYDROCODONE,OXYCODONE,SPCLTY_Nurse Practitioner,STATE_VA,TRAMADOL,
1730463324,GENDER_M,HYDROCODONE,SPCLTY_Internal Medicine,STATE_TX,,,
1730467051,GENDER_F,HYDROCODONE,SPCLTY_Physician Assistant,STATE_CA,TRAMADOL,,
1730469081,GENDER_F,OXYCODONE,SPCLTY_Nurse Practitioner,STATE_NJ,,,
1730476078,GENDER_M,HYDROCODONE,SPCLTY_Dentist,STATE_MS,,,
1730476144,GENDER_M,HYDROCODONE,SPCLTY_Otolaryngology,STATE_MS,,,
1730476995,GENDER_F,SPCLTY_Internal Medicine,STATE_PA,TRAMADOL,,,
1730490111,GENDER_M,HYDROCODONE,SPCLTY_Family Practice,STATE_IL,TRAMADOL,,
1730492935,GENDER_F,HYDROCODONE,OXYCODONE,SPCLTY_Physician Assistant,STATE_CA,TRAMADOL,
1730493685,GENDER_M,HYDROCODONE,OXYCODONE,SPCLTY_Dentist,STATE_AZ,,
1730495599,GENDER_F,HYDROCODONE,OXYCODONE,SPCLTY_Physician Assistant,STATE_OR,,
1730499336,GENDER_M,HYDROCODONE,SPCLTY_Osteopathic Manipulat,STATE_CA,,,
1730519091,GENDER_F,HYDROCODONE,SPCLTY_Physician Assistant,STATE_MD,TRAMADOL,,
1730526229,GENDER_M,HYDROCODONE,SPCLTY_Dentist,STATE_IL,,,
1730527524,GENDER_M,HYDROCODONE,SPCLTY_Dentist,STATE_MO,,,
1740201680,GENDER_M,SPCLTY_Infectious Disease,STATE_SC,TRAMADOL,,,
1740203884,GENDER_F,SPCLTY_Family Practice,STATE_NY,TRAMADOL,,,
1740204395,GENDER_M,SPCLTY_Internal Medicine,STATE_TX,TRAMADOL,,,
1740204791,GENDER_M,HYDROCODONE,OXYCODONE,SPCLTY_Family Practice,STATE_GA,TRAMADOL,
1740209196,GENDER_M,HYDROCODONE,SPCLTY_Orthopedic Surgery,STATE_OH,,,
1740210251,GENDER_M,HYDROCODONE,OXYCODONE,SPCLTY_General Surgery,STATE_WV,,
1740211101,FENTANYL,GENDER_M,HYDROCODONE,OXYCODONE,SPCLTY_Internal Medicine,STATE_UT,TRAMADOL
1740211838,GENDER_M,HYDROCODONE,SPCLTY_Surgical Oncology,STATE_CA,TRAMADOL,,
1740218023,GENDER_M,OXYCODONE,SPCLTY_Emergency Medicine,STATE_NY,,,
1740218080,GENDER_F,HYDROCODONE,OXYCODONE,SPCLTY_Family Practice,STATE_WA,,
1740218882,GENDER_F,OXYCODONE,SPCLTY_Emergency Medicine,STATE_NY,,,
1740218890,FENTANYL,GENDER_F,OXYCODONE,SPCLTY_Physical Medicine and,STATE_FL,TRAMADOL,
1740221589,GENDER_M,HYDROCODONE,OXYCODONE,SPCLTY_Emergency Medicine,STATE_OH,TRAMADOL,
1740221811,GENDER_M,OXYCODONE,SPCLTY_Cardiology,STATE_FL,,,
1740223221,GENDER_F,HYDROCODONE,SPCLTY_Nurse Practitioner,STATE_MI,,,
1740225770,GENDER_M,HYDROCODONE,SPCLTY_Family Practice,STATE_WV,,,
1740227610,GENDER_F,OXYCODONE,SPCLTY_Internal Medicine,STATE_OH,,,
1740229285,FENTANYL,GENDER_F,HYDROCODONE,OXYCODONE,SPCLTY_Physician Assistant,STATE_PA,TRAMADOL
1740229921,GENDER_M,HYDROCODONE,SPCLTY_Orthopaedic Surgery,STATE_MO,,,
1740231463,GENDER_M,HYDROCODONE,OXYCODONE,SPCLTY_Orthopedic Surgery,STATE_VA,TRAMADOL,
1740231968,GENDER_M,HYDROCODONE,OXYCODONE,SPCLTY_Internal Medicine,STATE_FL,TRAMADOL,
1740232099,GENDER_F,SPCLTY_Internal Medicine,STATE_NC,TRAMADOL,,,
1740234251,GENDER_M,HYDROCODONE,SPCLTY_Emergency Medicine,STATE_CT,,,
1740235704,GENDER_F,HYDROCODONE,SPCLTY_Internal Medicine,STATE_CA,,,
1740236579,GENDER_M,HYDROCODONE,SPCLTY_Obstetrics/Gynecology,STATE_PA,,,
1740236850,GENDER_M,HYDROCODONE,OXYCODONE,SPCLTY_Emergency Medicine,STATE_AL,TRAMADOL,
1740238211,GENDER_M,HYDROCODONE,SPCLTY_Internal Medicine,STATE_MS,TRAMADOL,,
1740238310,GENDER_M,HYDROCODONE,OXYCODONE,SPCLTY_Physician Assistant,STATE_WA,,
1740239581,GENDER_M,SPCLTY_Internal Medicine,STATE_MO,TRAMADOL,,,
1740240639,GENDER_M,HYDROCODONE,SPCLTY_General Practice,STATE_TX,,,
1740240902,FENTANYL,GENDER_M,HYDROCODONE,OXYCODONE,SPCLTY_Family Practice,STATE_TN,TRAMADOL
1740242023,GENDER_F,HYDROCODONE,SPCLTY_Family Practice,STATE_GA,TRAMADOL,,
1740242908,GENDER_F,HYDROCODONE,SPCLTY_Nurse Practitioner,STATE_NH,,,
1740243369,FENTANYL,GENDER_M,HYDROCODONE,OXYCODONE,SPCLTY_Family Practice,STATE_MI,TRAMADOL
1740243575,GENDER_F,SPCLTY_Osteopathic Manipulat,STATE_MD,TRAMADOL,,,
1740247675,GENDER_M,HYDROCODONE,OXYCODONE,SPCLTY_Family Practice,STATE_AZ,TRAMADOL,
1740248780,FENTANYL,GENDER_M,HYDROCODONE,OXYCODONE,SPCLTY_Internal Medicine,STATE_SC,TRAMADOL
1740249861,GENDER_M,HYDROCODONE,OXYCODONE,SPCLTY_Family Practice,STATE_ME,TRAMADOL,
1740250067,GENDER_F,HYDROCODONE,OXYCODONE,SPCLTY_Family Practice,STATE_AZ,TRAMADOL,
1740254374,FENTANYL,GENDER_M,HYDROCODONE,OXYCODONE,SPCLTY_Internal Medicine,STATE_MO,TRAMADOL
1740254986,GENDER_M,HYDROCODONE,SPCLTY_Pulmonary Disease,STATE_SD,TRAMADOL,,
1740255439,GENDER_M,HYDROCODONE,SPCLTY_Physician Assistant,STATE_NE,,,
1740256973,FENTANYL,GENDER_M,HYDROCODONE,OXYCODONE,SPCLTY_Family Practice,STATE_PA,TRAMADOL
1740258185,GENDER_M,OXYCODONE,SPCLTY_Obstetrics/Gynecology,STATE_CO,,,
1740260199,FENTANYL,GENDER_M,HYDROCODONE,OXYCODONE,SPCLTY_General Practice,STATE_IN,TRAMADOL
1740261676,GENDER_M,OXYCODONE,SPCLTY_Orthopedic Surgery,STATE_CO,,,
1740262856,GENDER_F,HYDROCODONE,OXYCODONE,SPCLTY_Physician Assistant,STATE_WI,TRAMADOL,
1740263300,GENDER_F,OXYCODONE,SPCLTY_General Surgery,STATE_NJ,,,
1740265917,GENDER_M,HYDROCODONE,OXYCODONE,SPCLTY_Orthopedic Surgery,STATE_OH,TRAMADOL,
1740265925,GENDER_M,HYDROCODONE,SPCLTY_Family Practice,STATE_CT,TRAMADOL,,
1740266428,GENDER_M,HYDROCODONE,OXYCODONE,SPCLTY_Physician Assistant,STATE_NC,,
1740271162,GENDER_M,HYDROCODONE,SPCLTY_Orthopedic Surgery,STATE_MI,TRAMADOL,,
1740273085,GENDER_F,SPCLTY_Family Practice,STATE_FL,TRAMADOL,,,
1740273499,GENDER_M,HYDROCODONE,SPCLTY_Family Practice,STATE_IL,,,
1740274554,GENDER_M,HYDROCODONE,SPCLTY_Internal Medicine,STATE_OR,TRAMADOL,,
1740274836,GENDER_M,HYDROCODONE,SPCLTY_Orthopedic Surgery,STATE_VA,,,
1740276419,GENDER_F,HYDROCODONE,SPCLTY_Nurse Practitioner,STATE_CA,,,
1740276823,FENTANYL,GENDER_M,HYDROCODONE,OXYCODONE,SPCLTY_Hematology/Oncology,STATE_OH,TRAMADOL
1740277375,GENDER_M,SPCLTY_Family Practice,STATE_AR,TRAMADOL,,,
1740279702,GENDER_M,SPCLTY_Vascular Surgery,STATE_PR,TRAMADOL,,,
1740280148,GENDER_M,HYDROCODONE,SPCLTY_Orthopaedic Surgery,STATE_NJ,TRAMADOL,,
1740280502,GENDER_M,HYDROCODONE,OXYCODONE,SPCLTY_Internal Medicine,STATE_IL,TRAMADOL,
1740280791,GENDER_F,SPCLTY_Internal Medicine,STATE_GA,TRAMADOL,,,
1740284405,FENTANYL,GENDER_F,HYDROCODONE,OXYCODONE,SPCLTY_Family Practice,STATE_AZ,TRAMADOL
1740284728,GENDER_F,HYDROCODONE,SPCLTY_Nurse Practitioner,STATE_TN,,,
1740285170,GENDER_M,HYDROCODONE,OXYCODONE,SPCLTY_Orthopedic Surgery,STATE_OR,TRAMADOL,
1740285287,GENDER_F,HYDROCODONE,SPCLTY_General Practice,STATE_FL,,,
1740286921,GENDER_M,OXYCODONE,SPCLTY_Urology,STATE_KY,,,
1740286954,FENTANYL,GENDER_M,HYDROCODONE,OXYCODONE,SPCLTY_Internal Medicine,STATE_PA,TRAMADOL
1740287523,GENDER_F,SPCLTY_Nurse Practitioner,STATE_FL,TRAMADOL,,,
1740287762,GENDER_F,SPCLTY_Cardiology,STATE_PR,TRAMADOL,,,
1740288984,GENDER_F,HYDROCODONE,OXYCODONE,SPCLTY_Internal Medicine,STATE_MI,TRAMADOL,
1740289222,GENDER_M,HYDROCODONE,OXYCODONE,SPCLTY_Orthopedic Surgery,STATE_AK,,
1740292036,GENDER_M,HYDROCODONE,OXYCODONE,SPCLTY_Internal Medicine,STATE_CA,TRAMADOL,
1740293646,GENDER_M,HYDROCODONE,SPCLTY_Physician Assistant,STATE_CA,,,
1740294016,GENDER_M,HYDROCODONE,OXYCODONE,SPCLTY_Family Practice,STATE_MN,TRAMADOL,
1740298322,GENDER_M,OXYCODONE,SPCLTY_Internal Medicine,STATE_CT,TRAMADOL,,
1740315159,GENDER_M,HYDROCODONE,OXYCODONE,SPCLTY_Family Practice,STATE_OH,TRAMADOL,
1740336692,GENDER_F,HYDROCODONE,SPCLTY_Physician Assistant,STATE_CO,TRAMADOL,,
1740338276,GENDER_M,HYDROCODONE,SPCLTY_Dentist,STATE_CA,,,
1740338557,GENDER_M,HYDROCODONE,SPCLTY_General Surgery,STATE_CA,,,
1740340942,GENDER_M,OXYCODONE,SPCLTY_Internal Medicine,STATE_NY,TRAMADOL,,
1740343565,FENTANYL,GENDER_M,HYDROCODONE,OXYCODONE,SPCLTY_Family Practice,STATE_CA,TRAMADOL
1740350727,GENDER_M,OXYCODONE,SPCLTY_Emergency Medicine,STATE_WA,TRAMADOL,,
1740356237,GENDER_M,HYDROCODONE,SPCLTY_Physician Assistant,STATE_CA,TRAMADOL,,
1740356310,GENDER_M,HYDROCODONE,SPCLTY_Plastic Surgery,STATE_IL,,,
1740356542,GENDER_M,HYDROCODONE,SPCLTY_Dentist,STATE_NC,,,
1740358282,GENDER_M,HYDROCODONE,OXYCODONE,SPCLTY_Internal Medicine,STATE_MO,TRAMADOL,
1740359629,GENDER_F,HYDROCODONE,OXYCODONE,SPCLTY_Internal Medicine,STATE_GA,TRAMADOL,
1740360197,GENDER_F,HYDROCODONE,SPCLTY_Family Practice,STATE_WA,,,
1740362243,GENDER_M,HYDROCODONE,SPCLTY_Maxillofacial Surgery,STATE_WV,,,
1740364983,GENDER_M,HYDROCODONE,OXYCODONE,SPCLTY_Internal Medicine,STATE_MA,TRAMADOL,
1740366095,GENDER_M,HYDROCODONE,SPCLTY_Dentist,STATE_GA,,,
1740366491,GENDER_M,HYDROCODONE,OXYCODONE,SPCLTY_Internal Medicine,STATE_WA,,
1740368117,GENDER_M,HYDROCODONE,SPCLTY_Dentist,STATE_CA,,,
1740373315,GENDER_M,HYDROCODONE,SPCLTY_Family Practice,STATE_CA,TRAMADOL,,
1740379866,GENDER_M,HYDROCODONE,OXYCODONE,SPCLTY_Gastroenterology,STATE_GA,,
1740379916,GENDER_M,HYDROCODONE,OXYCODONE,SPCLTY_Vascular Surgery,STATE_SC,TRAMADOL,
1740380880,GENDER_M,HYDROCODONE,SPCLTY_Cardiology,STATE_CA,TRAMADOL,,
1740381524,FENTANYL,GENDER_F,HYDROCODONE,SPCLTY_Internal Medicine,STATE_NY,TRAMADOL,
1740383280,GENDER_M,OXYCODONE,SPCLTY_Oral Surgery (dentist,STATE_NY,,,
1740383306,GENDER_M,HYDROCODONE,SPCLTY_Dentist,STATE_NM,,,
1740384320,GENDER_M,HYDROCODONE,OXYCODONE,SPCLTY_Physician Assistant,STATE_TN,TRAMADOL,
1740385533,GENDER_M,HYDROCODONE,OXYCODONE,SPCLTY_Internal Medicine,STATE_OK,TRAMADOL,
1740388958,GENDER_M,HYDROCODONE,SPCLTY_Dentist,STATE_NC,,,
1740390574,GENDER_F,HYDROCODONE,SPCLTY_Emergency Medicine,STATE_NY,,,
1740391234,GENDER_M,HYDROCODONE,OXYCODONE,SPCLTY_Otolaryngology,STATE_KY,,
1740391663,GENDER_M,HYDROCODONE,SPCLTY_Internal Medicine,STATE_NH,TRAMADOL,,
1740395219,GENDER_F,HYDROCODONE,OXYCODONE,SPCLTY_Registered Nurse,STATE_NE,TRAMADOL,
1740395979,GENDER_M,HYDROCODONE,SPCLTY_Dentist,STATE_TX,,,
1740397009,GENDER_M,HYDROCODONE,SPCLTY_Dentist,STATE_CA,,,
1740397546,GENDER_F,HYDROCODONE,SPCLTY_Rheumatology,STATE_MI,TRAMADOL,,
1740404516,GENDER_M,HYDROCODONE,SPCLTY_Radiation Oncology,STATE_PA,,,
1740414861,GENDER_M,OXYCODONE,SPCLTY_Vascular Surgery,STATE_AR,,,
1740418284,GENDER_M,HYDROCODONE,OXYCODONE,SPCLTY_Family Practice,STATE_MO,TRAMADOL,
1740428101,GENDER_M,HYDROCODONE,SPCLTY_Physician Assistant,STATE_CA,,,
1740472885,GENDER_F,OXYCODONE,SPCLTY_Internal Medicine,STATE_NJ,TRAMADOL,,
1740479492,GENDER_M,HYDROCODONE,SPCLTY_Certified Clinical Nu,STATE_CA,,,
1740482421,GENDER_M,HYDROCODONE,SPCLTY_Dentist,STATE_OR,,,
1740486034,GENDER_F,HYDROCODONE,OXYCODONE,SPCLTY_Internal Medicine,STATE_ME,TRAMADOL,
1740487198,GENDER_M,HYDROCODONE,SPCLTY_Family Practice,STATE_MI,TRAMADOL,,
1740487370,GENDER_F,HYDROCODONE,SPCLTY_Nurse Practitioner,STATE_NY,,,
1740488998,GENDER_M,HYDROCODONE,OXYCODONE,SPCLTY_Internal Medicine,STATE_CA,TRAMADOL,
1740491026,GENDER_M,HYDROCODONE,SPCLTY_General Surgery,STATE_MI,,,
1740500750,FENTANYL,GENDER_F,OXYCODONE,SPCLTY_Nurse Practitioner,STATE_MD,TRAMADOL,
1740507151,GENDER_F,HYDROCODONE,OXYCODONE,SPCLTY_Family Practice,STATE_NC,TRAMADOL,
1740514082,GENDER_F,HYDROCODONE,SPCLTY_Physician Assistant,STATE_CA,,,
1740520436,GENDER_F,SPCLTY_Physician Assistant,STATE_TX,TRAMADOL,,,
1740529072,GENDER_F,OXYCODONE,SPCLTY_Physician Assistant,STATE_NJ,,,
1740545755,GENDER_F,OXYCODONE,SPCLTY_Physician Assistant,STATE_MN,,,
1740546829,GENDER_F,SPCLTY_Family Practice,STATE_WI,TRAMADOL,,,
1740553338,GENDER_M,OXYCODONE,SPCLTY_Dentist,STATE_CO,,,
1740570142,GENDER_M,HYDROCODONE,OXYCODONE,SPCLTY_Family Practice,STATE_PA,TRAMADOL,
1740574730,GENDER_F,OXYCODONE,SPCLTY_Student in an Organiz,STATE_NC,,,
1740590231,GENDER_M,HYDROCODONE,SPCLTY_Family Practice,STATE_IL,TRAMADOL,,
1740593482,GENDER_M,HYDROCODONE,SPCLTY_Family Practice,STATE_PA,TRAMADOL,,
1740593565,GENDER_F,HYDROCODONE,SPCLTY_Podiatry,STATE_MN,,,
1740594456,GENDER_F,HYDROCODONE,SPCLTY_Dentist,STATE_AR,,,
1740595354,GENDER_F,OXYCODONE,SPCLTY_Physician Assistant,STATE_AZ,,,
1740618156,FENTANYL,GENDER_F,OXYCODONE,SPCLTY_Nurse Practitioner,STATE_NJ,TRAMADOL,
1740627736,GENDER_M,HYDROCODONE,SPCLTY_Orthopaedic Surgery,STATE_TX,,,
1750300356,GENDER_M,HYDROCODONE,OXYCODONE,SPCLTY_Urology,STATE_TN,,
1750300661,FENTANYL,GENDER_F,HYDROCODONE,OXYCODONE,SPCLTY_Internal Medicine,STATE_CA,TRAMADOL
1750303962,GENDER_M,OXYCODONE,SPCLTY_Orthopedic Surgery,STATE_VA,TRAMADOL,,
1750309951,GENDER_M,HYDROCODONE,SPCLTY_Physician Assistant,STATE_RI,,,
1750311833,GENDER_M,HYDROCODONE,SPCLTY_Osteopathic Manipulat,STATE_OR,,,
1750313151,GENDER_M,HYDROCODONE,SPCLTY_Nephrology,STATE_WA,,,
1750313508,GENDER_M,HYDROCODONE,SPCLTY_Otolaryngology,STATE_CA,,,
1750313821,GENDER_M,HYDROCODONE,OXYCODONE,SPCLTY_Emergency Medicine,STATE_CA,,
1750314019,GENDER_M,HYDROCODONE,SPCLTY_Internal Medicine,STATE_CA,TRAMADOL,,
1750314217,GENDER_M,HYDROCODONE,SPCLTY_Internal Medicine,STATE_TX,TRAMADOL,,
1750316329,GENDER_M,HYDROCODONE,SPCLTY_Family Practice,STATE_CA,,,
1750316444,GENDER_M,HYDROCODONE,SPCLTY_Cardiac Surgery,STATE_KY,,,
1750317889,GENDER_M,OXYCODONE,SPCLTY_Family Practice,STATE_NJ,TRAMADOL,,
1750323028,FENTANYL,GENDER_M,HYDROCODONE,OXYCODONE,SPCLTY_Physical Medicine and,STATE_MO,TRAMADOL
1750325213,GENDER_M,HYDROCODONE,OXYCODONE,SPCLTY_Family Practice,STATE_NC,TRAMADOL,
1750325361,GENDER_M,HYDROCODONE,SPCLTY_Oral Surgery (dentist,STATE_VA,,,
1750328043,FENTANYL,GENDER_M,HYDROCODONE,OXYCODONE,SPCLTY_Family Practice,STATE_IN,TRAMADOL
1750328308,GENDER_M,OXYCODONE,SPCLTY_Internal Medicine,STATE_MD,TRAMADOL,,
1750329298,GENDER_F,HYDROCODONE,SPCLTY_General Practice,STATE_CA,TRAMADOL,,
1750330536,GENDER_M,HYDROCODONE,SPCLTY_Family Practice,STATE_GA,TRAMADOL,,
1750331575,FENTANYL,GENDER_F,HYDROCODONE,OXYCODONE,SPCLTY_Internal Medicine,STATE_KY,TRAMADOL
1750332284,GENDER_M,HYDROCODONE,SPCLTY_Pathology,STATE_IA,,,
1750333431,FENTANYL,GENDER_M,HYDROCODONE,OXYCODONE,SPCLTY_Nurse Practitioner,STATE_WA,
1750337440,GENDER_M,HYDROCODONE,SPCLTY_Emergency Medicine,STATE_KY,,,
1750337929,GENDER_F,HYDROCODONE,SPCLTY_Neurology,STATE_NC,TRAMADOL,,
1750340790,GENDER_M,OXYCODONE,SPCLTY_Internal Medicine,STATE_NY,,,
1750341236,FENTANYL,GENDER_M,HYDROCODONE,OXYCODONE,SPCLTY_Internal Medicine,STATE_FL,TRAMADOL
1750342572,FENTANYL,GENDER_M,HYDROCODONE,SPCLTY_Neurology,STATE_CA,,
1750346201,GENDER_M,HYDROCODONE,SPCLTY_Orthopedic Surgery,STATE_NC,TRAMADOL,,
1750346839,GENDER_F,HYDROCODONE,OXYCODONE,SPCLTY_Family Practice,STATE_VT,TRAMADOL,
1750347282,FENTANYL,GENDER_M,HYDROCODONE,OXYCODONE,SPCLTY_Internal Medicine,STATE_MD,TRAMADOL
1750347498,GENDER_M,HYDROCODONE,SPCLTY_Maxillofacial Surgery,STATE_LA,,,
1750351961,GENDER_F,HYDROCODONE,SPCLTY_Physician Assistant,STATE_LA,TRAMADOL,,
1750352316,GENDER_M,HYDROCODONE,OXYCODONE,SPCLTY_Otolaryngology,STATE_VA,,
1750354809,GENDER_M,HYDROCODONE,SPCLTY_Orthopedic Surgery,STATE_FL,,,
1750355889,GENDER_M,HYDROCODONE,SPCLTY_Emergency Medicine,STATE_GA,,,
1750356770,GENDER_M,SPCLTY_Family Practice,STATE_VA,TRAMADOL,,,
1750357232,GENDER_M,HYDROCODONE,OXYCODONE,SPCLTY_Family Practice,STATE_MI,TRAMADOL,
1750357307,GENDER_M,OXYCODONE,SPCLTY_Anesthesiology,STATE_NH,TRAMADOL,,
1750361549,GENDER_M,HYDROCODONE,SPCLTY_Cardiology,STATE_MI,TRAMADOL,,
1750362208,GENDER_F,HYDROCODONE,OXYCODONE,SPCLTY_Physician Assistant,STATE_WI,,
1750362513,FENTANYL,GENDER_F,HYDROCODONE,OXYCODONE,SPCLTY_Family Practice,STATE_AZ,TRAMADOL
1750362794,FENTANYL,GENDER_M,HYDROCODONE,OXYCODONE,SPCLTY_Family Practice,STATE_MN,TRAMADOL
1750364121,FENTANYL,GENDER_M,HYDROCODONE,OXYCODONE,SPCLTY_Physical Medicine and,STATE_LA,TRAMADOL
1750365177,GENDER_M,SPCLTY_Family Practice,STATE_NY,TRAMADOL,,,
1750366126,GENDER_M,HYDROCODONE,SPCLTY_Plastic and Reconstru,STATE_FL,,,
1750369229,GENDER_M,HYDROCODONE,OXYCODONE,SPCLTY_Emergency Medicine,STATE_OH,,
1750369518,GENDER_M,HYDROCODONE,SPCLTY_Internal Medicine,STATE_SC,TRAMADOL,,
1750370508,GENDER_M,HYDROCODONE,SPCLTY_Physician Assistant,STATE_UT,TRAMADOL,,
1750371902,GENDER_F,HYDROCODONE,OXYCODONE,SPCLTY_Emergency Medicine,STATE_PA,TRAMADOL,
1750374260,GENDER_F,HYDROCODONE,SPCLTY_Nurse Practitioner,STATE_NV,TRAMADOL,,
1750375150,FENTANYL,GENDER_F,HYDROCODONE,SPCLTY_Family Practice,STATE_TX,TRAMADOL,
1750375234,GENDER_F,HYDROCODONE,OXYCODONE,SPCLTY_Family Practice,STATE_CA,,
1750375861,GENDER_F,HYDROCODONE,SPCLTY_Internal Medicine,STATE_KY,,,
1750376703,GENDER_M,HYDROCODONE,OXYCODONE,SPCLTY_Internal Medicine,STATE_TX,TRAMADOL,
1750380861,GENDER_M,HYDROCODONE,OXYCODONE,SPCLTY_Urology,STATE_OH,,
1750382297,GENDER_M,HYDROCODONE,OXYCODONE,SPCLTY_Family Practice,STATE_WV,TRAMADOL,
1750382578,GENDER_M,HYDROCODONE,OXYCODONE,SPCLTY_Emergency Medicine,STATE_KS,TRAMADOL,
1750384806,FENTANYL,GENDER_M,HYDROCODONE,SPCLTY_Internal Medicine,STATE_TX,TRAMADOL,
1750385456,GENDER_F,HYDROCODONE,SPCLTY_Physician Assistant,STATE_TX,,,
1750386140,GENDER_M,HYDROCODONE,SPCLTY_Nurse Practitioner,STATE_LA,TRAMADOL,,
1750387023,GENDER_M,HYDROCODONE,SPCLTY_Physician Assistant,STATE_NY,,,
1750387056,FENTANYL,GENDER_M,HYDROCODONE,OXYCODONE,SPCLTY_Internal Medicine,STATE_MI,TRAMADOL
1750388633,GENDER_F,SPCLTY_Family Practice,STATE_CA,TRAMADOL,,,
1750391272,GENDER_M,HYDROCODONE,SPCLTY_Dentist,STATE_AZ,,,
1750396560,FENTANYL,GENDER_F,SPCLTY_Nurse Practitioner,STATE_SD,TRAMADOL,,
1750397527,GENDER_F,SPCLTY_Nurse Practitioner,STATE_GA,TRAMADOL,,,
1750398723,FENTANYL,GENDER_M,HYDROCODONE,OXYCODONE,SPCLTY_Family Practice,STATE_TN,TRAMADOL
1750403440,GENDER_M,HYDROCODONE,SPCLTY_Dentist,STATE_MS,,,
1750406229,GENDER_F,HYDROCODONE,SPCLTY_Rheumatology,STATE_NC,TRAMADOL,,
1750420006,GENDER_M,OXYCODONE,SPCLTY_General Surgery,STATE_GA,,,
1750423190,GENDER_F,OXYCODONE,SPCLTY_Physician Assistant,STATE_CO,,,
1750427480,GENDER_M,HYDROCODONE,OXYCODONE,SPCLTY_Medical Oncology,STATE_MO,,
1750429130,GENDER_M,SPCLTY_Cardiology,STATE_PA,TRAMADOL,,,
1750432209,GENDER_F,HYDROCODONE,OXYCODONE,SPCLTY_Family Practice,STATE_WI,TRAMADOL,
1750432480,GENDER_M,HYDROCODONE,SPCLTY_Dentist,STATE_VA,,,
1750433686,GENDER_M,HYDROCODONE,SPCLTY_Dentist,STATE_AR,,,
1750438560,GENDER_M,HYDROCODONE,OXYCODONE,SPCLTY_Orthopedic Surgery,STATE_IL,TRAMADOL,
1750439436,GENDER_F,HYDROCODONE,SPCLTY_Internal Medicine,STATE_GA,TRAMADOL,,
1750439741,FENTANYL,GENDER_F,HYDROCODONE,SPCLTY_Family Practice,STATE_CA,TRAMADOL,
1750444915,FENTANYL,GENDER_F,OXYCODONE,SPCLTY_Medical Oncology,STATE_NM,,
1750447272,GENDER_M,HYDROCODONE,SPCLTY_Dentist,STATE_PA,,,
1750451936,GENDER_M,OXYCODONE,SPCLTY_Emergency Medicine,STATE_NY,,,
1750452736,GENDER_F,HYDROCODONE,SPCLTY_Obstetrics/Gynecology,STATE_CA,,,
1750459707,GENDER_M,HYDROCODONE,SPCLTY_Plastic and Reconstru,STATE_IL,,,
1750466124,FENTANYL,GENDER_F,HYDROCODONE,OXYCODONE,SPCLTY_Nurse Practitioner,STATE_MA,TRAMADOL
1750469532,GENDER_M,HYDROCODONE,OXYCODONE,SPCLTY_Orthopedic Surgery,STATE_CA,,
1750471777,GENDER_M,HYDROCODONE,SPCLTY_Urology,STATE_OH,,,
1750475729,GENDER_M,HYDROCODONE,SPCLTY_Dentist,STATE_LA,,,
1750478780,GENDER_F,SPCLTY_Nurse Practitioner,STATE_ND,TRAMADOL,,,
1750479754,GENDER_M,HYDROCODONE,OXYCODONE,SPCLTY_Orthopedic Surgery,STATE_AL,TRAMADOL,
1750483699,GENDER_M,SPCLTY_Psychiatry,STATE_AR,TRAMADOL,,,
1750486015,FENTANYL,GENDER_F,HYDROCODONE,OXYCODONE,SPCLTY_Internal Medicine,STATE_PA,TRAMADOL
1750487385,GENDER_F,HYDROCODONE,OXYCODONE,SPCLTY_Hematology/Oncology,STATE_CA,,
1750493474,GENDER_M,HYDROCODONE,SPCLTY_Internal Medicine,STATE_TN,,,
1750495008,GENDER_F,HYDROCODONE,OXYCODONE,SPCLTY_Nurse Practitioner,STATE_NY,TRAMADOL,
1750496436,FENTANYL,GENDER_M,HYDROCODONE,OXYCODONE,SPCLTY_Internal Medicine,STATE_OR,TRAMADOL
1750503041,GENDER_M,HYDROCODONE,OXYCODONE,SPCLTY_Family Practice,STATE_AL,TRAMADOL,
1750503462,FENTANYL,GENDER_F,HYDROCODONE,OXYCODONE,SPCLTY_Physician Assistant,STATE_NY,TRAMADOL
1750505384,GENDER_F,SPCLTY_Psychiatry,STATE_WV,TRAMADOL,,,
1750514964,GENDER_M,SPCLTY_Preventive Medicine,STATE_FL,TRAMADOL,,,
1750519906,FENTANYL,GENDER_M,HYDROCODONE,OXYCODONE,SPCLTY_Internal Medicine,STATE_MA,TRAMADOL
1750524682,GENDER_M,OXYCODONE,SPCLTY_Emergency Medicine,STATE_NY,,,
1750540316,GENDER_M,HYDROCODONE,OXYCODONE,SPCLTY_Internal Medicine,STATE_CA,TRAMADOL,
1750541488,GENDER_M,HYDROCODONE,SPCLTY_Physician Assistant,STATE_MI,,,
1750542056,GENDER_M,OXYCODONE,SPCLTY_Orthopedic Surgery,STATE_OK,,,
1750543849,GENDER_M,HYDROCODONE,SPCLTY_Family Practice,STATE_MI,TRAMADOL,,
1750543963,GENDER_M,OXYCODONE,SPCLTY_Medical Oncology,STATE_OH,,,
1750547113,GENDER_F,HYDROCODONE,SPCLTY_Hematology/Oncology,STATE_WA,,,
1750549168,FENTANYL,GENDER_F,HYDROCODONE,OXYCODONE,SPCLTY_Internal Medicine,STATE_SC,TRAMADOL
1750553178,GENDER_F,SPCLTY_Nurse Practitioner,STATE_NC,TRAMADOL,,,
1750557518,GENDER_F,HYDROCODONE,OXYCODONE,SPCLTY_Pediatric Medicine,STATE_AL,TRAMADOL,
1750557930,GENDER_M,HYDROCODONE,OXYCODONE,SPCLTY_Emergency Medicine,STATE_MN,TRAMADOL,
1750564589,FENTANYL,GENDER_F,HYDROCODONE,OXYCODONE,SPCLTY_Family Practice,STATE_VA,TRAMADOL
1750573812,FENTANYL,GENDER_F,HYDROCODONE,OXYCODONE,SPCLTY_Family Practice,STATE_PA,TRAMADOL
1750574190,GENDER_M,HYDROCODONE,SPCLTY_Otolaryngology,STATE_AZ,,,
1750578688,GENDER_M,HYDROCODONE,SPCLTY_Physician Assistant,STATE_SC,TRAMADOL,,
1750580288,GENDER_M,HYDROCODONE,SPCLTY_Dentist,STATE_CA,,,
1750581732,GENDER_F,HYDROCODONE,SPCLTY_Rheumatology,STATE_IL,TRAMADOL,,
1750584710,GENDER_M,HYDROCODONE,OXYCODONE,SPCLTY_General Surgery,STATE_TN,,
1750585600,FENTANYL,GENDER_M,HYDROCODONE,SPCLTY_Physical Medicine and,STATE_TX,TRAMADOL,
1750607800,GENDER_F,HYDROCODONE,SPCLTY_Internal Medicine,STATE_CA,TRAMADOL,,
1750614244,GENDER_F,OXYCODONE,SPCLTY_Nurse Practitioner,STATE_MA,TRAMADOL,,
1750635876,GENDER_F,HYDROCODONE,SPCLTY_Physician Assistant,STATE_CA,,,
1750658621,GENDER_M,HYDROCODONE,SPCLTY_Nurse Practitioner,STATE_KY,TRAMADOL,,
1750669925,GENDER_M,HYDROCODONE,SPCLTY_Emergency Medicine,STATE_MI,,,
1750677423,GENDER_M,SPCLTY_Family Practice,STATE_PA,TRAMADOL,,,
1750679080,GENDER_F,HYDROCODONE,SPCLTY_Internal Medicine,STATE_ND,TRAMADOL,,
1750682605,GENDER_F,HYDROCODONE,SPCLTY_Nurse Practitioner,STATE_WA,,,
1750689097,GENDER_F,HYDROCODONE,SPCLTY_Nurse Practitioner,STATE_KS,,,
1750690061,GENDER_M,HYDROCODONE,SPCLTY_Family Practice,STATE_FL,TRAMADOL,,
1750693644,GENDER_M,HYDROCODONE,OXYCODONE,SPCLTY_Physician Assistant,STATE_OH,,
1750698734,GENDER_M,HYDROCODONE,SPCLTY_Nurse Practitioner,STATE_KY,,,
1750713335,GENDER_F,SPCLTY_Nurse Practitioner,STATE_MO,TRAMADOL,,,
1750716809,GENDER_F,HYDROCODONE,SPCLTY_Physician Assistant,STATE_OK,TRAMADOL,,
1750720330,GENDER_F,SPCLTY_Nurse Practitioner,STATE_SC,TRAMADOL,,,
1750721155,GENDER_F,HYDROCODONE,OXYCODONE,SPCLTY_Student in an Organiz,STATE_VA,,
1750725149,GENDER_M,OXYCODONE,SPCLTY_Student in an Organiz,STATE_OH,TRAMADOL,,
1750795779,GENDER_F,HYDROCODONE,SPCLTY_Dentist,STATE_NC,,,
1760401756,GENDER_F,OXYCODONE,SPCLTY_Internal Medicine,STATE_GA,,,
1760403026,GENDER_M,HYDROCODONE,SPCLTY_Emergency Medicine,STATE_OR,,,
1760406458,GENDER_M,HYDROCODONE,OXYCODONE,SPCLTY_Hematology,STATE_MS,,
1760409734,FENTANYL,GENDER_F,HYDROCODONE,OXYCODONE,SPCLTY_Family Practice,STATE_PA,TRAMADOL
1760410526,GENDER_M,HYDROCODONE,SPCLTY_Urology,STATE_AZ,,,
1760413652,GENDER_M,OXYCODONE,SPCLTY_Medical Oncology,STATE_MD,TRAMADOL,,
1760413967,GENDER_M,SPCLTY_Family Practice,STATE_FL,TRAMADOL,,,
1760416747,GENDER_M,OXYCODONE,SPCLTY_Internal Medicine,STATE_MA,TRAMADOL,,
1760416861,GENDER_F,HYDROCODONE,SPCLTY_Emergency Medicine,STATE_MI,,,
1760419907,GENDER_M,HYDROCODONE,SPCLTY_General Surgery,STATE_IN,,,
1760421085,GENDER_M,HYDROCODONE,OXYCODONE,SPCLTY_Internal Medicine,STATE_WA,TRAMADOL,
1760421648,GENDER_M,HYDROCODONE,SPCLTY_Nephrology,STATE_WV,TRAMADOL,,
1760425664,GENDER_F,HYDROCODONE,SPCLTY_Hematology/Oncology,STATE_TX,,,
1760426266,GENDER_M,HYDROCODONE,OXYCODONE,SPCLTY_Nephrology,STATE_MI,TRAMADOL,
1760429146,GENDER_F,HYDROCODONE,SPCLTY_Family Practice,STATE_IL,TRAMADOL,,
1760435960,GENDER_M,OXYCODONE,SPCLTY_Emergency Medicine,STATE_AZ,TRAMADOL,,
1760436422,FENTANYL,GENDER_M,HYDROCODONE,OXYCODONE,SPCLTY_Physical Medicine and,STATE_NC,TRAMADOL
1760440200,GENDER_F,HYDROCODONE,OXYCODONE,SPCLTY_Internal Medicine,STATE_NV,TRAMADOL,
1760445027,FENTANYL,GENDER_F,HYDROCODONE,OXYCODONE,SPCLTY_Family Practice,STATE_OH,TRAMADOL
1760445530,GENDER_M,HYDROCODONE,OXYCODONE,SPCLTY_Orthopedic Surgery,STATE_MA,TRAMADOL,
1760446470,FENTANYL,GENDER_M,HYDROCODONE,OXYCODONE,SPCLTY_Family Practice,STATE_CA,TRAMADOL
1760448013,GENDER_M,HYDROCODONE,SPCLTY_Hematology/Oncology,STATE_AR,,,
1760448591,FENTANYL,GENDER_M,HYDROCODONE,OXYCODONE,SPCLTY_Internal Medicine,STATE_TN,TRAMADOL
1760450472,FENTANYL,GENDER_F,HYDROCODONE,OXYCODONE,SPCLTY_Internal Medicine,STATE_OK,TRAMADOL
1760451181,GENDER_F,HYDROCODONE,SPCLTY_Physical Medicine and,STATE_TX,,,
1760452148,FENTANYL,GENDER_M,HYDROCODONE,SPCLTY_Geriatric Medicine,STATE_KS,TRAMADOL,
1760457667,GENDER_M,HYDROCODONE,SPCLTY_Dentist,STATE_MO,,,
1760458509,GENDER_M,HYDROCODONE,SPCLTY_Obstetrics/Gynecology,STATE_TX,,,
1760459978,FENTANYL,GENDER_M,HYDROCODONE,OXYCODONE,SPCLTY_Internal Medicine,STATE_OH,TRAMADOL
1760460356,GENDER_M,HYDROCODONE,OXYCODONE,SPCLTY_Family Practice,STATE_OH,TRAMADOL,
1760460430,GENDER_M,OXYCODONE,SPCLTY_Urology,STATE_NY,,,
1760461222,GENDER_M,HYDROCODONE,OXYCODONE,SPCLTY_Emergency Medicine,STATE_TN,TRAMADOL,
1760462964,FENTANYL,GENDER_M,HYDROCODONE,SPCLTY_Family Practice,STATE_MI,TRAMADOL,
1760464119,GENDER_F,HYDROCODONE,OXYCODONE,SPCLTY_Family Practice,STATE_NM,TRAMADOL,
1760464812,GENDER_F,HYDROCODONE,SPCLTY_Otolaryngology,STATE_OR,,,
1760465496,GENDER_M,HYDROCODONE,SPCLTY_Orthopedic Surgery,STATE_CA,,,
1760465850,GENDER_M,HYDROCODONE,OXYCODONE,SPCLTY_Otolaryngology,STATE_OH,,
1760466023,GENDER_M,SPCLTY_Internal Medicine,STATE_PR,TRAMADOL,,,
1760466312,GENDER_F,HYDROCODONE,SPCLTY_Family Practice,STATE_CA,TRAMADOL,,
1760466759,GENDER_F,HYDROCODONE,OXYCODONE,SPCLTY_Emergency Medicine,STATE_VA,TRAMADOL,
1760469373,FENTANYL,GENDER_M,HYDROCODONE,SPCLTY_Family Practice,STATE_CA,TRAMADOL,
1760469837,FENTANYL,GENDER_M,HYDROCODONE,OXYCODONE,SPCLTY_Family Practice,STATE_OH,TRAMADOL
1760470975,GENDER_M,HYDROCODONE,OXYCODONE,SPCLTY_Internal Medicine,STATE_NH,TRAMADOL,
1760472195,GENDER_M,HYDROCODONE,OXYCODONE,SPCLTY_Family Practice,STATE_NC,TRAMADOL,
1760472419,GENDER_M,HYDROCODONE,SPCLTY_Cardiology,STATE_LA,,,
1760472930,GENDER_M,HYDROCODONE,OXYCODONE,SPCLTY_Internal Medicine,STATE_PA,TRAMADOL,
1760473177,GENDER_M,HYDROCODONE,OXYCODONE,SPCLTY_Oral Surgery (dentist,STATE_RI,,
1760473987,GENDER_M,HYDROCODONE,OXYCODONE,SPCLTY_Orthopedic Surgery,STATE_TN,TRAMADOL,
1760477509,FENTANYL,GENDER_M,HYDROCODONE,OXYCODONE,SPCLTY_Family Practice,STATE_OK,TRAMADOL
1760478853,FENTANYL,GENDER_M,HYDROCODONE,OXYCODONE,SPCLTY_Internal Medicine,STATE_IN,TRAMADOL
1760479281,GENDER_M,HYDROCODONE,OXYCODONE,SPCLTY_Urology,STATE_WA,,
1760480123,GENDER_M,HYDROCODONE,SPCLTY_Radiation Oncology,STATE_CA,,,
1760480883,GENDER_F,HYDROCODONE,SPCLTY_Family Practice,STATE_MI,TRAMADOL,,
1760482897,GENDER_M,HYDROCODONE,OXYCODONE,SPCLTY_Hand Surgery,STATE_AZ,,
1760484216,FENTANYL,GENDER_M,HYDROCODONE,OXYCODONE,SPCLTY_Internal Medicine,STATE_KY,TRAMADOL
1760485072,GENDER_M,OXYCODONE,SPCLTY_Podiatry,STATE_OH,,,
1760485569,FENTANYL,GENDER_F,OXYCODONE,SPCLTY_Family Practice,STATE_NH,,
1760485650,FENTANYL,GENDER_F,HYDROCODONE,OXYCODONE,SPCLTY_Family Practice,STATE_OH,TRAMADOL
1760486047,GENDER_M,HYDROCODONE,OXYCODONE,SPCLTY_Orthopedic Surgery,STATE_MA,TRAMADOL,
1760486419,GENDER_M,HYDROCODONE,SPCLTY_Ophthalmology,STATE_CA,,,
1760488720,FENTANYL,GENDER_F,HYDROCODONE,OXYCODONE,SPCLTY_Family Practice,STATE_OH,TRAMADOL
1760492748,GENDER_M,HYDROCODONE,SPCLTY_Internal Medicine,STATE_CA,,,
1760492896,GENDER_M,SPCLTY_Internal Medicine,STATE_NY,TRAMADOL,,,
1760495477,GENDER_M,HYDROCODONE,SPCLTY_Emergency Medicine,STATE_OK,TRAMADOL,,
1760495972,GENDER_M,HYDROCODONE,SPCLTY_Dentist,STATE_MI,,,
1760496327,GENDER_M,HYDROCODONE,SPCLTY_Plastic and Reconstru,STATE_PA,,,
1760512529,GENDER_F,HYDROCODONE,OXYCODONE,SPCLTY_Family Practice,STATE_CO,TRAMADOL,
1760517775,GENDER_M,OXYCODONE,SPCLTY_Vascular Surgery,STATE_MD,,,
1760521454,GENDER_F,HYDROCODONE,SPCLTY_Internal Medicine,STATE_CA,,,
1760524300,GENDER_M,HYDROCODONE,SPCLTY_Dentist,STATE_OH,,,
1760539597,FENTANYL,GENDER_M,HYDROCODONE,SPCLTY_Anesthesiology,STATE_MI,TRAMADOL,
1760543813,GENDER_M,HYDROCODONE,OXYCODONE,SPCLTY_Emergency Medicine,STATE_CT,,
1760546964,GENDER_M,HYDROCODONE,SPCLTY_Dentist,STATE_IN,,,
1760549182,FENTANYL,GENDER_M,HYDROCODONE,OXYCODONE,SPCLTY_Internal Medicine,STATE_CA,
1760552673,GENDER_M,HYDROCODONE,OXYCODONE,SPCLTY_Internal Medicine,STATE_FL,TRAMADOL,
1760553762,GENDER_F,OXYCODONE,SPCLTY_Internal Medicine,STATE_NY,,,
1760557938,GENDER_F,OXYCODONE,SPCLTY_Physician Assistant,STATE_IN,TRAMADOL,,
1760558092,FENTANYL,GENDER_F,HYDROCODONE,OXYCODONE,SPCLTY_Family Practice,STATE_OH,TRAMADOL
1760561740,FENTANYL,GENDER_F,HYDROCODONE,OXYCODONE,SPCLTY_Internal Medicine,STATE_MI,TRAMADOL
1760561963,FENTANYL,GENDER_M,HYDROCODONE,SPCLTY_Physician Assistant,STATE_IA,TRAMADOL,
1760566426,GENDER_M,HYDROCODONE,OXYCODONE,SPCLTY_Podiatry,STATE_WA,,
1760569149,GENDER_M,HYDROCODONE,SPCLTY_Family Practice,STATE_IN,,,
1760569628,GENDER_M,HYDROCODONE,SPCLTY_Internal Medicine,STATE_CA,,,
1760577621,GENDER_F,HYDROCODONE,SPCLTY_Internal Medicine,STATE_TN,TRAMADOL,,
1760577761,FENTANYL,GENDER_M,HYDROCODONE,OXYCODONE,SPCLTY_Internal Medicine,STATE_NJ,TRAMADOL
1760579502,GENDER_M,OXYCODONE,SPCLTY_Interventional Pain M,STATE_CO,,,
1760580955,GENDER_M,HYDROCODONE,SPCLTY_Pulmonary Disease,STATE_WI,TRAMADOL,,
1760583652,GENDER_F,HYDROCODONE,SPCLTY_Family Practice,STATE_IL,TRAMADOL,,
1760583686,GENDER_F,HYDROCODONE,SPCLTY_Nurse Practitioner,STATE_OH,TRAMADOL,,
1760586150,GENDER_M,HYDROCODONE,OXYCODONE,SPCLTY_Orthopedic Surgery,STATE_NC,,
1760587372,GENDER_M,HYDROCODONE,SPCLTY_Urology,STATE_OR,,,
1760590400,FENTANYL,GENDER_M,HYDROCODONE,OXYCODONE,SPCLTY_Internal Medicine,STATE_MD,TRAMADOL
1760590640,FENTANYL,GENDER_M,HYDROCODONE,OXYCODONE,SPCLTY_Anesthesiology,STATE_PA,TRAMADOL
1760593032,FENTANYL,GENDER_M,HYDROCODONE,SPCLTY_Family Practice,STATE_IL,TRAMADOL,
1760594386,GENDER_M,HYDROCODONE,SPCLTY_Rheumatology,STATE_CT,TRAMADOL,,
1760595243,FENTANYL,GENDER_M,HYDROCODONE,OXYCODONE,SPCLTY_Physical Medicine and,STATE_KY,
1760595821,GENDER_M,HYDROCODONE,SPCLTY_Family Practice,STATE_FL,TRAMADOL,,
1760603575,GENDER_F,HYDROCODONE,SPCLTY_Nurse Practitioner,STATE_AR,TRAMADOL,,
1760603948,GENDER_M,HYDROCODONE,SPCLTY_General Surgery,STATE_TX,TRAMADOL,,
1760605356,FENTANYL,GENDER_M,HYDROCODONE,OXYCODONE,SPCLTY_Rheumatology,STATE_NH,TRAMADOL
1760611321,FENTANYL,GENDER_M,HYDROCODONE,OXYCODONE,SPCLTY_Internal Medicine,STATE_MA,TRAMADOL
1760612980,GENDER_F,HYDROCODONE,SPCLTY_Physician Assistant,STATE_NJ,,,
1760617450,GENDER_F,OXYCODONE,SPCLTY_Physical Medicine and,STATE_PA,,,
1760619621,FENTANYL,GENDER_F,HYDROCODONE,SPCLTY_Hematology/Oncology,STATE_TX,TRAMADOL,
1760629299,GENDER_M,SPCLTY_Internal Medicine,STATE_NY,TRAMADOL,,,
1760635825,GENDER_F,SPCLTY_Physician Assistant,STATE_NY,TRAMADOL,,,
1760645758,GENDER_M,HYDROCODONE,OXYCODONE,SPCLTY_Physician Assistant,STATE_NY,TRAMADOL,
1760648026,GENDER_F,HYDROCODONE,OXYCODONE,SPCLTY_Family Practice,STATE_WI,,
1760651285,GENDER_M,HYDROCODONE,OXYCODONE,SPCLTY_Family Practice,STATE_FL,TRAMADOL,
1760655203,GENDER_M,OXYCODONE,SPCLTY_Student in an Organiz,STATE_NY,,,
1760658389,FENTANYL,GENDER_M,HYDROCODONE,OXYCODONE,SPCLTY_Internal Medicine,STATE_FL,TRAMADOL
1760659130,FENTANYL,GENDER_M,HYDROCODONE,OXYCODONE,SPCLTY_Family Practice,STATE_UT,TRAMADOL
1760660211,GENDER_F,HYDROCODONE,SPCLTY_Nurse Practitioner,STATE_OH,,,
1760661078,GENDER_F,HYDROCODONE,OXYCODONE,SPCLTY_Podiatry,STATE_DE,,
1760670913,GENDER_F,HYDROCODONE,OXYCODONE,SPCLTY_Family Practice,STATE_IL,TRAMADOL,
1760672992,GENDER_F,HYDROCODONE,OXYCODONE,SPCLTY_Nurse Practitioner,STATE_NY,,
1760673115,GENDER_M,HYDROCODONE,SPCLTY_Physician Assistant,STATE_UT,,,
1760681084,GENDER_F,HYDROCODONE,OXYCODONE,SPCLTY_Family Practice,STATE_OR,TRAMADOL,
1760682660,GENDER_M,HYDROCODONE,SPCLTY_Surgery,STATE_AZ,,,
1760686901,GENDER_M,HYDROCODONE,SPCLTY_Emergency Medicine,STATE_MI,,,
1760687131,GENDER_M,HYDROCODONE,OXYCODONE,SPCLTY_Internal Medicine,STATE_GA,TRAMADOL,
1760687727,GENDER_M,OXYCODONE,SPCLTY_General Surgery,STATE_VA,,,
1760689319,GENDER_F,HYDROCODONE,SPCLTY_Family Practice,STATE_GA,TRAMADOL,,
1760696488,GENDER_F,HYDROCODONE,OXYCODONE,SPCLTY_Nurse Practitioner,STATE_CA,TRAMADOL,
1760696967,GENDER_F,HYDROCODONE,SPCLTY_Nephrology,STATE_NE,,,
1760707608,GENDER_M,HYDROCODONE,OXYCODONE,SPCLTY_Family Practice,STATE_CO,TRAMADOL,
1760709596,GENDER_M,HYDROCODONE,SPCLTY_Family Practice,STATE_LA,TRAMADOL,,
1760720833,GENDER_F,SPCLTY_Nurse Practitioner,STATE_WI,TRAMADOL,,,
1760726418,GENDER_M,HYDROCODONE,SPCLTY_General Surgery,STATE_MI,,,
1760740757,GENDER_F,SPCLTY_Internal Medicine,STATE_NJ,TRAMADOL,,,
1760748669,FENTANYL,GENDER_M,HYDROCODONE,SPCLTY_Nurse Practitioner,STATE_PA,,
1760750566,FENTANYL,GENDER_F,OXYCODONE,SPCLTY_Nurse Practitioner,STATE_CO,,
1760770960,FENTANYL,GENDER_F,HYDROCODONE,OXYCODONE,SPCLTY_Physician Assistant,STATE_WI,TRAMADOL
1760778542,GENDER_M,HYDROCODONE,SPCLTY_Dentist,STATE_TN,,,
1760778666,GENDER_F,HYDROCODONE,SPCLTY_Dentist,STATE_NC,,,
1760788731,GENDER_F,OXYCODONE,SPCLTY_Internal Medicine,STATE_NY,,,
1760795868,GENDER_F,HYDROCODONE,SPCLTY_Physician Assistant,STATE_CA,,,
1760796775,GENDER_M,HYDROCODONE,SPCLTY_Internal Medicine,STATE_MO,,,
1760821284,GENDER_M,HYDROCODONE,SPCLTY_Emergency Medicine,STATE_MI,,,
1760829444,GENDER_F,HYDROCODONE,SPCLTY_Dentist,STATE_MI,,,
1770503898,GENDER_M,HYDROCODONE,OXYCODONE,SPCLTY_Physician Assistant,STATE_NY,,
1770506800,GENDER_F,HYDROCODONE,OXYCODONE,SPCLTY_Orthopedic Surgery,STATE_MA,TRAMADOL,
1770508616,FENTANYL,GENDER_M,HYDROCODONE,OXYCODONE,SPCLTY_Hematology/Oncology,STATE_CA,
1770508640,FENTANYL,GENDER_M,HYDROCODONE,OXYCODONE,SPCLTY_Family Practice,STATE_MO,TRAMADOL
1770509531,GENDER_F,HYDROCODONE,OXYCODONE,SPCLTY_Emergency Medicine,STATE_PA,,
1770511230,FENTANYL,GENDER_F,HYDROCODONE,OXYCODONE,SPCLTY_Family Practice,STATE_PA,TRAMADOL
1770514523,GENDER_M,OXYCODONE,SPCLTY_Orthopedic Surgery,STATE_AK,,,
1770515918,GENDER_M,SPCLTY_Family Practice,STATE_NJ,TRAMADOL,,,
1770518920,GENDER_M,OXYCODONE,SPCLTY_Internal Medicine,STATE_NY,TRAMADOL,,
1770519878,GENDER_M,HYDROCODONE,SPCLTY_Internal Medicine,STATE_TX,,,
1770524167,GENDER_M,HYDROCODONE,OXYCODONE,SPCLTY_Family Practice,STATE_OR,TRAMADOL,
1770525495,GENDER_F,SPCLTY_Rheumatology,STATE_MD,TRAMADOL,,,
1770526477,GENDER_F,HYDROCODONE,SPCLTY_Family Practice,STATE_CA,TRAMADOL,,
1770529885,GENDER_F,SPCLTY_General Practice,STATE_FL,TRAMADOL,,,
1770533259,FENTANYL,GENDER_M,HYDROCODONE,OXYCODONE,SPCLTY_Family Practice,STATE_IL,TRAMADOL
1770534513,GENDER_M,HYDROCODONE,OXYCODONE,SPCLTY_Neurology,STATE_WI,,
1770535346,GENDER_M,HYDROCODONE,SPCLTY_Internal Medicine,STATE_FL,TRAMADOL,,
1770536203,GENDER_F,HYDROCODONE,SPCLTY_Emergency Medicine,STATE_TX,TRAMADOL,,
1770536906,GENDER_M,OXYCODONE,SPCLTY_Physician Assistant,STATE_PA,,,
1770538209,GENDER_M,HYDROCODONE,SPCLTY_Dentist,STATE_SC,,,
1770542276,GENDER_M,HYDROCODONE,SPCLTY_Urology,STATE_NY,,,
1770542912,GENDER_M,HYDROCODONE,OXYCODONE,SPCLTY_Family Practice,STATE_ME,TRAMADOL,
1770543480,GENDER_M,HYDROCODONE,SPCLTY_Orthopedic Surgery,STATE_TX,TRAMADOL,,
1770544165,GENDER_M,HYDROCODONE,SPCLTY_Orthopedic Surgery,STATE_IA,,,
1770544330,GENDER_F,HYDROCODONE,SPCLTY_Physician Assistant,STATE_PA,,,
1770544983,GENDER_M,HYDROCODONE,OXYCODONE,SPCLTY_Nurse Practitioner,STATE_NV,TRAMADOL,
1770545329,GENDER_F,HYDROCODONE,OXYCODONE,SPCLTY_Internal Medicine,STATE_WI,TRAMADOL,
1770547176,FENTANYL,GENDER_M,OXYCODONE,SPCLTY_Internal Medicine,STATE_PA,,
1770547572,GENDER_M,HYDROCODONE,SPCLTY_Thoracic Surgery,STATE_WA,,,
1770552614,FENTANYL,GENDER_M,HYDROCODONE,OXYCODONE,SPCLTY_Infectious Disease,STATE_NJ,TRAMADOL
1770553075,GENDER_M,HYDROCODONE,OXYCODONE,SPCLTY_Neurosurgery,STATE_CO,,
1770555815,GENDER_M,HYDROCODONE,OXYCODONE,SPCLTY_Rheumatology,STATE_PA,TRAMADOL,
1770559635,GENDER_M,HYDROCODONE,OXYCODONE,SPCLTY_Family Practice,STATE_AR,TRAMADOL,
1770565343,GENDER_M,HYDROCODONE,OXYCODONE,SPCLTY_Emergency Medicine,STATE_GA,,
1770566119,GENDER_M,HYDROCODONE,SPCLTY_Gastroenterology,STATE_MA,,,
1770567182,GENDER_M,HYDROCODONE,SPCLTY_Emergency Medicine,STATE_IN,TRAMADOL,,
1770570103,GENDER_F,HYDROCODONE,SPCLTY_Internal Medicine,STATE_NY,,,
1770572018,GENDER_M,OXYCODONE,SPCLTY_Family Practice,STATE_PR,TRAMADOL,,
1770573149,GENDER_M,SPCLTY_Cardiology,STATE_TX,TRAMADOL,,,
1770577157,GENDER_M,HYDROCODONE,OXYCODONE,SPCLTY_Internal Medicine,STATE_AL,,
1770579260,GENDER_M,HYDROCODONE,SPCLTY_Internal Medicine,STATE_NY,TRAMADOL,,
1770580193,GENDER_M,HYDROCODONE,OXYCODONE,SPCLTY_Family Practice,STATE_SC,TRAMADOL,
1770580508,GENDER_F,HYDROCODONE,SPCLTY_Family Practice,STATE_LA,TRAMADOL,,
1770580771,FENTANYL,GENDER_M,HYDROCODONE,OXYCODONE,SPCLTY_Family Practice,STATE_MN,TRAMADOL
1770582496,GENDER_F,HYDROCODONE,OXYCODONE,SPCLTY_Physician Assistant,STATE_PA,TRAMADOL,
1770583015,GENDER_M,HYDROCODONE,SPCLTY_Urology,STATE_TX,,,
1770583049,GENDER_M,HYDROCODONE,SPCLTY_Cardiology,STATE_TN,,,
1770584534,GENDER_M,HYDROCODONE,SPCLTY_Vascular Surgery,STATE_CA,,,
1770584823,GENDER_M,OXYCODONE,SPCLTY_Urology,STATE_NJ,,,
1770585176,FENTANYL,GENDER_M,HYDROCODONE,SPCLTY_Internal Medicine,STATE_TX,TRAMADOL,
1770587479,FENTANYL,GENDER_F,HYDROCODONE,OXYCODONE,SPCLTY_Neurology,STATE_IN,TRAMADOL
1770589038,GENDER_M,HYDROCODONE,SPCLTY_Podiatry,STATE_FL,,,
1770589186,GENDER_M,HYDROCODONE,OXYCODONE,SPCLTY_Emergency Medicine,STATE_NV,TRAMADOL,
1770592354,GENDER_M,HYDROCODONE,OXYCODONE,SPCLTY_Cardiology,STATE_PA,,
1770593303,GENDER_M,HYDROCODONE,OXYCODONE,SPCLTY_Pediatric Medicine,STATE_MI,,
1770595480,FENTANYL,GENDER_F,HYDROCODONE,SPCLTY_Internal Medicine,STATE_VA,TRAMADOL,
1770595910,GENDER_F,HYDROCODONE,SPCLTY_Emergency Medicine,STATE_CA,,,
1770596330,GENDER_F,HYDROCODONE,SPCLTY_General Surgery,STATE_CA,TRAMADOL,,
1770599664,GENDER_M,OXYCODONE,SPCLTY_Hematology,STATE_OH,,,
1770600918,GENDER_M,HYDROCODONE,OXYCODONE,SPCLTY_Family Practice,STATE_UT,TRAMADOL,
1770601544,GENDER_F,HYDROCODONE,OXYCODONE,SPCLTY_Family Practice,STATE_VT,TRAMADOL,
1770606998,GENDER_M,HYDROCODONE,SPCLTY_General Surgery,STATE_NV,,,
1770617680,GENDER_F,OXYCODONE,SPCLTY_Physician Assistant,STATE_NJ,,,
1770618837,GENDER_M,HYDROCODONE,SPCLTY_Cardiology,STATE_FL,,,
1770623662,GENDER_M,HYDROCODONE,OXYCODONE,SPCLTY_Emergency Medicine,STATE_WV,TRAMADOL,
1770626517,GENDER_F,HYDROCODONE,OXYCODONE,SPCLTY_Nurse Practitioner,STATE_MA,,
1770630667,GENDER_M,HYDROCODONE,SPCLTY_Emergency Medicine,STATE_TN,,,
1770636896,GENDER_F,HYDROCODONE,SPCLTY_Optometry,STATE_CA,,,
1770644221,GENDER_M,HYDROCODONE,SPCLTY_Emergency Medicine,STATE_CO,,,
1770644627,GENDER_M,HYDROCODONE,OXYCODONE,SPCLTY_Orthopedic Surgery,STATE_IA,TRAMADOL,
1770650244,GENDER_M,HYDROCODONE,SPCLTY_Dentist,STATE_AZ,,,
1770655003,GENDER_M,HYDROCODONE,SPCLTY_Urology,STATE_CA,,,
1770664500,GENDER_F,HYDROCODONE,OXYCODONE,SPCLTY_Physician Assistant,STATE_MA,,
1770666414,GENDER_M,HYDROCODONE,SPCLTY_Emergency Medicine,STATE_IL,TRAMADOL,,
1770666729,GENDER_M,OXYCODONE,SPCLTY_Plastic Surgery,STATE_FL,,,
1770667388,FENTANYL,GENDER_M,HYDROCODONE,OXYCODONE,SPCLTY_Internal Medicine,STATE_PA,TRAMADOL
1770675704,GENDER_M,HYDROCODONE,SPCLTY_Internal Medicine,STATE_AL,TRAMADOL,,
1770681314,GENDER_F,OXYCODONE,SPCLTY_General Practice,STATE_PR,TRAMADOL,,
1770696247,GENDER_M,SPCLTY_Physician Assistant,STATE_FL,TRAMADOL,,,
1770698698,FENTANYL,GENDER_F,HYDROCODONE,SPCLTY_Internal Medicine,STATE_CA,TRAMADOL,
1770698789,GENDER_M,HYDROCODONE,SPCLTY_Physician Assistant,STATE_IL,,,
1770699019,GENDER_F,HYDROCODONE,SPCLTY_Internal Medicine,STATE_OH,TRAMADOL,,
1770699167,GENDER_M,HYDROCODONE,SPCLTY_General Surgery,STATE_MI,,,
1770699670,GENDER_F,HYDROCODONE,OXYCODONE,SPCLTY_Family Practice,STATE_MS,TRAMADOL,
1770704025,GENDER_M,OXYCODONE,SPCLTY_Internal Medicine,STATE_CO,,,
1770707598,FENTANYL,GENDER_F,OXYCODONE,SPCLTY_Internal Medicine,STATE_MD,TRAMADOL,
1770708232,GENDER_F,HYDROCODONE,SPCLTY_Physician Assistant,STATE_SC,TRAMADOL,,
1770710006,GENDER_M,HYDROCODONE,SPCLTY_Anesthesiology,STATE_TX,,,
1770716300,GENDER_M,HYDROCODONE,SPCLTY_Physician Assistant,STATE_OH,,,
1770718793,GENDER_F,HYDROCODONE,OXYCODONE,SPCLTY_Internal Medicine,STATE_NY,TRAMADOL,
1770735193,GENDER_M,HYDROCODONE,SPCLTY_Physician Assistant,STATE_LA,,,
1770739716,GENDER_M,OXYCODONE,SPCLTY_Family Practice,STATE_NY,,,
1770745705,GENDER_M,HYDROCODONE,OXYCODONE,SPCLTY_Emergency Medicine,STATE_PA,,
1770756587,GENDER_F,HYDROCODONE,SPCLTY_Family Practice,STATE_FL,TRAMADOL,,
1770762205,GENDER_F,HYDROCODONE,SPCLTY_Physician Assistant,STATE_SC,TRAMADOL,,
1770773418,GENDER_M,HYDROCODONE,SPCLTY_Emergency Medicine,STATE_CA,,,
1770780108,GENDER_M,HYDROCODONE,SPCLTY_Infectious Disease,STATE_LA,,,
1770785347,FENTANYL,GENDER_M,HYDROCODONE,OXYCODONE,SPCLTY_Physical Medicine and,STATE_CA,TRAMADOL
1770795973,FENTANYL,GENDER_F,HYDROCODONE,OXYCODONE,SPCLTY_Internal Medicine,STATE_OH,TRAMADOL
1770801581,GENDER_F,SPCLTY_Geriatric Medicine,STATE_NY,TRAMADOL,,,
1770803645,GENDER_M,OXYCODONE,SPCLTY_Student in an Organiz,STATE_MD,,,
1770803678,GENDER_F,HYDROCODONE,OXYCODONE,SPCLTY_Family Practice,STATE_NC,TRAMADOL,
1770809204,GENDER_M,OXYCODONE,SPCLTY_Student in an Organiz,STATE_WI,,,
1770817116,GENDER_F,HYDROCODONE,OXYCODONE,SPCLTY_Nurse Practitioner,STATE_TN,,
1770819054,FENTANYL,GENDER_F,HYDROCODONE,OXYCODONE,SPCLTY_Internal Medicine,STATE_CA,TRAMADOL
1770826554,GENDER_F,OXYCODONE,SPCLTY_Student in an Organiz,STATE_OH,,,
1770879520,GENDER_M,HYDROCODONE,OXYCODONE,SPCLTY_Family Practice,STATE_ME,,
1770882565,GENDER_F,OXYCODONE,SPCLTY_Orthopaedic Surgery,STATE_WA,,,
1770889453,GENDER_F,HYDROCODONE,SPCLTY_Physician Assistant,STATE_NC,TRAMADOL,,
1770893752,GENDER_M,HYDROCODONE,SPCLTY_Podiatry,STATE_GA,,,
1770918526,GENDER_F,HYDROCODONE,SPCLTY_Nurse Practitioner,STATE_KS,,,
1770919516,GENDER_F,HYDROCODONE,SPCLTY_Physician Assistant,STATE_NY,,,
1780013110,GENDER_M,HYDROCODONE,SPCLTY_Nurse Practitioner,STATE_OR,TRAMADOL,,
1780018960,GENDER_F,HYDROCODONE,SPCLTY_Nurse Practitioner,STATE_CA,,,
1780020057,GENDER_F,HYDROCODONE,SPCLTY_Dentist,STATE_MI,,,
1780025387,GENDER_M,OXYCODONE,SPCLTY_Podiatry,STATE_RI,,,
1780090308,GENDER_F,HYDROCODONE,SPCLTY_Nurse Practitioner,STATE_MI,,,
1780098236,GENDER_F,HYDROCODONE,SPCLTY_Student in an Organiz,STATE_MI,,,
1780602375,GENDER_M,HYDROCODONE,SPCLTY_Family Practice,STATE_PA,,,
1780602961,GENDER_M,HYDROCODONE,SPCLTY_Emergency Medicine,STATE_IN,,,
1780603258,GENDER_M,HYDROCODONE,SPCLTY_Orthopedic Surgery,STATE_NH,,,
1780604819,GENDER_M,HYDROCODONE,SPCLTY_Urology,STATE_MS,,,
1780607838,GENDER_F,HYDROCODONE,SPCLTY_Nephrology,STATE_CA,,,
1780609602,GENDER_M,HYDROCODONE,OXYCODONE,SPCLTY_Plastic and Reconstru,STATE_VA,,
1780612465,FENTANYL,GENDER_M,HYDROCODONE,SPCLTY_Internal Medicine,STATE_IL,TRAMADOL,
1780613570,GENDER_M,SPCLTY_General Practice,STATE_CA,TRAMADOL,,,
1780618074,GENDER_M,SPCLTY_Emergency Medicine,STATE_IL,TRAMADOL,,,
1780622282,FENTANYL,GENDER_M,HYDROCODONE,OXYCODONE,SPCLTY_Cardiology,STATE_NJ,TRAMADOL
1780624692,GENDER_M,HYDROCODONE,OXYCODONE,SPCLTY_Emergency Medicine,STATE_NV,TRAMADOL,
1780624874,GENDER_M,HYDROCODONE,SPCLTY_Orthopedic Surgery,STATE_NE,TRAMADOL,,
1780624965,GENDER_M,HYDROCODONE,SPCLTY_Family Practice,STATE_OH,TRAMADOL,,
1780625236,GENDER_M,OXYCODONE,SPCLTY_Family Practice,STATE_NH,TRAMADOL,,
1780627976,GENDER_M,OXYCODONE,SPCLTY_Emergency Medicine,STATE_MD,,,
1780628487,FENTANYL,GENDER_M,HYDROCODONE,SPCLTY_Family Practice,STATE_CA,TRAMADOL,
1780628537,GENDER_M,HYDROCODONE,OXYCODONE,SPCLTY_Orthopedic Surgery,STATE_PA,TRAMADOL,
1780630368,FENTANYL,GENDER_M,HYDROCODONE,OXYCODONE,SPCLTY_Hematology/Oncology,STATE_MO,
1780630574,GENDER_M,HYDROCODONE,SPCLTY_Orthopedic Surgery,STATE_SC,TRAMADOL,,
1780634733,GENDER_F,HYDROCODONE,SPCLTY_Obstetrics/Gynecology,STATE_IL,,,
1780636860,GENDER_M,HYDROCODONE,SPCLTY_Physician Assistant,STATE_WA,,,
1780638510,GENDER_F,OXYCODONE,SPCLTY_Nurse Practitioner,STATE_NJ,,,
1780639450,FENTANYL,GENDER_M,HYDROCODONE,OXYCODONE,SPCLTY_Internal Medicine,STATE_MI,TRAMADOL
1780639591,GENDER_M,HYDROCODONE,SPCLTY_General Surgery,STATE_SC,,,
1780641316,GENDER_M,HYDROCODONE,SPCLTY_Internal Medicine,STATE_TX,TRAMADOL,,
1780642843,GENDER_F,HYDROCODONE,OXYCODONE,SPCLTY_Nurse Practitioner,STATE_VA,TRAMADOL,
1780643742,GENDER_M,HYDROCODONE,SPCLTY_Internal Medicine,STATE_MO,TRAMADOL,,
1780644013,GENDER_M,OXYCODONE,SPCLTY_General Surgery,STATE_NJ,,,
1780644393,GENDER_M,HYDROCODONE,SPCLTY_Orthopedic Surgery,STATE_WY,,,
1780649137,GENDER_F,HYDROCODONE,OXYCODONE,SPCLTY_Nurse Practitioner,STATE_ME,TRAMADOL,
1780654541,GENDER_M,OXYCODONE,SPCLTY_Family Practice,STATE_NH,,,
1780656488,GENDER_F,HYDROCODONE,OXYCODONE,SPCLTY_Internal Medicine,STATE_OR,TRAMADOL,
1780657569,FENTANYL,GENDER_M,HYDROCODONE,SPCLTY_Internal Medicine,STATE_MI,TRAMADOL,
1780658534,GENDER_M,HYDROCODONE,SPCLTY_Family Practice,STATE_IN,TRAMADOL,,
1780658708,GENDER_F,HYDROCODONE,SPCLTY_Rheumatology,STATE_TX,TRAMADOL,,
1780658906,GENDER_M,HYDROCODONE,SPCLTY_Cardiology,STATE_AL,TRAMADOL,,
1780659680,GENDER_F,HYDROCODONE,SPCLTY_Family Practice,STATE_MN,TRAMADOL,,
1780660225,GENDER_M,SPCLTY_Physician Assistant,STATE_FL,TRAMADOL,,,
1780660480,GENDER_M,HYDROCODONE,OXYCODONE,SPCLTY_Family Practice,STATE_MI,TRAMADOL,
1780660845,FENTANYL,GENDER_M,HYDROCODONE,OXYCODONE,SPCLTY_Family Practice,STATE_MA,TRAMADOL
1780661223,GENDER_M,SPCLTY_Physician Assistant,STATE_WV,TRAMADOL,,,
1780661793,GENDER_M,OXYCODONE,SPCLTY_General Surgery,STATE_OH,,,
1780664631,GENDER_F,HYDROCODONE,OXYCODONE,SPCLTY_Internal Medicine,STATE_MN,TRAMADOL,
1780667550,GENDER_M,HYDROCODONE,OXYCODONE,SPCLTY_Family Practice,STATE_PR,TRAMADOL,
1780667915,GENDER_M,HYDROCODONE,SPCLTY_Internal Medicine,STATE_MO,TRAMADOL,,
1780672097,GENDER_M,HYDROCODONE,OXYCODONE,SPCLTY_Hematology/Oncology,STATE_FL,,
1780673368,FENTANYL,GENDER_M,HYDROCODONE,OXYCODONE,SPCLTY_General Practice,STATE_AR,TRAMADOL
1780674929,GENDER_F,HYDROCODONE,SPCLTY_Physician Assistant,STATE_WI,TRAMADOL,,
1780674952,GENDER_M,HYDROCODONE,SPCLTY_Internal Medicine,STATE_OH,,,
1780676551,GENDER_M,HYDROCODONE,SPCLTY_Physician Assistant,STATE_MI,TRAMADOL,,
1780677294,GENDER_F,HYDROCODONE,SPCLTY_Physician Assistant,STATE_WI,,,
1780677724,GENDER_M,OXYCODONE,SPCLTY_Internal Medicine,STATE_KY,,,
1780677948,FENTANYL,GENDER_M,HYDROCODONE,OXYCODONE,SPCLTY_Internal Medicine,STATE_KS,TRAMADOL
1780679993,GENDER_M,HYDROCODONE,OXYCODONE,SPCLTY_Cardiology,STATE_NY,TRAMADOL,
1780682153,GENDER_M,HYDROCODONE,SPCLTY_General Surgery,STATE_NE,,,
1780682484,GENDER_M,HYDROCODONE,OXYCODONE,SPCLTY_Cardiology,STATE_NC,TRAMADOL,
1780682724,GENDER_M,HYDROCODONE,SPCLTY_Ophthalmology,STATE_PA,,,
1780683847,GENDER_M,HYDROCODONE,OXYCODONE,SPCLTY_Emergency Medicine,STATE_WV,,
1780689984,GENDER_M,HYDROCODONE,SPCLTY_General Surgery,STATE_IN,,,
1780690388,GENDER_F,HYDROCODONE,OXYCODONE,SPCLTY_Nurse Practitioner,STATE_IL,,
1780691295,GENDER_M,HYDROCODONE,OXYCODONE,SPCLTY_Emergency Medicine,STATE_NV,TRAMADOL,
1780691303,GENDER_F,HYDROCODONE,SPCLTY_Nurse Practitioner,STATE_GA,TRAMADOL,,
1780693671,GENDER_F,HYDROCODONE,SPCLTY_Internal Medicine,STATE_MI,TRAMADOL,,
1780697011,GENDER_M,HYDROCODONE,OXYCODONE,SPCLTY_Physician Assistant,STATE_RI,,
1780699975,GENDER_F,HYDROCODONE,OXYCODONE,SPCLTY_Internal Medicine,STATE_MA,TRAMADOL,
1780703926,GENDER_M,HYDROCODONE,OXYCODONE,SPCLTY_Physician Assistant,STATE_PA,TRAMADOL,
1780718973,FENTANYL,GENDER_F,HYDROCODONE,OXYCODONE,SPCLTY_Nurse Practitioner,STATE_VA,TRAMADOL
1780722371,GENDER_M,HYDROCODONE,SPCLTY_Cardiology,STATE_TX,TRAMADOL,,
1780722850,GENDER_F,HYDROCODONE,SPCLTY_Dentist,STATE_NY,,,
1780723080,GENDER_M,HYDROCODONE,OXYCODONE,SPCLTY_Dentist,STATE_MD,,
1780732768,GENDER_M,HYDROCODONE,SPCLTY_Orthopedic Surgery,STATE_CA,,,
1780733378,GENDER_M,HYDROCODONE,OXYCODONE,SPCLTY_Podiatry,STATE_OH,,
1780743559,GENDER_M,HYDROCODONE,SPCLTY_Physician Assistant,STATE_CA,TRAMADOL,,
1780746545,GENDER_M,HYDROCODONE,SPCLTY_Family Practice,STATE_FL,TRAMADOL,,
1780748319,GENDER_M,HYDROCODONE,SPCLTY_Podiatry,STATE_IL,,,
1780748467,GENDER_M,HYDROCODONE,SPCLTY_Internal Medicine,STATE_CO,,,
1780756007,GENDER_M,HYDROCODONE,OXYCODONE,SPCLTY_Oral Surgery (dentist,STATE_PA,TRAMADOL,
1780757518,FENTANYL,GENDER_F,HYDROCODONE,OXYCODONE,SPCLTY_Internal Medicine,STATE_SD,TRAMADOL
1780762344,GENDER_M,HYDROCODONE,OXYCODONE,SPCLTY_Internal Medicine,STATE_CA,TRAMADOL,
1780763300,GENDER_M,OXYCODONE,SPCLTY_Maxillofacial Surgery,STATE_NY,,,
1780764050,GENDER_M,SPCLTY_Neurology,STATE_TX,TRAMADOL,,,
1780768085,GENDER_M,OXYCODONE,SPCLTY_Neurology,STATE_OH,,,
1780768788,GENDER_M,HYDROCODONE,OXYCODONE,SPCLTY_Emergency Medicine,STATE_CA,,
1780772673,GENDER_M,HYDROCODONE,OXYCODONE,SPCLTY_Internal Medicine,STATE_FL,TRAMADOL,
1780776344,FENTANYL,GENDER_F,HYDROCODONE,OXYCODONE,SPCLTY_Nurse Practitioner,STATE_CT,TRAMADOL
1780778159,GENDER_F,HYDROCODONE,SPCLTY_Nurse Practitioner,STATE_NM,,,
1780780783,GENDER_M,HYDROCODONE,SPCLTY_Family Practice,STATE_KY,TRAMADOL,,
1780782664,GENDER_M,HYDROCODONE,OXYCODONE,SPCLTY_Internal Medicine,STATE_FL,TRAMADOL,
1780784298,FENTANYL,GENDER_F,HYDROCODONE,OXYCODONE,SPCLTY_Family Practice,STATE_MO,TRAMADOL
1780786087,GENDER_M,OXYCODONE,SPCLTY_Neurosurgery,STATE_MA,,,
1780789073,GENDER_M,SPCLTY_Neurology,STATE_PR,TRAMADOL,,,
1780789727,GENDER_M,OXYCODONE,SPCLTY_Internal Medicine,STATE_NY,,,
1780790691,GENDER_M,HYDROCODONE,OXYCODONE,SPCLTY_Orthopedic Surgery,STATE_FL,TRAMADOL,
1780793349,FENTANYL,GENDER_M,HYDROCODONE,OXYCODONE,SPCLTY_Internal Medicine,STATE_GA,
1780794149,GENDER_M,HYDROCODONE,SPCLTY_General Surgery,STATE_TX,,,
1780795500,GENDER_M,SPCLTY_Physician Assistant,STATE_CO,TRAMADOL,,,
1780797530,GENDER_M,HYDROCODONE,SPCLTY_Internal Medicine,STATE_AL,TRAMADOL,,
1780800185,GENDER_F,HYDROCODONE,SPCLTY_Internal Medicine,STATE_CA,,,
1780811521,GENDER_M,HYDROCODONE,OXYCODONE,SPCLTY_Family Practice,STATE_PA,TRAMADOL,
1780818120,GENDER_M,OXYCODONE,SPCLTY_Emergency Medicine,STATE_MN,TRAMADOL,,
1780820050,GENDER_M,HYDROCODONE,SPCLTY_Radiation Oncology,STATE_ID,,,
1780826073,GENDER_F,HYDROCODONE,OXYCODONE,SPCLTY_Internal Medicine,STATE_WA,,
1780847459,GENDER_F,HYDROCODONE,SPCLTY_Family Practice,STATE_NY,TRAMADOL,,
1780851113,GENDER_M,OXYCODONE,SPCLTY_Emergency Medicine,STATE_CO,,,
1780871533,GENDER_M,HYDROCODONE,SPCLTY_General Practice,STATE_TX,TRAMADOL,,
1780874669,GENDER_M,HYDROCODONE,SPCLTY_Dentist,STATE_OH,,,
1780884569,GENDER_M,HYDROCODONE,OXYCODONE,SPCLTY_Family Practice,STATE_CT,TRAMADOL,
1780891176,GENDER_M,HYDROCODONE,OXYCODONE,SPCLTY_Hand Surgery,STATE_MI,,
1780892760,GENDER_M,HYDROCODONE,SPCLTY_Nephrology,STATE_TX,TRAMADOL,,
1780894816,GENDER_M,HYDROCODONE,SPCLTY_Internal Medicine,STATE_IL,TRAMADOL,,
1780899799,FENTANYL,GENDER_M,HYDROCODONE,OXYCODONE,SPCLTY_Family Practice,STATE_WA,TRAMADOL
1780900753,GENDER_F,HYDROCODONE,SPCLTY_Family Practice,STATE_TX,TRAMADOL,,
1780901231,GENDER_F,HYDROCODONE,SPCLTY_Internal Medicine,STATE_CA,,,
1780910836,GENDER_F,OXYCODONE,SPCLTY_Nurse Practitioner,STATE_CT,,,
1780929943,GENDER_F,HYDROCODONE,OXYCODONE,SPCLTY_Physician Assistant,STATE_PA,,
1780942649,GENDER_F,SPCLTY_Student in an Organiz,STATE_MO,TRAMADOL,,,
1780955237,GENDER_M,HYDROCODONE,SPCLTY_Dentist,STATE_GA,,,
1780974774,GENDER_M,HYDROCODONE,SPCLTY_Student in an Organiz,STATE_LA,,,
1780988600,GENDER_F,SPCLTY_Physician Assistant,STATE_IA,TRAMADOL,,,
1780991737,GENDER_M,HYDROCODONE,SPCLTY_Physician Assistant,STATE_CA,,,
1780992339,GENDER_F,HYDROCODONE,SPCLTY_Physician Assistant,STATE_TX,,,
1780997783,GENDER_F,HYDROCODONE,SPCLTY_Family Practice,STATE_WA,TRAMADOL,,
1780998021,GENDER_F,HYDROCODONE,SPCLTY_Family Practice,STATE_CA,TRAMADOL,,
1790004596,GENDER_F,HYDROCODONE,SPCLTY_Physician Assistant,STATE_OH,,,
1790006914,GENDER_M,HYDROCODONE,OXYCODONE,SPCLTY_Family Practice,STATE_NE,TRAMADOL,
1790010221,GENDER_F,HYDROCODONE,SPCLTY_Student in an Organiz,STATE_CA,,,
1790015618,GENDER_F,HYDROCODONE,SPCLTY_Oral Surgery (dentist,STATE_OH,,,
1790018844,GENDER_F,SPCLTY_Nurse Practitioner,STATE_OH,TRAMADOL,,,
1790019974,GENDER_M,HYDROCODONE,SPCLTY_Physician Assistant,STATE_MD,,,
1790022101,GENDER_F,HYDROCODONE,SPCLTY_Physician Assistant,STATE_TX,TRAMADOL,,
1790031318,GENDER_F,SPCLTY_Nurse Practitioner,STATE_CT,TRAMADOL,,,
1790032977,GENDER_M,HYDROCODONE,SPCLTY_Nurse Practitioner,STATE_WI,,,
1790037497,GENDER_F,HYDROCODONE,SPCLTY_Physician Assistant,STATE_NY,TRAMADOL,,
1790045326,GENDER_F,SPCLTY_Family Practice,STATE_PA,TRAMADOL,,,
1790047231,GENDER_M,OXYCODONE,SPCLTY_Orthopaedic Surgery,STATE_MA,,,
1790070738,GENDER_M,HYDROCODONE,SPCLTY_Dentist,STATE_AR,,,
1790072072,GENDER_M,SPCLTY_Internal Medicine,STATE_AZ,TRAMADOL,,,
1790084168,GENDER_M,SPCLTY_Family Practice,STATE_FL,TRAMADOL,,,
1790085702,GENDER_M,HYDROCODONE,OXYCODONE,SPCLTY_Physician Assistant,STATE_ME,,
1790120319,GENDER_M,HYDROCODONE,SPCLTY_Student in an Organiz,STATE_AL,,,
1790124592,GENDER_F,HYDROCODONE,OXYCODONE,SPCLTY_Nurse Practitioner,STATE_TN,TRAMADOL,
1790128387,GENDER_M,HYDROCODONE,SPCLTY_Student in an Organiz,STATE_MO,,,
1790709186,GENDER_M,SPCLTY_Family Practice,STATE_CA,TRAMADOL,,,
1790709285,GENDER_M,HYDROCODONE,SPCLTY_Nephrology,STATE_TX,TRAMADOL,,
1790709343,GENDER_F,HYDROCODONE,SPCLTY_Internal Medicine,STATE_IL,TRAMADOL,,
1790711620,GENDER_F,HYDROCODONE,SPCLTY_Family Practice,STATE_WI,TRAMADOL,,
1790711992,GENDER_M,HYDROCODONE,OXYCODONE,SPCLTY_Family Practice,STATE_AK,,
1790713386,GENDER_F,HYDROCODONE,SPCLTY_Emergency Medicine,STATE_VA,TRAMADOL,,
1790717585,GENDER_M,OXYCODONE,SPCLTY_Physician Assistant,STATE_VA,,,
1790718153,FENTANYL,GENDER_M,HYDROCODONE,OXYCODONE,SPCLTY_Internal Medicine,STATE_PA,TRAMADOL
1790724987,GENDER_M,HYDROCODONE,OXYCODONE,SPCLTY_Family Practice,STATE_PA,TRAMADOL,
1790725687,GENDER_F,HYDROCODONE,SPCLTY_Physician Assistant,STATE_CA,,,
1790732774,GENDER_M,HYDROCODONE,SPCLTY_Urology,STATE_CA,,,
1790732998,GENDER_M,OXYCODONE,SPCLTY_Emergency Medicine,STATE_NJ,,,
1790734549,GENDER_M,HYDROCODONE,OXYCODONE,SPCLTY_Osteopathic Manipulat,STATE_MD,,
1790735454,GENDER_M,HYDROCODONE,OXYCODONE,SPCLTY_General Practice,STATE_TN,TRAMADOL,
1790736908,GENDER_M,HYDROCODONE,SPCLTY_Physician Assistant,STATE_MD,,,
1790738060,GENDER_F,HYDROCODONE,SPCLTY_Cardiology,STATE_WA,,,
1790738490,GENDER_F,SPCLTY_Physician Assistant,STATE_FL,TRAMADOL,,,
1790741189,FENTANYL,GENDER_M,HYDROCODONE,OXYCODONE,SPCLTY_Neurology,STATE_VA,TRAMADOL
1790745271,GENDER_M,OXYCODONE,SPCLTY_Emergency Medicine,STATE_UT,,,
1790745867,GENDER_M,HYDROCODONE,SPCLTY_Emergency Medicine,STATE_CO,,,
1790746642,GENDER_F,OXYCODONE,SPCLTY_Physician Assistant,STATE_NY,,,
1790747467,GENDER_M,OXYCODONE,SPCLTY_Emergency Medicine,STATE_IN,,,
1790747665,GENDER_M,HYDROCODONE,SPCLTY_Physician Assistant,STATE_MI,TRAMADOL,,
1790755098,GENDER_M,HYDROCODONE,SPCLTY_Obstetrics/Gynecology,STATE_AR,,,
1790756542,GENDER_M,HYDROCODONE,SPCLTY_General Surgery,STATE_PA,,,
1790757268,FENTANYL,GENDER_M,HYDROCODONE,OXYCODONE,SPCLTY_Geriatric Medicine,STATE_OH,TRAMADOL
1790757938,GENDER_M,HYDROCODONE,OXYCODONE,SPCLTY_Internal Medicine,STATE_PA,TRAMADOL,
1790758332,FENTANYL,GENDER_M,HYDROCODONE,OXYCODONE,SPCLTY_Emergency Medicine,STATE_NV,TRAMADOL
1790758613,GENDER_M,HYDROCODONE,OXYCODONE,SPCLTY_General Practice,STATE_CA,TRAMADOL,
1790759413,GENDER_F,HYDROCODONE,SPCLTY_Emergency Medicine,STATE_MO,TRAMADOL,,
1790759421,GENDER_F,HYDROCODONE,SPCLTY_Family Practice,STATE_GA,TRAMADOL,,
1790759546,GENDER_M,HYDROCODONE,SPCLTY_General Surgery,STATE_IN,,,
1790761443,GENDER_M,SPCLTY_Gastroenterology,STATE_AL,TRAMADOL,,,
1790763779,GENDER_M,HYDROCODONE,SPCLTY_Podiatry,STATE_WI,,,
1790764306,FENTANYL,GENDER_M,HYDROCODONE,OXYCODONE,SPCLTY_Internal Medicine,STATE_WI,TRAMADOL
1790764561,GENDER_F,HYDROCODONE,SPCLTY_Internal Medicine,STATE_MA,,,
1790764850,GENDER_M,HYDROCODONE,OXYCODONE,SPCLTY_Neurosurgery,STATE_WV,,
1790765287,GENDER_F,HYDROCODONE,SPCLTY_Family Practice,STATE_CA,,,
1790766418,GENDER_M,HYDROCODONE,OXYCODONE,SPCLTY_Orthopedic Surgery,STATE_MD,TRAMADOL,
1790767499,GENDER_M,HYDROCODONE,OXYCODONE,SPCLTY_Interventional Pain M,STATE_NC,TRAMADOL,
1790768513,GENDER_M,HYDROCODONE,OXYCODONE,SPCLTY_Radiation Oncology,STATE_WA,,
1790768646,GENDER_M,HYDROCODONE,OXYCODONE,SPCLTY_Obstetrics/Gynecology,STATE_AL,TRAMADOL,
1790769370,GENDER_M,OXYCODONE,SPCLTY_Gastroenterology,STATE_MD,,,
1790769396,GENDER_M,HYDROCODONE,OXYCODONE,SPCLTY_Emergency Medicine,STATE_SC,,
1790772671,GENDER_M,HYDROCODONE,SPCLTY_Pulmonary Disease,STATE_FL,,,
1790772754,GENDER_F,HYDROCODONE,SPCLTY_Nurse Practitioner,STATE_IN,,,
1790773448,GENDER_F,HYDROCODONE,SPCLTY_Radiation Oncology,STATE_CA,,,
1790774362,GENDER_F,HYDROCODONE,SPCLTY_Emergency Medicine,STATE_MO,,,
1790777332,GENDER_M,HYDROCODONE,SPCLTY_Cardiology,STATE_SC,,,
1790777373,GENDER_M,HYDROCODONE,SPCLTY_Internal Medicine,STATE_IL,TRAMADOL,,
1790778009,GENDER_M,OXYCODONE,SPCLTY_Urology,STATE_FL,,,
1790783256,GENDER_F,HYDROCODONE,SPCLTY_Nurse Practitioner,STATE_NV,TRAMADOL,,
1790786564,FENTANYL,GENDER_M,HYDROCODONE,OXYCODONE,SPCLTY_Family Practice,STATE_MN,TRAMADOL
1790786853,FENTANYL,GENDER_M,HYDROCODONE,OXYCODONE,SPCLTY_Family Practice,STATE_WV,TRAMADOL
1790788255,FENTANYL,GENDER_M,HYDROCODONE,SPCLTY_Family Practice,STATE_IN,TRAMADOL,
1790788479,GENDER_F,HYDROCODONE,SPCLTY_Physical Medicine and,STATE_NC,TRAMADOL,,
1790794261,GENDER_M,OXYCODONE,SPCLTY_Hematology/Oncology,STATE_FL,,,
1790798692,GENDER_M,HYDROCODONE,OXYCODONE,SPCLTY_Family Practice,STATE_KS,,
1790800357,GENDER_M,HYDROCODONE,OXYCODONE,SPCLTY_Physician Assistant,STATE_OH,,
1790803757,GENDER_M,HYDROCODONE,SPCLTY_Dentist,STATE_IL,,,
1790804813,GENDER_M,HYDROCODONE,SPCLTY_Otolaryngology,STATE_NC,,,
1790824290,GENDER_M,HYDROCODONE,SPCLTY_Physician Assistant,STATE_TX,TRAMADOL,,
1790825768,GENDER_M,HYDROCODONE,SPCLTY_Urology,STATE_UT,,,
1790827194,GENDER_F,SPCLTY_Nurse Practitioner,STATE_FL,TRAMADOL,,,
1790833689,GENDER_F,SPCLTY_Family Practice,STATE_CA,TRAMADOL,,,
1790841054,GENDER_M,HYDROCODONE,SPCLTY_Emergency Medicine,STATE_MO,,,
1790846590,GENDER_M,HYDROCODONE,SPCLTY_Orthopedic Surgery,STATE_TX,TRAMADOL,,
1790849925,GENDER_M,OXYCODONE,SPCLTY_Orthopedic Surgery,STATE_NY,,,
1790857167,GENDER_M,HYDROCODONE,SPCLTY_General Surgery,STATE_WV,,,
1790861128,GENDER_F,SPCLTY_Medical Oncology,STATE_NC,TRAMADOL,,,
1790861805,GENDER_M,HYDROCODONE,OXYCODONE,SPCLTY_Family Practice,STATE_OH,TRAMADOL,
1790863348,GENDER_M,HYDROCODONE,SPCLTY_Urology,STATE_CA,,,
1790864064,GENDER_F,HYDROCODONE,SPCLTY_Physician Assistant,STATE_GA,,,
1790865202,GENDER_F,HYDROCODONE,OXYCODONE,SPCLTY_Physician Assistant,STATE_WA,TRAMADOL,
1790868735,GENDER_M,HYDROCODONE,SPCLTY_Dermatology,STATE_CA,,,
1790870673,GENDER_M,OXYCODONE,SPCLTY_Physician Assistant,STATE_MD,,,
1790872653,FENTANYL,GENDER_M,HYDROCODONE,OXYCODONE,SPCLTY_Internal Medicine,STATE_FL,
1790874477,GENDER_F,HYDROCODONE,SPCLTY_Physician Assistant,STATE_WA,,,
1790879914,FENTANYL,GENDER_M,HYDROCODONE,SPCLTY_Family Practice,STATE_IN,TRAMADOL,
1790885820,GENDER_M,HYDROCODONE,OXYCODONE,SPCLTY_Family Practice,STATE_CO,TRAMADOL,
1790886943,GENDER_M,HYDROCODONE,OXYCODONE,SPCLTY_Physician Assistant,STATE_AZ,TRAMADOL,
1790890341,GENDER_M,HYDROCODONE,SPCLTY_Thoracic Surgery,STATE_CA,,,
1790891885,GENDER_M,HYDROCODONE,OXYCODONE,SPCLTY_Family Practice,STATE_MO,TRAMADOL,
1790892016,GENDER_M,HYDROCODONE,OXYCODONE,SPCLTY_Internal Medicine,STATE_AZ,TRAMADOL,
1790892115,GENDER_M,SPCLTY_Endocrinology,STATE_CA,TRAMADOL,,,
1790896231,FENTANYL,GENDER_F,HYDROCODONE,SPCLTY_Internal Medicine,STATE_CA,TRAMADOL,
1790899508,GENDER_M,HYDROCODONE,OXYCODONE,SPCLTY_Family Practice,STATE_TN,,
1790921484,GENDER_M,OXYCODONE,SPCLTY_General Surgery,STATE_PA,,,
1790928307,FENTANYL,GENDER_F,HYDROCODONE,OXYCODONE,SPCLTY_Internal Medicine,STATE_CT,
1790933414,GENDER_M,HYDROCODONE,SPCLTY_Dentist,STATE_IN,,,
1790949337,GENDER_M,HYDROCODONE,OXYCODONE,SPCLTY_Emergency Medicine,STATE_OH,,
1790951200,GENDER_F,SPCLTY_Internal Medicine,STATE_IL,TRAMADOL,,,
1790965879,GENDER_F,OXYCODONE,SPCLTY_Dentist,STATE_CT,,,
1790966513,GENDER_M,HYDROCODONE,SPCLTY_Internal Medicine,STATE_TX,TRAMADOL,,
1790966877,GENDER_M,HYDROCODONE,SPCLTY_Family Practice,STATE_CA,,,
1790978260,GENDER_M,HYDROCODONE,SPCLTY_Emergency Medicine,STATE_WI,,,
1801005194,GENDER_F,OXYCODONE,SPCLTY_Physician Assistant,STATE_SC,,,
1801006960,GENDER_M,HYDROCODONE,SPCLTY_Family Practice,STATE_MS,,,
1801021456,GENDER_F,HYDROCODONE,OXYCODONE,SPCLTY_Emergency Medicine,STATE_GA,TRAMADOL,
1801023478,GENDER_M,HYDROCODONE,SPCLTY_Dentist,STATE_ID,,,
1801041009,GENDER_F,HYDROCODONE,SPCLTY_Physician Assistant,STATE_TX,,,
1801041207,GENDER_F,OXYCODONE,SPCLTY_Internal Medicine,STATE_VA,,,
1801041231,GENDER_M,HYDROCODONE,OXYCODONE,SPCLTY_Physician Assistant,STATE_CO,TRAMADOL,
1801044607,GENDER_F,HYDROCODONE,SPCLTY_Physician Assistant,STATE_CA,TRAMADOL,,
1801047519,GENDER_M,HYDROCODONE,OXYCODONE,SPCLTY_Emergency Medicine,STATE_FL,,
1801052261,GENDER_F,HYDROCODONE,SPCLTY_Urology,STATE_MA,,,
1801053590,GENDER_F,HYDROCODONE,SPCLTY_Dentist,STATE_NC,,,
1801061239,GENDER_M,OXYCODONE,SPCLTY_Nephrology,STATE_NY,,,
1801062070,GENDER_M,HYDROCODONE,OXYCODONE,SPCLTY_Emergency Medicine,STATE_WA,,
1801071014,FENTANYL,GENDER_F,HYDROCODONE,OXYCODONE,SPCLTY_Physical Medicine and,STATE_MD,TRAMADOL
1801091467,GENDER_F,OXYCODONE,SPCLTY_Internal Medicine,STATE_ND,,,
1801102959,GENDER_F,HYDROCODONE,SPCLTY_Family Practice,STATE_AL,,,
1801104427,GENDER_F,HYDROCODONE,SPCLTY_Dentist,STATE_TX,,,
1801112651,GENDER_M,HYDROCODONE,SPCLTY_Podiatry,STATE_CA,,,
1801136494,GENDER_M,HYDROCODONE,SPCLTY_Dentist,STATE_CA,,,
1801142526,FENTANYL,GENDER_F,HYDROCODONE,OXYCODONE,SPCLTY_Physician Assistant,STATE_PA,
1801145149,GENDER_F,HYDROCODONE,SPCLTY_Nurse Practitioner,STATE_MA,,,
1801145230,FENTANYL,GENDER_F,HYDROCODONE,OXYCODONE,SPCLTY_Nurse Practitioner,STATE_TN,TRAMADOL
1801157300,GENDER_M,HYDROCODONE,SPCLTY_Student in an Organiz,STATE_GA,,,
1801159918,GENDER_M,HYDROCODONE,SPCLTY_Dentist,STATE_IN,,,
1801161591,GENDER_F,SPCLTY_Nurse Practitioner,STATE_IN,TRAMADOL,,,
1801174966,FENTANYL,GENDER_F,HYDROCODONE,OXYCODONE,SPCLTY_Physician Assistant,STATE_CA,TRAMADOL
1801180450,GENDER_M,SPCLTY_Internal Medicine,STATE_FL,TRAMADOL,,,
1801180815,GENDER_F,HYDROCODONE,SPCLTY_Family Practice,STATE_OR,,,
1801187489,GENDER_F,HYDROCODONE,SPCLTY_Nurse Practitioner,STATE_TN,,,
1801224217,GENDER_F,HYDROCODONE,SPCLTY_Nurse Practitioner,STATE_CA,,,
1801230487,GENDER_F,HYDROCODONE,SPCLTY_Internal Medicine,STATE_TX,,,
1801233614,GENDER_M,HYDROCODONE,SPCLTY_Physician Assistant,STATE_MI,,,
1801800867,GENDER_F,HYDROCODONE,SPCLTY_Nurse Practitioner,STATE_TN,,,
1801803390,GENDER_M,HYDROCODONE,SPCLTY_Pulmonary Disease,STATE_WA,,,
1801806542,GENDER_F,SPCLTY_Family Practice,STATE_MA,TRAMADOL,,,
1801806948,GENDER_M,HYDROCODONE,SPCLTY_Oral Surgery (dentist,STATE_IN,,,
1801809157,GENDER_M,HYDROCODONE,SPCLTY_Family Practice,STATE_MI,TRAMADOL,,
1801815055,GENDER_M,HYDROCODONE,OXYCODONE,SPCLTY_Hematology/Oncology,STATE_PA,,
1801819222,GENDER_F,HYDROCODONE,OXYCODONE,SPCLTY_Physician Assistant,STATE_AZ,,
1801824024,GENDER_M,HYDROCODONE,SPCLTY_Urology,STATE_CA,,,
1801824784,GENDER_M,HYDROCODONE,SPCLTY_Physician Assistant,STATE_NC,TRAMADOL,,
1801827589,FENTANYL,GENDER_M,HYDROCODONE,OXYCODONE,SPCLTY_Internal Medicine,STATE_NY,TRAMADOL
1801830153,GENDER_F,SPCLTY_Diagnostic Radiology,STATE_MA,TRAMADOL,,,
1801836523,FENTANYL,GENDER_F,HYDROCODONE,OXYCODONE,SPCLTY_Family Practice,STATE_NM,TRAMADOL
1801838578,GENDER_M,HYDROCODONE,OXYCODONE,SPCLTY_Family Practice,STATE_TN,TRAMADOL,
1801839816,GENDER_M,HYDROCODONE,OXYCODONE,SPCLTY_Hand Surgery,STATE_MI,,
1801844709,GENDER_M,HYDROCODONE,OXYCODONE,SPCLTY_Neurology,STATE_FL,,
1801847744,FENTANYL,GENDER_M,HYDROCODONE,OXYCODONE,SPCLTY_Family Practice,STATE_FL,TRAMADOL
1801850086,GENDER_M,HYDROCODONE,OXYCODONE,SPCLTY_General Surgery,STATE_OR,,
1801850821,GENDER_M,SPCLTY_Family Practice,STATE_CA,TRAMADOL,,,
1801853148,GENDER_M,HYDROCODONE,SPCLTY_Orthopedic Surgery,STATE_NM,TRAMADOL,,
1801854914,GENDER_M,SPCLTY_Neurology,STATE_TX,TRAMADOL,,,
1801855085,GENDER_M,HYDROCODONE,OXYCODONE,SPCLTY_Internal Medicine,STATE_NC,,
1801855234,GENDER_M,SPCLTY_Psychiatry,STATE_IL,TRAMADOL,,,
1801860549,GENDER_M,HYDROCODONE,SPCLTY_General Surgery,STATE_CA,,,
1801860630,GENDER_M,HYDROCODONE,SPCLTY_Urology,STATE_NY,,,
1801861802,GENDER_M,OXYCODONE,SPCLTY_Plastic and Reconstru,STATE_PA,,,
1801863204,FENTANYL,GENDER_M,OXYCODONE,SPCLTY_Internal Medicine,STATE_NJ,TRAMADOL,
1801864004,FENTANYL,GENDER_M,HYDROCODONE,OXYCODONE,SPCLTY_Internal Medicine,STATE_PA,
1801864012,GENDER_M,HYDROCODONE,SPCLTY_Orthopedic Surgery,STATE_TN,TRAMADOL,,
1801864327,GENDER_M,HYDROCODONE,OXYCODONE,SPCLTY_Emergency Medicine,STATE_WA,TRAMADOL,
1801866413,GENDER_F,HYDROCODONE,OXYCODONE,SPCLTY_Family Practice,STATE_MO,TRAMADOL,
1801866462,GENDER_F,HYDROCODONE,OXYCODONE,SPCLTY_Physician Assistant,STATE_IL,TRAMADOL,
1801871694,FENTANYL,GENDER_F,HYDROCODONE,OXYCODONE,SPCLTY_Family Practice,STATE_IN,TRAMADOL
1801876115,GENDER_M,HYDROCODONE,SPCLTY_Orthopedic Surgery,STATE_TX,TRAMADOL,,
1801876735,GENDER_F,HYDROCODONE,OXYCODONE,SPCLTY_Internal Medicine,STATE_MA,TRAMADOL,
1801878145,FENTANYL,GENDER_M,HYDROCODONE,OXYCODONE,SPCLTY_Internal Medicine,STATE_PA,TRAMADOL
1801882303,FENTANYL,GENDER_M,HYDROCODONE,OXYCODONE,SPCLTY_Family Practice,STATE_WV,TRAMADOL
1801885017,GENDER_M,HYDROCODONE,SPCLTY_Otolaryngology,STATE_AZ,TRAMADOL,,
1801886148,GENDER_M,HYDROCODONE,SPCLTY_Obstetrics/Gynecology,STATE_NJ,,,
1801891734,GENDER_M,HYDROCODONE,SPCLTY_Orthopedic Surgery,STATE_CA,TRAMADOL,,
1801892161,GENDER_F,HYDROCODONE,OXYCODONE,SPCLTY_Internal Medicine,STATE_PA,TRAMADOL,
1801893524,GENDER_M,HYDROCODONE,OXYCODONE,SPCLTY_Internal Medicine,STATE_NC,TRAMADOL,
1801895883,GENDER_M,HYDROCODONE,OXYCODONE,SPCLTY_Internal Medicine,STATE_KY,TRAMADOL,
1801898390,GENDER_M,HYDROCODONE,SPCLTY_Physician Assistant,STATE_MA,,,
1801899141,GENDER_M,HYDROCODONE,OXYCODONE,SPCLTY_Colorectal Surgery (f,STATE_MO,,
1801900311,GENDER_M,HYDROCODONE,SPCLTY_Internal Medicine,STATE_KS,TRAMADOL,,
1801900725,GENDER_M,HYDROCODONE,SPCLTY_Emergency Medicine,STATE_OH,TRAMADOL,,
1801908074,FENTANYL,GENDER_F,HYDROCODONE,OXYCODONE,SPCLTY_Family Practice,STATE_FL,TRAMADOL
1801913090,GENDER_F,HYDROCODONE,SPCLTY_Emergency Medicine,STATE_MI,,,
1801916044,GENDER_F,HYDROCODONE,SPCLTY_Family Practice,STATE_CA,,,
1801924295,GENDER_M,HYDROCODONE,SPCLTY_Internal Medicine,STATE_CA,,,
1801930391,GENDER_M,HYDROCODONE,SPCLTY_Dentist,STATE_NY,,,
1801944624,GENDER_F,HYDROCODONE,OXYCODONE,SPCLTY_Family Practice,STATE_CA,,
1801958434,GENDER_M,HYDROCODONE,OXYCODONE,SPCLTY_Orthopedic Surgery,STATE_WI,,
1801958947,GENDER_F,HYDROCODONE,SPCLTY_Internal Medicine,STATE_IL,,,
1801970264,GENDER_M,HYDROCODONE,SPCLTY_Dentist,STATE_CA,,,
1801974449,GENDER_M,HYDROCODONE,SPCLTY_Internal Medicine,STATE_TN,,,
1801974688,GENDER_F,HYDROCODONE,SPCLTY_Internal Medicine,STATE_CA,,,
1801974985,GENDER_F,HYDROCODONE,SPCLTY_Obstetrics/Gynecology,STATE_CA,,,
1801979620,GENDER_M,HYDROCODONE,OXYCODONE,SPCLTY_Plastic and Reconstru,STATE_CA,,
1801979752,GENDER_M,SPCLTY_Family Practice,STATE_NJ,TRAMADOL,,,
1801987433,FENTANYL,GENDER_M,HYDROCODONE,OXYCODONE,SPCLTY_Family Practice,STATE_AL,TRAMADOL
1801987847,FENTANYL,GENDER_M,HYDROCODONE,OXYCODONE,SPCLTY_Family Practice,STATE_KY,TRAMADOL
1801993068,GENDER_F,SPCLTY_Family Practice,STATE_FL,TRAMADOL,,,
1801993811,FENTANYL,GENDER_M,HYDROCODONE,OXYCODONE,SPCLTY_Medical Oncology,STATE_VT,TRAMADOL
1801998166,GENDER_M,HYDROCODONE,SPCLTY_Family Practice,STATE_NV,TRAMADOL,,
1801999453,GENDER_F,HYDROCODONE,OXYCODONE,SPCLTY_Physical Medicine and,STATE_MN,,
1811000300,GENDER_M,HYDROCODONE,OXYCODONE,SPCLTY_Family Practice,STATE_PA,TRAMADOL,
1811001167,GENDER_M,HYDROCODONE,SPCLTY_Family Practice,STATE_MI,TRAMADOL,,
1811001696,GENDER_M,OXYCODONE,SPCLTY_Podiatry,STATE_NJ,,,
1811004369,FENTANYL,GENDER_M,HYDROCODONE,OXYCODONE,SPCLTY_Internal Medicine,STATE_WI,TRAMADOL
1811004435,GENDER_M,HYDROCODONE,OXYCODONE,SPCLTY_Vascular Surgery,STATE_AZ,,
1811005457,GENDER_F,HYDROCODONE,OXYCODONE,SPCLTY_Internal Medicine,STATE_FL,TRAMADOL,
1811005580,GENDER_M,HYDROCODONE,SPCLTY_Dentist,STATE_TN,,,
1811007321,GENDER_M,HYDROCODONE,SPCLTY_Otolaryngology,STATE_IN,,,
1811008089,GENDER_F,HYDROCODONE,SPCLTY_Nurse Practitioner,STATE_MT,TRAMADOL,,
1811019532,GENDER_F,OXYCODONE,SPCLTY_Neurology,STATE_PR,TRAMADOL,,
1811034549,GENDER_M,HYDROCODONE,SPCLTY_Plastic and Reconstru,STATE_TX,,,
1811044639,GENDER_M,OXYCODONE,SPCLTY_Orthopedic Surgery,STATE_MA,,,
1811058258,GENDER_M,HYDROCODONE,OXYCODONE,SPCLTY_Podiatry,STATE_AL,TRAMADOL,
1811058381,GENDER_F,OXYCODONE,SPCLTY_Plastic and Reconstru,STATE_MD,,,
1811060130,GENDER_M,OXYCODONE,SPCLTY_Emergency Medicine,STATE_NY,,,
1811065030,GENDER_M,OXYCODONE,SPCLTY_Internal Medicine,STATE_MD,,,
1811067275,FENTANYL,GENDER_M,HYDROCODONE,SPCLTY_Internal Medicine,STATE_IL,TRAMADOL,
1811081326,GENDER_F,HYDROCODONE,SPCLTY_Physician Assistant,STATE_IL,TRAMADOL,,
1811082415,GENDER_M,HYDROCODONE,OXYCODONE,SPCLTY_Family Practice,STATE_CA,TRAMADOL,
1811082803,GENDER_M,HYDROCODONE,OXYCODONE,SPCLTY_Rheumatology,STATE_MD,TRAMADOL,
1811084726,GENDER_M,HYDROCODONE,SPCLTY_Maxillofacial Surgery,STATE_MA,,,
1811088552,GENDER_M,HYDROCODONE,OXYCODONE,SPCLTY_Internal Medicine,STATE_NC,TRAMADOL,
1811092935,GENDER_M,HYDROCODONE,SPCLTY_Family Practice,STATE_NC,,,
1811093198,GENDER_M,HYDROCODONE,OXYCODONE,SPCLTY_Family Practice,STATE_MA,TRAMADOL,
1811095342,GENDER_F,HYDROCODONE,SPCLTY_Dermatology,STATE_WI,,,
1811097108,GENDER_M,HYDROCODONE,SPCLTY_Cardiac Electrophysio,STATE_SC,,,
1811099401,GENDER_F,HYDROCODONE,SPCLTY_Obstetrics/Gynecology,STATE_CA,,,
1811124530,GENDER_F,OXYCODONE,SPCLTY_Internal Medicine,STATE_AZ,,,
1811126543,GENDER_M,HYDROCODONE,OXYCODONE,SPCLTY_Internal Medicine,STATE_NV,,
1811136468,GENDER_M,HYDROCODONE,SPCLTY_General Surgery,STATE_AL,,,
1811138845,GENDER_F,OXYCODONE,SPCLTY_Internal Medicine,STATE_NY,,,
1811141229,GENDER_M,HYDROCODONE,SPCLTY_Oral Surgery (dentist,STATE_TX,,,
1811143639,GENDER_F,HYDROCODONE,SPCLTY_Internal Medicine,STATE_NY,,,
1811150048,FENTANYL,GENDER_M,HYDROCODONE,OXYCODONE,SPCLTY_Internal Medicine,STATE_MN,TRAMADOL
1811155112,GENDER_M,HYDROCODONE,SPCLTY_Family Practice,STATE_MI,,,
1811156482,GENDER_M,HYDROCODONE,OXYCODONE,SPCLTY_Rheumatology,STATE_WI,TRAMADOL,
1811160385,GENDER_F,HYDROCODONE,OXYCODONE,SPCLTY_Emergency Medicine,STATE_WA,,
1811182983,FENTANYL,GENDER_F,HYDROCODONE,OXYCODONE,SPCLTY_Internal Medicine,STATE_CA,TRAMADOL
1811189269,GENDER_M,HYDROCODONE,SPCLTY_Family Practice,STATE_AR,TRAMADOL,,
1811196314,GENDER_F,HYDROCODONE,SPCLTY_Family Practice,STATE_WV,,,
1811197320,GENDER_F,HYDROCODONE,OXYCODONE,SPCLTY_Family Practice,STATE_NC,TRAMADOL,
1811207087,GENDER_F,OXYCODONE,SPCLTY_Nurse Practitioner,STATE_MA,,,
1811208242,GENDER_M,HYDROCODONE,SPCLTY_Emergency Medicine,STATE_CA,,,
1811210537,GENDER_M,HYDROCODONE,SPCLTY_Emergency Medicine,STATE_TX,TRAMADOL,,
1811213879,GENDER_F,HYDROCODONE,SPCLTY_Family Practice,STATE_OK,TRAMADOL,,
1811217417,GENDER_M,HYDROCODONE,SPCLTY_Physician Assistant,STATE_CO,TRAMADOL,,
1811221211,GENDER_M,HYDROCODONE,SPCLTY_Emergency Medicine,STATE_TX,TRAMADOL,,
1811222706,GENDER_M,SPCLTY_Physician Assistant,STATE_GA,TRAMADOL,,,
1811237001,GENDER_M,HYDROCODONE,OXYCODONE,SPCLTY_Nurse Practitioner,STATE_TN,TRAMADOL,
1811252166,GENDER_M,HYDROCODONE,OXYCODONE,SPCLTY_Dentist,STATE_WA,,
1811254113,GENDER_F,OXYCODONE,SPCLTY_Physician Assistant,STATE_CO,,,
1811263411,GENDER_M,HYDROCODONE,SPCLTY_Student in an Organiz,STATE_WV,TRAMADOL,,
1811276694,GENDER_F,HYDROCODONE,SPCLTY_Physician Assistant,STATE_MI,,,
1811283427,GENDER_M,HYDROCODONE,SPCLTY_Emergency Medicine,STATE_NV,,,
1811287782,GENDER_M,HYDROCODONE,SPCLTY_Student in an Organiz,STATE_OK,,,
1811302623,GENDER_M,HYDROCODONE,SPCLTY_Nurse Practitioner,STATE_ND,,,
1811903271,GENDER_M,HYDROCODONE,OXYCODONE,SPCLTY_Emergency Medicine,STATE_PA,TRAMADOL,
1811904337,FENTANYL,GENDER_M,HYDROCODONE,OXYCODONE,SPCLTY_Internal Medicine,STATE_NM,TRAMADOL
1811904865,GENDER_F,HYDROCODONE,OXYCODONE,SPCLTY_Internal Medicine,STATE_NM,TRAMADOL,
1811907199,GENDER_F,HYDROCODONE,SPCLTY_Physical Medicine and,STATE_GA,TRAMADOL,,
1811908205,GENDER_M,OXYCODONE,SPCLTY_Cardiology,STATE_NY,TRAMADOL,,
1811908288,GENDER_M,HYDROCODONE,SPCLTY_Family Practice,STATE_IA,,,
1811911605,GENDER_M,HYDROCODONE,OXYCODONE,SPCLTY_Family Practice,STATE_KY,TRAMADOL,
1811911993,GENDER_M,HYDROCODONE,SPCLTY_General Surgery,STATE_WI,,,
1811912769,GENDER_M,HYDROCODONE,SPCLTY_Emergency Medicine,STATE_PA,,,
1811913643,GENDER_M,HYDROCODONE,OXYCODONE,SPCLTY_Hand Surgery,STATE_GA,TRAMADOL,
1811917297,GENDER_M,HYDROCODONE,OXYCODONE,SPCLTY_Family Practice,STATE_AZ,TRAMADOL,
1811917305,GENDER_M,HYDROCODONE,SPCLTY_Family Practice,STATE_CA,TRAMADOL,,
1811923709,GENDER_F,HYDROCODONE,SPCLTY_Internal Medicine,STATE_IL,TRAMADOL,,
1811924210,GENDER_M,HYDROCODONE,OXYCODONE,SPCLTY_Nephrology,STATE_FL,TRAMADOL,
1811924483,GENDER_M,OXYCODONE,SPCLTY_Internal Medicine,STATE_AZ,,,
1811925951,GENDER_M,HYDROCODONE,SPCLTY_Podiatry,STATE_AL,,,
1811926017,GENDER_M,HYDROCODONE,OXYCODONE,SPCLTY_Orthopedic Surgery,STATE_WI,,
1811926124,GENDER_M,HYDROCODONE,SPCLTY_Internal Medicine,STATE_NY,,,
1811927759,GENDER_M,OXYCODONE,SPCLTY_Internal Medicine,STATE_NJ,,,
1811927858,GENDER_M,HYDROCODONE,SPCLTY_Internal Medicine,STATE_WI,,,
1811928138,GENDER_M,HYDROCODONE,OXYCODONE,SPCLTY_Internal Medicine,STATE_NY,TRAMADOL,
1811928534,GENDER_M,HYDROCODONE,SPCLTY_Emergency Medicine,STATE_WI,,,
1811929334,GENDER_M,OXYCODONE,SPCLTY_Hematology/Oncology,STATE_OH,,,
1811931348,GENDER_F,HYDROCODONE,SPCLTY_Physician Assistant,STATE_MA,,,
1811931520,GENDER_M,HYDROCODONE,SPCLTY_Physician Assistant,STATE_ME,TRAMADOL,,
1811931975,FENTANYL,GENDER_F,HYDROCODONE,OXYCODONE,SPCLTY_Physician Assistant,STATE_NC,TRAMADOL
1811935430,GENDER_F,HYDROCODONE,OXYCODONE,SPCLTY_Nurse Practitioner,STATE_VT,TRAMADOL,
1811938152,GENDER_M,HYDROCODONE,SPCLTY_Family Practice,STATE_AZ,TRAMADOL,,
1811942923,GENDER_F,OXYCODONE,SPCLTY_Nurse Practitioner,STATE_NJ,,,
1811943442,GENDER_M,HYDROCODONE,OXYCODONE,SPCLTY_Family Practice,STATE_NH,TRAMADOL,
1811943798,GENDER_M,HYDROCODONE,SPCLTY_Dentist,STATE_SC,,,
1811944010,GENDER_M,HYDROCODONE,SPCLTY_Emergency Medicine,STATE_CA,,,
1811949829,GENDER_M,HYDROCODONE,SPCLTY_Cardiology,STATE_CA,TRAMADOL,,
1811954837,FENTANYL,GENDER_M,HYDROCODONE,OXYCODONE,SPCLTY_Internal Medicine,STATE_PA,TRAMADOL
1811955156,GENDER_M,SPCLTY_Nephrology,STATE_AL,TRAMADOL,,,
1811955636,FENTANYL,GENDER_F,HYDROCODONE,OXYCODONE,SPCLTY_Family Practice,STATE_IL,TRAMADOL
1811958341,GENDER_M,HYDROCODONE,OXYCODONE,SPCLTY_Internal Medicine,STATE_NV,TRAMADOL,
1811962988,GENDER_F,OXYCODONE,SPCLTY_Orthopedic Surgery,STATE_AK,,,
1811963002,FENTANYL,GENDER_M,HYDROCODONE,OXYCODONE,SPCLTY_Internal Medicine,STATE_NY,TRAMADOL
1811963234,FENTANYL,GENDER_M,HYDROCODONE,OXYCODONE,SPCLTY_Family Practice,STATE_FL,TRAMADOL
1811965825,GENDER_M,HYDROCODONE,OXYCODONE,SPCLTY_Urology,STATE_NC,,
1811967458,FENTANYL,GENDER_M,HYDROCODONE,OXYCODONE,SPCLTY_Family Practice,STATE_SC,TRAMADOL
1811971468,GENDER_F,SPCLTY_Nurse Practitioner,STATE_AL,TRAMADOL,,,
1811971476,GENDER_F,HYDROCODONE,SPCLTY_Emergency Medicine,STATE_NC,,,
1811971807,GENDER_M,OXYCODONE,SPCLTY_Plastic and Reconstru,STATE_NH,,,
1811972771,GENDER_M,HYDROCODONE,SPCLTY_Internal Medicine,STATE_CA,,,
1811974637,FENTANYL,GENDER_M,HYDROCODONE,OXYCODONE,SPCLTY_Rheumatology,STATE_MN,TRAMADOL
1811974652,GENDER_M,HYDROCODONE,SPCLTY_Vascular Surgery,STATE_WA,,,
1811975691,GENDER_M,HYDROCODONE,SPCLTY_Family Practice,STATE_IA,,,
1811978059,GENDER_F,HYDROCODONE,SPCLTY_Family Practice,STATE_IL,TRAMADOL,,
1811978075,FENTANYL,GENDER_M,HYDROCODONE,OXYCODONE,SPCLTY_Pain Management,STATE_WA,TRAMADOL
1811979867,GENDER_M,HYDROCODONE,SPCLTY_Family Practice,STATE_TX,TRAMADOL,,
1811980014,GENDER_M,HYDROCODONE,SPCLTY_Podiatry,STATE_GA,,,
1811980030,FENTANYL,GENDER_M,OXYCODONE,SPCLTY_Internal Medicine,STATE_PA,,
1811981244,GENDER_M,HYDROCODONE,OXYCODONE,SPCLTY_Physician Assistant,STATE_KS,,
1811981723,GENDER_M,HYDROCODONE,OXYCODONE,SPCLTY_Family Practice,STATE_OH,TRAMADOL,
1811982788,GENDER_M,HYDROCODONE,SPCLTY_Family Practice,STATE_CO,TRAMADOL,,
1811984149,GENDER_M,HYDROCODONE,SPCLTY_Family Practice,STATE_AL,TRAMADOL,,
1811984180,FENTANYL,GENDER_M,HYDROCODONE,OXYCODONE,SPCLTY_Family Practice,STATE_IA,TRAMADOL
1811984420,GENDER_F,HYDROCODONE,SPCLTY_Nurse Practitioner,STATE_WA,,,
1811984453,GENDER_F,OXYCODONE,SPCLTY_Internal Medicine,STATE_NM,,,
1811984594,GENDER_M,SPCLTY_Family Practice,STATE_MI,TRAMADOL,,,
1811984727,GENDER_M,HYDROCODONE,OXYCODONE,SPCLTY_Family Practice,STATE_TX,TRAMADOL,
1811986094,GENDER_M,HYDROCODONE,SPCLTY_Cardiology,STATE_KY,,,
1811987340,GENDER_M,SPCLTY_Cardiology,STATE_MA,TRAMADOL,,,
1811989015,FENTANYL,GENDER_M,HYDROCODONE,OXYCODONE,SPCLTY_Family Practice,STATE_NY,TRAMADOL
1811992308,GENDER_M,OXYCODONE,SPCLTY_General Surgery,STATE_NY,,,
1811993454,GENDER_M,HYDROCODONE,OXYCODONE,SPCLTY_Internal Medicine,STATE_CA,TRAMADOL,
1811994239,FENTANYL,GENDER_M,OXYCODONE,SPCLTY_Gastroenterology,STATE_MO,TRAMADOL,
1811995145,GENDER_M,HYDROCODONE,SPCLTY_Family Practice,STATE_TX,TRAMADOL,,
1811995525,FENTANYL,GENDER_M,HYDROCODONE,SPCLTY_Internal Medicine,STATE_WA,TRAMADOL,
1811995731,FENTANYL,GENDER_M,HYDROCODONE,OXYCODONE,SPCLTY_Internal Medicine,STATE_AL,TRAMADOL
1811999261,GENDER_M,HYDROCODONE,SPCLTY_Family Practice,STATE_CA,,,
1821001090,FENTANYL,GENDER_M,HYDROCODONE,OXYCODONE,SPCLTY_Internal Medicine,STATE_PA,TRAMADOL
1821005273,GENDER_M,HYDROCODONE,SPCLTY_Emergency Medicine,STATE_GA,TRAMADOL,,
1821005968,GENDER_F,SPCLTY_Nurse Practitioner,STATE_AZ,TRAMADOL,,,
1821007055,GENDER_M,SPCLTY_Family Practice,STATE_CA,TRAMADOL,,,
1821007683,GENDER_F,HYDROCODONE,SPCLTY_Nurse Practitioner,STATE_WI,,,
1821011594,GENDER_M,HYDROCODONE,SPCLTY_Nephrology,STATE_IN,,,
1821021783,GENDER_M,HYDROCODONE,SPCLTY_Orthopedic Surgery,STATE_KY,,,
1821022989,GENDER_M,HYDROCODONE,SPCLTY_General Surgery,STATE_FL,,,
1821023904,GENDER_M,HYDROCODONE,SPCLTY_Orthopedic Surgery,STATE_IL,,,
1821024639,GENDER_F,HYDROCODONE,SPCLTY_Nurse Practitioner,STATE_TN,TRAMADOL,,
1821025636,GENDER_M,HYDROCODONE,SPCLTY_Emergency Medicine,STATE_CA,,,
1821026626,GENDER_M,HYDROCODONE,OXYCODONE,SPCLTY_Physician Assistant,STATE_AZ,,
1821031253,FENTANYL,GENDER_M,HYDROCODONE,SPCLTY_Medical Oncology,STATE_TX,,
1821034364,GENDER_M,HYDROCODONE,SPCLTY_General Surgery,STATE_LA,TRAMADOL,,
1821035908,GENDER_M,HYDROCODONE,OXYCODONE,SPCLTY_Physician Assistant,STATE_TN,,
1821037615,FENTANYL,GENDER_M,HYDROCODONE,OXYCODONE,SPCLTY_Internal Medicine,STATE_CA,TRAMADOL
1821038043,FENTANYL,GENDER_M,HYDROCODONE,OXYCODONE,SPCLTY_Internal Medicine,STATE_OH,TRAMADOL
1821039835,GENDER_M,HYDROCODONE,SPCLTY_Cardiology,STATE_CA,,,
1821041054,GENDER_M,OXYCODONE,SPCLTY_Colorectal Surgery (f,STATE_NJ,,,
1821041823,GENDER_F,HYDROCODONE,SPCLTY_Physician Assistant,STATE_IL,,,
1821042680,GENDER_M,HYDROCODONE,SPCLTY_Neurosurgery,STATE_IL,,,
1821045733,GENDER_M,HYDROCODONE,SPCLTY_Dentist,STATE_MI,,,
1821047473,GENDER_F,SPCLTY_Internal Medicine,STATE_OH,TRAMADOL,,,
1821048323,GENDER_M,HYDROCODONE,SPCLTY_Medical Oncology,STATE_TX,,,
1821049743,GENDER_M,HYDROCODONE,OXYCODONE,SPCLTY_Orthopedic Surgery,STATE_LA,TRAMADOL,
1821050014,GENDER_F,HYDROCODONE,OXYCODONE,SPCLTY_Internal Medicine,STATE_NY,TRAMADOL,
1821050238,GENDER_M,HYDROCODONE,SPCLTY_Internal Medicine,STATE_TX,,,
1821051467,GENDER_F,HYDROCODONE,OXYCODONE,SPCLTY_Family Practice,STATE_SC,TRAMADOL,
1821052143,GENDER_M,HYDROCODONE,SPCLTY_Internal Medicine,STATE_PA,TRAMADOL,,
1821054776,GENDER_F,HYDROCODONE,SPCLTY_Infectious Disease,STATE_TX,,,
1821055104,GENDER_M,HYDROCODONE,OXYCODONE,SPCLTY_Otolaryngology,STATE_PA,,
1821057696,GENDER_M,HYDROCODONE,SPCLTY_Internal Medicine,STATE_OK,TRAMADOL,,
1821058603,GENDER_M,HYDROCODONE,OXYCODONE,SPCLTY_Orthopedic Surgery,STATE_MD,TRAMADOL,
1821059593,FENTANYL,GENDER_F,HYDROCODONE,OXYCODONE,SPCLTY_Family Practice,STATE_NC,TRAMADOL
1821059981,GENDER_M,HYDROCODONE,OXYCODONE,SPCLTY_Emergency Medicine,STATE_VA,,
1821060583,GENDER_F,HYDROCODONE,SPCLTY_Internal Medicine,STATE_NY,,,
1821061599,GENDER_M,HYDROCODONE,OXYCODONE,SPCLTY_Internal Medicine,STATE_NV,TRAMADOL,
1821062043,GENDER_F,HYDROCODONE,OXYCODONE,SPCLTY_Nurse Practitioner,STATE_CO,TRAMADOL,
1821062555,GENDER_F,HYDROCODONE,SPCLTY_Emergency Medicine,STATE_PA,,,
1821067299,GENDER_M,OXYCODONE,SPCLTY_Internal Medicine,STATE_FL,TRAMADOL,,
1821069162,GENDER_M,SPCLTY_Gastroenterology,STATE_TX,TRAMADOL,,,
1821070327,GENDER_M,HYDROCODONE,SPCLTY_Vascular Surgery,STATE_NY,,,
1821070970,FENTANYL,GENDER_M,HYDROCODONE,OXYCODONE,SPCLTY_Internal Medicine,STATE_NY,TRAMADOL
1821071341,GENDER_M,HYDROCODONE,OXYCODONE,SPCLTY_Maxillofacial Surgery,STATE_TN,,
1821074477,GENDER_M,HYDROCODONE,SPCLTY_Oral Surgery (dentist,STATE_IA,,,
1821075821,FENTANYL,GENDER_M,HYDROCODONE,OXYCODONE,SPCLTY_Internal Medicine,STATE_MN,TRAMADOL
1821076498,GENDER_M,HYDROCODONE,OXYCODONE,SPCLTY_Internal Medicine,STATE_MD,TRAMADOL,
1821076886,FENTANYL,GENDER_M,HYDROCODONE,OXYCODONE,SPCLTY_Family Practice,STATE_IA,TRAMADOL
1821077710,GENDER_M,HYDROCODONE,SPCLTY_Dentist,STATE_OH,,,
1821078080,GENDER_M,HYDROCODONE,SPCLTY_Family Practice,STATE_WA,TRAMADOL,,
1821079906,GENDER_M,HYDROCODONE,SPCLTY_Emergency Medicine,STATE_IA,,,
1821080953,FENTANYL,GENDER_M,HYDROCODONE,OXYCODONE,SPCLTY_Physical Medicine and,STATE_CO,
1821081860,FENTANYL,GENDER_M,HYDROCODONE,OXYCODONE,SPCLTY_Internal Medicine,STATE_GA,TRAMADOL
1821082207,GENDER_M,HYDROCODONE,SPCLTY_Internal Medicine,STATE_IN,,,
1821082876,GENDER_M,SPCLTY_Internal Medicine,STATE_FL,TRAMADOL,,,
1821086174,FENTANYL,GENDER_M,OXYCODONE,SPCLTY_Gastroenterology,STATE_WA,,
1821086414,GENDER_M,HYDROCODONE,SPCLTY_Orthopedic Surgery,STATE_TX,TRAMADOL,,
1821089293,GENDER_M,HYDROCODONE,SPCLTY_Physical Medicine and,STATE_NV,TRAMADOL,,
1821091703,GENDER_M,HYDROCODONE,SPCLTY_Family Practice,STATE_TX,TRAMADOL,,
1821091901,GENDER_M,HYDROCODONE,OXYCODONE,SPCLTY_Orthopedic Surgery,STATE_IN,TRAMADOL,
1821092792,GENDER_F,HYDROCODONE,OXYCODONE,SPCLTY_Family Practice,STATE_PA,TRAMADOL,
1821096876,GENDER_M,HYDROCODONE,OXYCODONE,SPCLTY_Neurosurgery,STATE_PA,TRAMADOL,
1821100975,GENDER_M,HYDROCODONE,SPCLTY_Podiatry,STATE_FL,,,
1821104464,GENDER_M,HYDROCODONE,SPCLTY_General Surgery,STATE_MO,,,
1821106832,FENTANYL,GENDER_F,OXYCODONE,SPCLTY_Internal Medicine,STATE_WI,TRAMADOL,
1821107491,GENDER_F,HYDROCODONE,SPCLTY_Family Practice,STATE_MS,,,
1821109380,GENDER_M,HYDROCODONE,SPCLTY_Dentist,STATE_AL,,,
1821119660,GENDER_M,HYDROCODONE,SPCLTY_Dermatology,STATE_SC,,,
1821149840,FENTANYL,GENDER_M,HYDROCODONE,OXYCODONE,SPCLTY_Internal Medicine,STATE_WI,TRAMADOL
1821157033,GENDER_M,HYDROCODONE,OXYCODONE,SPCLTY_Urology,STATE_CA,,
1821166448,GENDER_F,HYDROCODONE,OXYCODONE,SPCLTY_Hematology/Oncology,STATE_CA,TRAMADOL,
1821168808,GENDER_M,HYDROCODONE,SPCLTY_Family Practice,STATE_LA,TRAMADOL,,
1821169939,GENDER_M,HYDROCODONE,SPCLTY_Physical Medicine and,STATE_TX,TRAMADOL,,
1821171067,GENDER_M,SPCLTY_Nephrology,STATE_NC,TRAMADOL,,,
1821179235,FENTANYL,GENDER_F,HYDROCODONE,OXYCODONE,SPCLTY_Family Practice,STATE_IN,TRAMADOL
1821184763,GENDER_F,HYDROCODONE,OXYCODONE,SPCLTY_Rheumatology,STATE_CA,TRAMADOL,
1821188640,GENDER_F,HYDROCODONE,OXYCODONE,SPCLTY_Family Practice,STATE_WA,TRAMADOL,
1821189309,GENDER_M,HYDROCODONE,OXYCODONE,SPCLTY_Family Practice,STATE_OR,,
1821193525,GENDER_M,HYDROCODONE,OXYCODONE,SPCLTY_Physician Assistant,STATE_TN,TRAMADOL,
1821198821,GENDER_M,HYDROCODONE,OXYCODONE,SPCLTY_Internal Medicine,STATE_CA,,
1821199100,GENDER_M,HYDROCODONE,OXYCODONE,SPCLTY_General Surgery,STATE_WI,,
1821199696,FENTANYL,GENDER_M,HYDROCODONE,OXYCODONE,SPCLTY_General Practice,STATE_LA,TRAMADOL
1821205386,GENDER_M,HYDROCODONE,SPCLTY_Dentist,STATE_CA,,,
1821206004,GENDER_M,HYDROCODONE,SPCLTY_Dentist,STATE_TN,,,
1821207416,GENDER_M,HYDROCODONE,SPCLTY_Oral Surgery (dentist,STATE_CA,,,
1821210600,GENDER_M,HYDROCODONE,SPCLTY_Physician Assistant,STATE_TX,TRAMADOL,,
1821210808,GENDER_M,OXYCODONE,SPCLTY_Internal Medicine,STATE_NY,TRAMADOL,,
1821212994,GENDER_M,HYDROCODONE,SPCLTY_Oral Surgery (dentist,STATE_TX,,,
1821216573,GENDER_F,HYDROCODONE,SPCLTY_Dentist,STATE_LA,,,
1821222100,GENDER_M,HYDROCODONE,SPCLTY_Family Practice,STATE_IL,TRAMADOL,,
1821223165,GENDER_M,HYDROCODONE,SPCLTY_Otolaryngology,STATE_IA,,,
1821226432,GENDER_F,HYDROCODONE,SPCLTY_Emergency Medicine,STATE_WI,,,
1821226887,GENDER_M,HYDROCODONE,OXYCODONE,SPCLTY_Emergency Medicine,STATE_ND,TRAMADOL,
1821228321,GENDER_F,SPCLTY_Internal Medicine,STATE_MI,TRAMADOL,,,
1821241571,GENDER_M,HYDROCODONE,SPCLTY_General Surgery,STATE_TX,,,
1821251893,GENDER_F,HYDROCODONE,OXYCODONE,SPCLTY_General Surgery,STATE_FL,TRAMADOL,
1821252800,GENDER_F,HYDROCODONE,SPCLTY_Family Practice,STATE_MN,TRAMADOL,,
1821254095,GENDER_M,HYDROCODONE,OXYCODONE,SPCLTY_Orthopedic Surgery,STATE_OH,TRAMADOL,
1821265166,GENDER_F,HYDROCODONE,SPCLTY_Neurology,STATE_AR,,,
1821282682,GENDER_F,HYDROCODONE,OXYCODONE,SPCLTY_Physician Assistant,STATE_CO,TRAMADOL,
1821282757,GENDER_M,HYDROCODONE,OXYCODONE,SPCLTY_Family Practice,STATE_SC,TRAMADOL,
1821292301,GENDER_F,SPCLTY_Dermatology,STATE_GA,TRAMADOL,,,
1821292616,GENDER_M,HYDROCODONE,SPCLTY_Urology,STATE_MI,,,
1821306747,GENDER_F,HYDROCODONE,SPCLTY_Nurse Practitioner,STATE_TX,TRAMADOL,,
1821315847,GENDER_F,HYDROCODONE,OXYCODONE,SPCLTY_Family Practice,STATE_MN,TRAMADOL,
1821316407,GENDER_F,SPCLTY_Nurse Practitioner,STATE_CT,TRAMADOL,,,
1821320201,GENDER_M,HYDROCODONE,OXYCODONE,SPCLTY_Nurse Practitioner,STATE_MS,TRAMADOL,
1821325150,GENDER_M,OXYCODONE,SPCLTY_General Surgery,STATE_NY,,,
1821331513,GENDER_M,HYDROCODONE,SPCLTY_Student in an Organiz,STATE_OR,,,
1821341264,FENTANYL,GENDER_F,HYDROCODONE,OXYCODONE,SPCLTY_Nurse Practitioner,STATE_MA,TRAMADOL
1821346230,GENDER_F,HYDROCODONE,SPCLTY_Nurse Practitioner,STATE_OH,,,
1821347097,GENDER_M,HYDROCODONE,SPCLTY_Nephrology,STATE_FL,,,
1821351438,FENTANYL,GENDER_M,HYDROCODONE,OXYCODONE,SPCLTY_Nurse Practitioner,STATE_NC,TRAMADOL
1821352816,GENDER_F,HYDROCODONE,SPCLTY_Internal Medicine,STATE_NE,TRAMADOL,,
1821358516,GENDER_M,OXYCODONE,SPCLTY_Student in an Organiz,STATE_OH,,,
1821364779,GENDER_M,SPCLTY_General Practice,STATE_PR,TRAMADOL,,,
1821368382,FENTANYL,GENDER_F,HYDROCODONE,OXYCODONE,SPCLTY_Physician Assistant,STATE_PA,TRAMADOL
1821372764,FENTANYL,GENDER_F,HYDROCODONE,SPCLTY_Nurse Practitioner,STATE_SD,TRAMADOL,
1821376476,GENDER_F,HYDROCODONE,SPCLTY_Nurse Practitioner,STATE_GA,TRAMADOL,,
1821387754,GENDER_M,HYDROCODONE,SPCLTY_Student in an Organiz,STATE_MO,,,
1821394644,GENDER_M,HYDROCODONE,SPCLTY_Emergency Medicine,STATE_TX,,,
1821396946,GENDER_M,HYDROCODONE,SPCLTY_Nurse Practitioner,STATE_OK,,,
1821426628,GENDER_M,HYDROCODONE,SPCLTY_Physician Assistant,STATE_PA,,,
1821428442,GENDER_F,HYDROCODONE,OXYCODONE,SPCLTY_Physician Assistant,STATE_OR,,
1821438235,GENDER_F,HYDROCODONE,SPCLTY_Nurse Practitioner,STATE_KY,TRAMADOL,,
1821439852,GENDER_F,HYDROCODONE,SPCLTY_Podiatry,STATE_RI,,,
1831101435,GENDER_M,HYDROCODONE,SPCLTY_Dentist,STATE_OH,,,
1831103381,FENTANYL,GENDER_M,HYDROCODONE,OXYCODONE,SPCLTY_Family Practice,STATE_CA,TRAMADOL
1831106103,GENDER_M,HYDROCODONE,SPCLTY_Internal Medicine,STATE_CA,TRAMADOL,,
1831112119,GENDER_F,HYDROCODONE,OXYCODONE,SPCLTY_Family Practice,STATE_OH,TRAMADOL,
1831114156,GENDER_M,HYDROCODONE,SPCLTY_Internal Medicine,STATE_TX,TRAMADOL,,
1831117324,GENDER_M,SPCLTY_Internal Medicine,STATE_NC,TRAMADOL,,,
1831117613,GENDER_M,HYDROCODONE,SPCLTY_Otolaryngology,STATE_MI,,,
1831118488,GENDER_M,OXYCODONE,SPCLTY_Internal Medicine,STATE_PR,TRAMADOL,,
1831118678,GENDER_F,HYDROCODONE,SPCLTY_Emergency Medicine,STATE_WV,,,
1831120757,GENDER_M,SPCLTY_Family Practice,STATE_TX,TRAMADOL,,,
1831123108,GENDER_F,HYDROCODONE,SPCLTY_Dentist,STATE_PA,,,
1831123488,GENDER_F,HYDROCODONE,SPCLTY_Internal Medicine,STATE_TN,,,
1831126812,FENTANYL,GENDER_M,HYDROCODONE,OXYCODONE,SPCLTY_Family Practice,STATE_TN,TRAMADOL
1831127893,GENDER_F,SPCLTY_Nurse Practitioner,STATE_WI,TRAMADOL,,,
1831128826,GENDER_F,SPCLTY_Podiatry,STATE_PA,TRAMADOL,,,
1831129097,GENDER_M,HYDROCODONE,SPCLTY_Emergency Medicine,STATE_TX,,,
1831131432,GENDER_M,SPCLTY_General Surgery,STATE_TN,TRAMADOL,,,
1831132323,GENDER_M,SPCLTY_Family Practice,STATE_AZ,TRAMADOL,,,
1831134154,GENDER_M,HYDROCODONE,SPCLTY_Emergency Medicine,STATE_GA,,,
1831135664,FENTANYL,GENDER_F,HYDROCODONE,SPCLTY_Family Practice,STATE_MI,TRAMADOL,
1831138122,GENDER_F,HYDROCODONE,SPCLTY_Obstetrics/Gynecology,STATE_TX,,,
1831139070,GENDER_F,HYDROCODONE,OXYCODONE,SPCLTY_Nurse Practitioner,STATE_NY,TRAMADOL,
1831139872,GENDER_F,HYDROCODONE,SPCLTY_Internal Medicine,STATE_FL,TRAMADOL,,
1831144260,GENDER_F,HYDROCODONE,SPCLTY_General Surgery,STATE_AL,,,
1831150630,FENTANYL,GENDER_M,HYDROCODONE,OXYCODONE,SPCLTY_Interventional Pain M,STATE_FL,TRAMADOL
1831152198,FENTANYL,GENDER_M,HYDROCODONE,OXYCODONE,SPCLTY_Family Practice,STATE_OH,TRAMADOL
1831152651,GENDER_M,OXYCODONE,SPCLTY_Thoracic Surgery,STATE_PA,,,
1831152719,GENDER_M,HYDROCODONE,SPCLTY_Plastic and Reconstru,STATE_NJ,,,
1831153758,GENDER_M,OXYCODONE,SPCLTY_Orthopedic Surgery,STATE_NY,,,
1831154871,GENDER_M,HYDROCODONE,SPCLTY_Dermatology,STATE_PA,,,
1831155902,GENDER_M,OXYCODONE,SPCLTY_General Surgery,STATE_PA,,,
1831163682,GENDER_F,HYDROCODONE,SPCLTY_Family Practice,STATE_VA,TRAMADOL,,
1831164128,GENDER_M,HYDROCODONE,SPCLTY_Family Practice,STATE_GA,,,
1831165570,GENDER_M,OXYCODONE,SPCLTY_Thoracic Surgery,STATE_MD,,,
1831165588,GENDER_M,HYDROCODONE,SPCLTY_Family Practice,STATE_KY,TRAMADOL,,
1831165638,GENDER_M,SPCLTY_Physician Assistant,STATE_FL,TRAMADOL,,,
1831166040,GENDER_M,HYDROCODONE,OXYCODONE,SPCLTY_Physical Medicine and,STATE_OH,,
1831166461,GENDER_M,HYDROCODONE,SPCLTY_Urology,STATE_CA,,,
1831169077,FENTANYL,GENDER_F,HYDROCODONE,OXYCODONE,SPCLTY_Pain Management,STATE_TX,TRAMADOL
1831170729,GENDER_M,HYDROCODONE,SPCLTY_Oral Surgery (dentist,STATE_IA,,,
1831171768,GENDER_F,HYDROCODONE,OXYCODONE,SPCLTY_Internal Medicine,STATE_MI,TRAMADOL,
1831176460,GENDER_F,HYDROCODONE,SPCLTY_Family Practice,STATE_MS,TRAMADOL,,
1831176841,GENDER_M,SPCLTY_Gastroenterology,STATE_MN,TRAMADOL,,,
1831177484,GENDER_M,HYDROCODONE,SPCLTY_Dentist,STATE_AL,,,
1831180215,GENDER_M,HYDROCODONE,OXYCODONE,SPCLTY_General Surgery,STATE_PA,,
1831180975,FENTANYL,GENDER_F,HYDROCODONE,SPCLTY_Psychiatry,STATE_CA,TRAMADOL,
1831183144,GENDER_F,HYDROCODONE,SPCLTY_Family Practice,STATE_VA,TRAMADOL,,
1831183417,GENDER_F,HYDROCODONE,SPCLTY_Podiatry,STATE_WI,,,
1831184589,FENTANYL,GENDER_F,HYDROCODONE,OXYCODONE,SPCLTY_Family Practice,STATE_AZ,TRAMADOL
1831184944,GENDER_F,HYDROCODONE,SPCLTY_Emergency Medicine,STATE_GA,,,
1831185032,GENDER_M,HYDROCODONE,OXYCODONE,SPCLTY_Emergency Medicine,STATE_PA,,
1831187004,GENDER_M,HYDROCODONE,OXYCODONE,SPCLTY_Family Practice,STATE_TX,TRAMADOL,
1831187012,GENDER_M,SPCLTY_Nurse Practitioner,STATE_FL,TRAMADOL,,,
1831189737,GENDER_M,OXYCODONE,SPCLTY_Thoracic Surgery,STATE_MA,,,
1831190511,GENDER_M,HYDROCODONE,OXYCODONE,SPCLTY_Emergency Medicine,STATE_KS,,
1831193101,FENTANYL,GENDER_M,HYDROCODONE,OXYCODONE,SPCLTY_Internal Medicine,STATE_MA,TRAMADOL
1831194471,GENDER_M,HYDROCODONE,SPCLTY_Family Practice,STATE_AL,,,
1831197045,FENTANYL,GENDER_M,HYDROCODONE,OXYCODONE,SPCLTY_Physical Medicine and,STATE_PA,TRAMADOL
1831197847,GENDER_F,HYDROCODONE,SPCLTY_Family Practice,STATE_TX,TRAMADOL,,
1831198118,GENDER_M,HYDROCODONE,SPCLTY_Urology,STATE_IL,,,
1831199165,GENDER_M,OXYCODONE,SPCLTY_Internal Medicine,STATE_NY,TRAMADOL,,
1831199223,FENTANYL,GENDER_M,HYDROCODONE,OXYCODONE,SPCLTY_Family Practice,STATE_TN,TRAMADOL
1831200625,GENDER_M,HYDROCODONE,SPCLTY_Family Practice,STATE_GA,TRAMADOL,,
1831201292,GENDER_M,HYDROCODONE,SPCLTY_Family Practice,STATE_TN,TRAMADOL,,
1831202480,GENDER_M,HYDROCODONE,OXYCODONE,SPCLTY_Internal Medicine,STATE_SC,,
1831206184,GENDER_F,HYDROCODONE,OXYCODONE,SPCLTY_Family Practice,STATE_WI,TRAMADOL,
1831207174,GENDER_F,HYDROCODONE,SPCLTY_Internal Medicine,STATE_IL,,,
1831213164,GENDER_M,HYDROCODONE,SPCLTY_Oral Surgery (dentist,STATE_AZ,,,
1831240795,GENDER_M,HYDROCODONE,OXYCODONE,SPCLTY_Podiatry,STATE_OH,,
1831243427,GENDER_M,HYDROCODONE,SPCLTY_Dentist,STATE_MO,,,
1831245034,GENDER_F,HYDROCODONE,SPCLTY_Internal Medicine,STATE_GA,TRAMADOL,,
1831249705,GENDER_M,HYDROCODONE,OXYCODONE,SPCLTY_Internal Medicine,STATE_OH,TRAMADOL,
1831252410,GENDER_F,HYDROCODONE,SPCLTY_Nurse Practitioner,STATE_NH,,,
1831253863,FENTANYL,GENDER_M,HYDROCODONE,OXYCODONE,SPCLTY_Emergency Medicine,STATE_TX,TRAMADOL
1831260207,FENTANYL,GENDER_M,HYDROCODONE,OXYCODONE,SPCLTY_Physical Medicine and,STATE_OH,TRAMADOL
1831266733,GENDER_M,SPCLTY_Family Practice,STATE_PA,TRAMADOL,,,
1831275205,GENDER_M,OXYCODONE,SPCLTY_Neurology,STATE_PA,,,
1831278092,GENDER_F,SPCLTY_Physician Assistant,STATE_MI,TRAMADOL,,,
1831282961,GENDER_M,HYDROCODONE,OXYCODONE,SPCLTY_Internal Medicine,STATE_FL,TRAMADOL,
1831282979,GENDER_M,HYDROCODONE,OXYCODONE,SPCLTY_Emergency Medicine,STATE_FL,TRAMADOL,
1831290402,FENTANYL,GENDER_F,HYDROCODONE,OXYCODONE,SPCLTY_Family Practice,STATE_MI,TRAMADOL
1831293570,GENDER_M,SPCLTY_Osteopathic Manipulat,STATE_CT,TRAMADOL,,,
1831296557,GENDER_F,SPCLTY_Anesthesiology,STATE_NY,TRAMADOL,,,
1831296979,FENTANYL,GENDER_F,HYDROCODONE,OXYCODONE,SPCLTY_Family Practice,STATE_OR,
1831299346,GENDER_F,HYDROCODONE,SPCLTY_Neurology,STATE_KY,TRAMADOL,,
1831304104,GENDER_M,HYDROCODONE,SPCLTY_Podiatry,STATE_TX,,,
1831307123,GENDER_M,OXYCODONE,SPCLTY_Family Practice,STATE_FL,TRAMADOL,,
1831311679,FENTANYL,GENDER_M,HYDROCODONE,OXYCODONE,SPCLTY_Physical Medicine and,STATE_NC,TRAMADOL
1831322965,GENDER_F,HYDROCODONE,SPCLTY_Internal Medicine,STATE_IL,,,
1831324565,GENDER_F,HYDROCODONE,SPCLTY_Family Practice,STATE_MI,,,
1831326925,GENDER_M,HYDROCODONE,SPCLTY_Dentist,STATE_TX,,,
1831328798,GENDER_M,OXYCODONE,SPCLTY_Emergency Medicine,STATE_DC,,,
1831339902,FENTANYL,GENDER_M,HYDROCODONE,OXYCODONE,SPCLTY_Neurology,STATE_NY,TRAMADOL
1831341130,GENDER_F,HYDROCODONE,SPCLTY_Family Practice,STATE_MI,,,
1831347707,GENDER_M,SPCLTY_Community Health Work,STATE_FL,TRAMADOL,,,
1831348812,FENTANYL,GENDER_F,HYDROCODONE,OXYCODONE,SPCLTY_Family Practice,STATE_WI,TRAMADOL
1831350131,FENTANYL,GENDER_F,HYDROCODONE,OXYCODONE,SPCLTY_Family Practice,STATE_CA,TRAMADOL
1831352590,GENDER_M,OXYCODONE,SPCLTY_Internal Medicine,STATE_NY,TRAMADOL,,
1831352970,GENDER_M,HYDROCODONE,OXYCODONE,SPCLTY_Physical Medicine and,STATE_NY,TRAMADOL,
1831355221,GENDER_M,HYDROCODONE,OXYCODONE,SPCLTY_Physician Assistant,STATE_PA,TRAMADOL,
1831359116,GENDER_F,HYDROCODONE,SPCLTY_Family Practice,STATE_TX,TRAMADOL,,
1831363399,GENDER_F,HYDROCODONE,OXYCODONE,SPCLTY_Family Practice,STATE_NC,,
1831366947,GENDER_F,HYDROCODONE,SPCLTY_Physician Assistant,STATE_NY,,,
1831367432,GENDER_F,HYDROCODONE,OXYCODONE,SPCLTY_Physician Assistant,STATE_NV,TRAMADOL,
1831384932,GENDER_F,HYDROCODONE,SPCLTY_Nurse Practitioner,STATE_SC,,,
1831385244,GENDER_F,HYDROCODONE,OXYCODONE,SPCLTY_Urology,STATE_UT,,
1831387679,GENDER_F,HYDROCODONE,OXYCODONE,SPCLTY_Nurse Practitioner,STATE_UT,TRAMADOL,
1831388339,GENDER_M,HYDROCODONE,SPCLTY_Emergency Medicine,STATE_CA,,,
1831388396,GENDER_M,HYDROCODONE,SPCLTY_Family Practice,STATE_TX,TRAMADOL,,
1831392216,GENDER_M,OXYCODONE,SPCLTY_Psychiatry & Neurolog,STATE_NY,,,
1831393867,GENDER_F,HYDROCODONE,SPCLTY_Internal Medicine,STATE_NC,TRAMADOL,,
1831395896,GENDER_M,HYDROCODONE,OXYCODONE,SPCLTY_Pain Management,STATE_FL,TRAMADOL,
1831399799,GENDER_M,HYDROCODONE,SPCLTY_Dentist,STATE_IL,,,
1831400852,GENDER_M,HYDROCODONE,SPCLTY_Family Practice,STATE_AR,TRAMADOL,,
1831401132,GENDER_M,HYDROCODONE,SPCLTY_Family Practice,STATE_TX,TRAMADOL,,
1831402841,GENDER_M,HYDROCODONE,OXYCODONE,SPCLTY_Podiatry,STATE_WA,,
1831408855,GENDER_F,OXYCODONE,SPCLTY_Physician Assistant,STATE_NY,TRAMADOL,,
1831412964,GENDER_M,HYDROCODONE,SPCLTY_Physician Assistant,STATE_TX,TRAMADOL,,
1831423912,GENDER_F,OXYCODONE,SPCLTY_Nurse Practitioner,STATE_OH,TRAMADOL,,
1831431188,FENTANYL,GENDER_M,HYDROCODONE,OXYCODONE,SPCLTY_Physician Assistant,STATE_NY,TRAMADOL
1831433135,GENDER_F,HYDROCODONE,OXYCODONE,SPCLTY_Nurse Practitioner,STATE_AZ,TRAMADOL,
1831443332,GENDER_F,OXYCODONE,SPCLTY_Physician Assistant,STATE_NY,,,
1831452531,GENDER_F,HYDROCODONE,OXYCODONE,SPCLTY_Family Practice,STATE_KS,TRAMADOL,
1831458256,GENDER_F,HYDROCODONE,SPCLTY_Physician Assistant,STATE_PA,,,
1831460864,GENDER_F,HYDROCODONE,SPCLTY_Dentist,STATE_MS,,,
1831475060,GENDER_F,OXYCODONE,SPCLTY_Physician Assistant,STATE_CT,TRAMADOL,,
1831482777,GENDER_F,HYDROCODONE,SPCLTY_Physician Assistant,STATE_TX,TRAMADOL,,
1831486471,GENDER_F,HYDROCODONE,SPCLTY_Family Practice,STATE_OR,,,
1831487222,FENTANYL,GENDER_M,HYDROCODONE,OXYCODONE,SPCLTY_Family Practice,STATE_TN,TRAMADOL
1831530609,GENDER_F,OXYCODONE,SPCLTY_Physician Assistant,STATE_MA,,,
1831532217,GENDER_F,OXYCODONE,SPCLTY_Student in an Organiz,STATE_TN,,,
1841200375,GENDER_F,HYDROCODONE,SPCLTY_Family Practice,STATE_GA,,,
1841202041,FENTANYL,GENDER_M,HYDROCODONE,OXYCODONE,SPCLTY_Physical Medicine and,STATE_FL,TRAMADOL
1841206711,GENDER_M,HYDROCODONE,SPCLTY_Urology,STATE_NY,TRAMADOL,,
1841210853,GENDER_M,HYDROCODONE,SPCLTY_Cardiology,STATE_MI,,,
1841215340,GENDER_F,OXYCODONE,SPCLTY_Emergency Medicine,STATE_NJ,,,
1841217684,FENTANYL,GENDER_M,HYDROCODONE,OXYCODONE,SPCLTY_Anesthesiology,STATE_FL,TRAMADOL
1841217858,GENDER_M,HYDROCODONE,OXYCODONE,SPCLTY_Family Practice,STATE_NV,TRAMADOL,
1841222189,GENDER_M,HYDROCODONE,SPCLTY_Physical Medicine and,STATE_TX,TRAMADOL,,
1841223716,GENDER_M,HYDROCODONE,OXYCODONE,SPCLTY_Hematology/Oncology,STATE_CA,,
1841224268,GENDER_M,HYDROCODONE,OXYCODONE,SPCLTY_Family Practice,STATE_CA,TRAMADOL,
1841224854,GENDER_F,HYDROCODONE,SPCLTY_Physician Assistant,STATE_SC,,,
1841226776,FENTANYL,GENDER_M,HYDROCODONE,OXYCODONE,SPCLTY_Anesthesiology,STATE_IL,
1841227303,GENDER_F,HYDROCODONE,SPCLTY_Nurse Practitioner,STATE_MT,,,
1841228889,GENDER_M,HYDROCODONE,OXYCODONE,SPCLTY_Physician Assistant,STATE_ME,,
1841231230,GENDER_M,HYDROCODONE,OXYCODONE,SPCLTY_Physician Assistant,STATE_CO,TRAMADOL,
1841231446,GENDER_F,HYDROCODONE,SPCLTY_Internal Medicine,STATE_TX,TRAMADOL,,
1841234416,GENDER_F,HYDROCODONE,SPCLTY_Otolaryngology,STATE_VA,,,
1841238714,GENDER_M,HYDROCODONE,SPCLTY_Gastroenterology,STATE_MO,TRAMADOL,,
1841242195,GENDER_M,HYDROCODONE,OXYCODONE,SPCLTY_Family Practice,STATE_OR,TRAMADOL,
1841242799,GENDER_M,HYDROCODONE,SPCLTY_Family Practice,STATE_FL,,,
1841244852,GENDER_M,HYDROCODONE,OXYCODONE,SPCLTY_Orthopedic Surgery,STATE_NC,TRAMADOL,
1841246725,GENDER_M,SPCLTY_General Practice,STATE_PR,TRAMADOL,,,
1841248424,GENDER_F,HYDROCODONE,OXYCODONE,SPCLTY_Family Practice,STATE_MN,TRAMADOL,
1841248499,GENDER_M,HYDROCODONE,OXYCODONE,SPCLTY_Internal Medicine,STATE_FL,TRAMADOL,
1841249604,FENTANYL,GENDER_M,HYDROCODONE,OXYCODONE,SPCLTY_Family Practice,STATE_OH,TRAMADOL
1841250727,GENDER_M,HYDROCODONE,SPCLTY_Orthopedic Surgery,STATE_SD,,,
1841253119,FENTANYL,GENDER_M,HYDROCODONE,OXYCODONE,SPCLTY_Family Practice,STATE_PA,TRAMADOL
1841253689,GENDER_M,SPCLTY_Dentist,STATE_TX,TRAMADOL,,,
1841254943,GENDER_M,HYDROCODONE,OXYCODONE,SPCLTY_Hand Surgery,STATE_CO,,
1841257326,GENDER_M,HYDROCODONE,SPCLTY_Family Practice,STATE_MN,TRAMADOL,,
1841257383,FENTANYL,GENDER_M,OXYCODONE,SPCLTY_Internal Medicine,STATE_NY,TRAMADOL,
1841257540,FENTANYL,GENDER_M,HYDROCODONE,OXYCODONE,SPCLTY_Family Practice,STATE_NC,TRAMADOL
1841259173,GENDER_F,HYDROCODONE,OXYCODONE,SPCLTY_Internal Medicine,STATE_CA,TRAMADOL,
1841263209,GENDER_M,HYDROCODONE,SPCLTY_Internal Medicine,STATE_FL,TRAMADOL,,
1841263589,FENTANYL,GENDER_M,HYDROCODONE,OXYCODONE,SPCLTY_Family Practice,STATE_OH,TRAMADOL
1841265089,GENDER_M,HYDROCODONE,OXYCODONE,SPCLTY_Neurosurgery,STATE_IN,,
1841265766,GENDER_M,HYDROCODONE,OXYCODONE,SPCLTY_Family Practice,STATE_OH,TRAMADOL,
1841269925,FENTANYL,GENDER_M,HYDROCODONE,OXYCODONE,SPCLTY_Internal Medicine,STATE_NC,TRAMADOL
1841274388,GENDER_M,HYDROCODONE,SPCLTY_Gastroenterology,STATE_KY,,,
1841275435,FENTANYL,GENDER_M,HYDROCODONE,OXYCODONE,SPCLTY_Family Practice,STATE_NY,TRAMADOL
1841275500,GENDER_F,OXYCODONE,SPCLTY_Nurse Practitioner,STATE_MA,,,
1841276284,FENTANYL,GENDER_F,HYDROCODONE,OXYCODONE,SPCLTY_Neuromusculoskeletal,STATE_FL,
1841276532,FENTANYL,GENDER_M,HYDROCODONE,SPCLTY_Family Practice,STATE_MI,TRAMADOL,
1841277951,GENDER_F,OXYCODONE,SPCLTY_Physician Assistant,STATE_AZ,,,
1841279551,FENTANYL,GENDER_M,HYDROCODONE,OXYCODONE,SPCLTY_Family Practice,STATE_PA,TRAMADOL
1841279585,FENTANYL,GENDER_M,HYDROCODONE,OXYCODONE,SPCLTY_Internal Medicine,STATE_WI,TRAMADOL
1841281722,GENDER_F,HYDROCODONE,SPCLTY_Internal Medicine,STATE_FL,TRAMADOL,,
1841281862,GENDER_F,HYDROCODONE,SPCLTY_Family Practice,STATE_TX,,,
1841284007,FENTANYL,GENDER_F,HYDROCODONE,SPCLTY_Family Practice,STATE_TX,TRAMADOL,
1841284478,GENDER_M,HYDROCODONE,OXYCODONE,SPCLTY_Family Practice,STATE_MS,TRAMADOL,
1841286325,GENDER_F,HYDROCODONE,OXYCODONE,SPCLTY_Family Practice,STATE_NY,,
1841286853,FENTANYL,GENDER_M,HYDROCODONE,OXYCODONE,SPCLTY_Anesthesiology,STATE_TN,TRAMADOL
1841290913,GENDER_M,HYDROCODONE,SPCLTY_Orthopedic Surgery,STATE_IL,TRAMADOL,,
1841292265,FENTANYL,GENDER_M,HYDROCODONE,OXYCODONE,SPCLTY_Family Practice,STATE_MN,TRAMADOL
1841292612,FENTANYL,GENDER_M,HYDROCODONE,OXYCODONE,SPCLTY_Pain Management,STATE_IN,TRAMADOL
1841293487,GENDER_M,HYDROCODONE,SPCLTY_Family Practice,STATE_TX,TRAMADOL,,
1841294121,GENDER_M,HYDROCODONE,OXYCODONE,SPCLTY_Hematology/Oncology,STATE_SC,TRAMADOL,
1841294592,GENDER_M,HYDROCODONE,SPCLTY_Family Practice,STATE_MI,TRAMADOL,,
1841297520,GENDER_M,HYDROCODONE,SPCLTY_Family Practice,STATE_GA,TRAMADOL,,
1841298270,FENTANYL,GENDER_M,HYDROCODONE,OXYCODONE,SPCLTY_Neurology,STATE_TX,TRAMADOL
1841298767,GENDER_M,HYDROCODONE,SPCLTY_Family Practice,STATE_LA,TRAMADOL,,
1841300340,FENTANYL,GENDER_M,HYDROCODONE,OXYCODONE,SPCLTY_Family Practice,STATE_KS,TRAMADOL
1841302296,GENDER_F,HYDROCODONE,OXYCODONE,SPCLTY_Nurse Practitioner,STATE_KS,TRAMADOL,
1841306297,GENDER_M,HYDROCODONE,SPCLTY_Dermatology,STATE_MS,,,
1841309804,GENDER_M,OXYCODONE,SPCLTY_Emergency Medicine,STATE_GA,TRAMADOL,,
1841312865,GENDER_M,OXYCODONE,SPCLTY_Infectious Disease,STATE_CA,,,
1841321981,GENDER_M,HYDROCODONE,OXYCODONE,SPCLTY_Oral Surgery (dentist,STATE_AL,,
1841325503,GENDER_F,SPCLTY_Family Practice,STATE_CO,TRAMADOL,,,
1841331964,GENDER_M,HYDROCODONE,SPCLTY_Dentist,STATE_NY,,,
1841339546,FENTANYL,GENDER_F,HYDROCODONE,OXYCODONE,SPCLTY_Internal Medicine,STATE_CA,TRAMADOL
1841341807,GENDER_M,HYDROCODONE,SPCLTY_Orthopaedic Surgery,STATE_CA,,,
1841342912,GENDER_M,HYDROCODONE,SPCLTY_Internal Medicine,STATE_TX,TRAMADOL,,
1841349677,FENTANYL,GENDER_F,HYDROCODONE,OXYCODONE,SPCLTY_Nurse Practitioner,STATE_IN,
1841366465,FENTANYL,GENDER_M,HYDROCODONE,OXYCODONE,SPCLTY_Interventional Pain M,STATE_TX,TRAMADOL
1841367679,GENDER_M,HYDROCODONE,SPCLTY_Family Practice,STATE_CA,,,
1841368388,GENDER_F,HYDROCODONE,SPCLTY_Hematology/Oncology,STATE_MI,,,
1841368958,GENDER_M,HYDROCODONE,OXYCODONE,SPCLTY_Family Practice,STATE_NJ,TRAMADOL,
1841376639,GENDER_F,HYDROCODONE,OXYCODONE,SPCLTY_Internal Medicine,STATE_MT,,
1841381845,GENDER_M,HYDROCODONE,OXYCODONE,SPCLTY_Family Practice,STATE_NY,TRAMADOL,
1841384880,GENDER_F,HYDROCODONE,OXYCODONE,SPCLTY_Family Practice,STATE_WA,TRAMADOL,
1841386711,GENDER_M,SPCLTY_Internal Medicine,STATE_NY,TRAMADOL,,,
1841396215,GENDER_F,HYDROCODONE,SPCLTY_Emergency Medicine,STATE_IL,TRAMADOL,,
1841396413,GENDER_F,HYDROCODONE,SPCLTY_Nurse Practitioner,STATE_WA,,,
1841397866,GENDER_M,HYDROCODONE,SPCLTY_Internal Medicine,STATE_NC,TRAMADOL,,
1841400587,GENDER_M,OXYCODONE,SPCLTY_General Surgery,STATE_FL,,,
1841401486,GENDER_M,SPCLTY_Physical Medicine and,STATE_PR,TRAMADOL,,,
1841411147,GENDER_M,HYDROCODONE,SPCLTY_Dentist,STATE_CA,,,
1841413614,GENDER_M,HYDROCODONE,SPCLTY_Urology,STATE_MI,,,
1841423852,GENDER_M,HYDROCODONE,SPCLTY_Family Practice,STATE_WA,,,
1841424959,GENDER_F,HYDROCODONE,SPCLTY_Emergency Medicine,STATE_KY,,,
1841427804,GENDER_F,OXYCODONE,SPCLTY_Internal Medicine,STATE_MD,,,
1841428075,GENDER_M,HYDROCODONE,SPCLTY_Family Practice,STATE_KY,TRAMADOL,,
1841430030,GENDER_F,OXYCODONE,SPCLTY_Geriatric Medicine,STATE_MA,TRAMADOL,,
1841433133,GENDER_F,OXYCODONE,SPCLTY_Urology,STATE_AL,,,
1841433786,GENDER_M,OXYCODONE,SPCLTY_Emergency Medicine,STATE_MA,,,
1841454626,GENDER_F,HYDROCODONE,OXYCODONE,SPCLTY_Oral Surgery (dentist,STATE_SC,,
1841458338,GENDER_F,OXYCODONE,SPCLTY_Physician Assistant,STATE_CT,,,
1841459658,GENDER_F,HYDROCODONE,OXYCODONE,SPCLTY_Family Practice,STATE_WI,,
1841463130,GENDER_M,HYDROCODONE,OXYCODONE,SPCLTY_Colorectal Surgery (f,STATE_FL,,
1841467735,FENTANYL,GENDER_M,HYDROCODONE,OXYCODONE,SPCLTY_Internal Medicine,STATE_VA,TRAMADOL
1841467883,GENDER_F,HYDROCODONE,OXYCODONE,SPCLTY_Family Practice,STATE_PA,TRAMADOL,
1841473394,GENDER_M,HYDROCODONE,SPCLTY_Family Practice,STATE_NY,,,
1841482445,GENDER_M,HYDROCODONE,SPCLTY_Clinic/Center,STATE_LA,TRAMADOL,,
1841487741,GENDER_F,OXYCODONE,SPCLTY_Nurse Practitioner,STATE_NC,TRAMADOL,,
1841497211,GENDER_M,HYDROCODONE,OXYCODONE,SPCLTY_Family Practice,STATE_OR,,
1841510880,GENDER_M,HYDROCODONE,SPCLTY_Dentist,STATE_KY,,,
1841511136,GENDER_M,HYDROCODONE,OXYCODONE,SPCLTY_Internal Medicine,STATE_NC,,
1841513975,GENDER_M,SPCLTY_Nephrology,STATE_GA,TRAMADOL,,,
1841519998,GENDER_M,OXYCODONE,SPCLTY_Dentist,STATE_WA,,,
1841521440,GENDER_F,HYDROCODONE,OXYCODONE,SPCLTY_Physician Assistant,STATE_NC,TRAMADOL,
1841539541,GENDER_M,HYDROCODONE,SPCLTY_Internal Medicine,STATE_NY,,,
1841540598,FENTANYL,GENDER_F,HYDROCODONE,OXYCODONE,SPCLTY_Physician Assistant,STATE_MA,TRAMADOL
1841543923,FENTANYL,GENDER_F,HYDROCODONE,OXYCODONE,SPCLTY_Nurse Practitioner,STATE_IN,TRAMADOL
1841547361,FENTANYL,GENDER_F,HYDROCODONE,OXYCODONE,SPCLTY_Nurse Practitioner,STATE_NY,TRAMADOL
1841547981,GENDER_F,HYDROCODONE,OXYCODONE,SPCLTY_Physician Assistant,STATE_PA,,
1841554250,GENDER_M,HYDROCODONE,SPCLTY_Internal Medicine,STATE_MS,,,
1841560596,GENDER_F,HYDROCODONE,OXYCODONE,SPCLTY_Nurse Practitioner,STATE_NY,,
1841561784,GENDER_M,HYDROCODONE,SPCLTY_Internal Medicine,STATE_CA,,,
1841578879,GENDER_M,OXYCODONE,SPCLTY_Student in an Organiz,STATE_WI,,,
1841588068,GENDER_M,HYDROCODONE,SPCLTY_Family Practice,STATE_FL,TRAMADOL,,
1841599438,GENDER_F,HYDROCODONE,SPCLTY_Family Practice,STATE_FL,TRAMADOL,,
1841601556,GENDER_M,HYDROCODONE,SPCLTY_Student in an Organiz,STATE_MS,,,
1841604956,GENDER_M,HYDROCODONE,OXYCODONE,SPCLTY_Otolaryngology,STATE_SC,,
1841612066,GENDER_F,HYDROCODONE,SPCLTY_Nurse Practitioner,STATE_TN,,,
1841613437,GENDER_M,HYDROCODONE,SPCLTY_Physician Assistant,STATE_SC,,,
1841613999,GENDER_F,SPCLTY_Nurse Practitioner,STATE_NJ,TRAMADOL,,,
1841620424,GENDER_M,HYDROCODONE,OXYCODONE,SPCLTY_Nurse Practitioner,STATE_AZ,,
1841632569,GENDER_F,HYDROCODONE,OXYCODONE,SPCLTY_Physician Assistant,STATE_ME,TRAMADOL,
1841639838,GENDER_M,OXYCODONE,SPCLTY_General Surgery,STATE_FL,,,
1851301907,GENDER_F,HYDROCODONE,SPCLTY_Internal Medicine,STATE_GA,,,
1851304679,GENDER_M,HYDROCODONE,SPCLTY_General Surgery,STATE_TX,,,
1851308340,GENDER_M,SPCLTY_Family Practice,STATE_PR,TRAMADOL,,,
1851309355,GENDER_M,HYDROCODONE,SPCLTY_Dentist,STATE_NC,,,
1851310692,GENDER_M,HYDROCODONE,SPCLTY_Emergency Medicine,STATE_FL,,,
1851311096,GENDER_M,OXYCODONE,SPCLTY_General Surgery,STATE_NJ,,,
1851311195,GENDER_M,HYDROCODONE,SPCLTY_Cardiac Surgery,STATE_LA,,,
1851312276,GENDER_M,OXYCODONE,SPCLTY_Urology,STATE_PA,,,
1851314041,GENDER_M,HYDROCODONE,SPCLTY_Internal Medicine,STATE_OH,,,
1851314421,GENDER_F,HYDROCODONE,SPCLTY_Internal Medicine,STATE_TX,TRAMADOL,,
1851320691,FENTANYL,GENDER_M,HYDROCODONE,OXYCODONE,SPCLTY_Hematology/Oncology,STATE_TN,TRAMADOL
1851323000,GENDER_M,HYDROCODONE,SPCLTY_Family Practice,STATE_AL,TRAMADOL,,
1851327977,FENTANYL,GENDER_F,HYDROCODONE,OXYCODONE,SPCLTY_Nurse Practitioner,STATE_TN,TRAMADOL
1851328371,GENDER_F,SPCLTY_Internal Medicine,STATE_IL,TRAMADOL,,,
1851328900,GENDER_F,HYDROCODONE,SPCLTY_Family Practice,STATE_KY,TRAMADOL,,
1851336440,FENTANYL,GENDER_M,HYDROCODONE,OXYCODONE,SPCLTY_Interventional Pain M,STATE_PR,TRAMADOL
1851337059,GENDER_M,HYDROCODONE,OXYCODONE,SPCLTY_Emergency Medicine,STATE_OR,,
1851337547,FENTANYL,GENDER_M,HYDROCODONE,SPCLTY_Internal Medicine,STATE_AL,TRAMADOL,
1851339477,GENDER_F,OXYCODONE,SPCLTY_Podiatry,STATE_LA,,,
1851344949,GENDER_M,HYDROCODONE,SPCLTY_Family Practice,STATE_CA,TRAMADOL,,
1851349021,FENTANYL,GENDER_M,HYDROCODONE,OXYCODONE,SPCLTY_Family Practice,STATE_WA,TRAMADOL
1851353452,GENDER_M,HYDROCODONE,SPCLTY_Urology,STATE_MD,,,
1851354443,GENDER_F,HYDROCODONE,SPCLTY_Gastroenterology,STATE_FL,TRAMADOL,,
1851358741,GENDER_M,HYDROCODONE,OXYCODONE,SPCLTY_Family Practice,STATE_PA,TRAMADOL,
1851359038,GENDER_F,HYDROCODONE,SPCLTY_Family Practice,STATE_GA,TRAMADOL,,
1851360580,FENTANYL,GENDER_F,OXYCODONE,SPCLTY_Nurse Practitioner,STATE_MA,TRAMADOL,
1851361430,GENDER_M,HYDROCODONE,OXYCODONE,SPCLTY_Orthopedic Surgery,STATE_AZ,TRAMADOL,
1851361711,FENTANYL,GENDER_F,HYDROCODONE,OXYCODONE,SPCLTY_Physical Medicine and,STATE_MI,TRAMADOL
1851363899,GENDER_F,HYDROCODONE,OXYCODONE,SPCLTY_Internal Medicine,STATE_PA,TRAMADOL,
1851366553,GENDER_M,HYDROCODONE,OXYCODONE,SPCLTY_General Surgery,STATE_OH,,
1851366785,GENDER_F,SPCLTY_Nephrology,STATE_TX,TRAMADOL,,,
1851367999,FENTANYL,GENDER_M,HYDROCODONE,OXYCODONE,SPCLTY_Family Practice,STATE_OK,TRAMADOL
1851368898,FENTANYL,GENDER_M,HYDROCODONE,OXYCODONE,SPCLTY_Pain Management,STATE_OK,TRAMADOL
1851369904,GENDER_F,HYDROCODONE,SPCLTY_Family Practice,STATE_OH,TRAMADOL,,
1851369920,GENDER_M,HYDROCODONE,OXYCODONE,SPCLTY_Urology,STATE_LA,,
1851370100,FENTANYL,GENDER_M,HYDROCODONE,OXYCODONE,SPCLTY_Physical Medicine and,STATE_PA,TRAMADOL
1851370282,FENTANYL,GENDER_M,HYDROCODONE,OXYCODONE,SPCLTY_Internal Medicine,STATE_NC,TRAMADOL
1851371967,GENDER_F,SPCLTY_Family Practice,STATE_NJ,TRAMADOL,,,
1851373021,GENDER_F,HYDROCODONE,SPCLTY_Nurse Practitioner,STATE_SC,TRAMADOL,,
1851375414,GENDER_M,HYDROCODONE,SPCLTY_Hematology/Oncology,STATE_CO,,,
1851376974,GENDER_M,HYDROCODONE,SPCLTY_Emergency Medicine,STATE_TX,,,
1851377717,GENDER_F,HYDROCODONE,SPCLTY_Family Practice,STATE_IL,,,
1851379747,GENDER_M,HYDROCODONE,OXYCODONE,SPCLTY_Family Practice,STATE_PA,TRAMADOL,
1851380125,FENTANYL,GENDER_F,HYDROCODONE,OXYCODONE,SPCLTY_Internal Medicine,STATE_ND,TRAMADOL
1851381396,FENTANYL,GENDER_M,HYDROCODONE,OXYCODONE,SPCLTY_Internal Medicine,STATE_OH,TRAMADOL
1851383418,FENTANYL,GENDER_M,HYDROCODONE,SPCLTY_Family Practice,STATE_IL,TRAMADOL,
1851387476,GENDER_M,HYDROCODONE,OXYCODONE,SPCLTY_Orthopedic Surgery,STATE_FL,TRAMADOL,
1851387872,GENDER_M,HYDROCODONE,OXYCODONE,SPCLTY_General Practice,STATE_TN,TRAMADOL,
1851388235,GENDER_M,HYDROCODONE,SPCLTY_Otolaryngology,STATE_VA,,,
1851391312,GENDER_M,HYDROCODONE,OXYCODONE,SPCLTY_Orthopedic Surgery,STATE_OH,TRAMADOL,
1851391619,GENDER_M,HYDROCODONE,OXYCODONE,SPCLTY_Orthopedic Surgery,STATE_FL,TRAMADOL,
1851392575,FENTANYL,GENDER_M,HYDROCODONE,OXYCODONE,SPCLTY_Family Practice,STATE_GA,TRAMADOL
1851393896,GENDER_M,OXYCODONE,SPCLTY_Urology,STATE_MD,,,
1851394464,GENDER_F,HYDROCODONE,OXYCODONE,SPCLTY_Nurse Practitioner,STATE_OR,,
1851399448,GENDER_M,HYDROCODONE,OXYCODONE,SPCLTY_Podiatry,STATE_IN,,
1851404453,FENTANYL,GENDER_M,HYDROCODONE,OXYCODONE,SPCLTY_Family Practice,STATE_LA,TRAMADOL
1851406748,GENDER_M,HYDROCODONE,SPCLTY_Dentist,STATE_OR,,,
1851408058,GENDER_M,SPCLTY_Family Practice,STATE_WI,TRAMADOL,,,
1851408538,GENDER_M,OXYCODONE,SPCLTY_Internal Medicine,STATE_FL,TRAMADOL,,
1851419378,FENTANYL,GENDER_M,SPCLTY_Physical Medicine and,STATE_PA,,,
1851420830,GENDER_M,OXYCODONE,SPCLTY_Nephrology,STATE_PR,TRAMADOL,,
1851433981,GENDER_M,HYDROCODONE,OXYCODONE,SPCLTY_Dentist,STATE_MO,,
1851446207,GENDER_F,HYDROCODONE,OXYCODONE,SPCLTY_Internal Medicine,STATE_MO,TRAMADOL,
1851449334,GENDER_M,OXYCODONE,SPCLTY_Dentist,STATE_PA,,,
1851451439,GENDER_M,HYDROCODONE,OXYCODONE,SPCLTY_Orthopedic Surgery,STATE_CA,TRAMADOL,
1851451728,GENDER_M,HYDROCODONE,SPCLTY_Urology,STATE_MI,,,
1851455216,GENDER_M,HYDROCODONE,SPCLTY_Family Practice,STATE_CA,TRAMADOL,,
1851458723,GENDER_M,HYDROCODONE,SPCLTY_General Surgery,STATE_TX,,,
1851460166,GENDER_M,HYDROCODONE,OXYCODONE,SPCLTY_Internal Medicine,STATE_PR,TRAMADOL,
1851468367,FENTANYL,GENDER_F,HYDROCODONE,OXYCODONE,SPCLTY_Internal Medicine,STATE_UT,TRAMADOL
1851469399,FENTANYL,GENDER_M,HYDROCODONE,OXYCODONE,SPCLTY_Internal Medicine,STATE_MI,TRAMADOL
1851471015,FENTANYL,GENDER_M,HYDROCODONE,OXYCODONE,SPCLTY_Physician Assistant,STATE_OK,TRAMADOL
1851473326,GENDER_F,HYDROCODONE,SPCLTY_Dentist,STATE_AR,,,
1851477467,GENDER_M,SPCLTY_Gastroenterology,STATE_CA,TRAMADOL,,,
1851479034,GENDER_M,OXYCODONE,SPCLTY_Colorectal Surgery (f,STATE_ME,,,
1851482061,GENDER_M,HYDROCODONE,SPCLTY_Dentist,STATE_AL,,,
1851483572,GENDER_F,HYDROCODONE,SPCLTY_Radiation Oncology,STATE_IL,,,
1851485247,GENDER_M,HYDROCODONE,SPCLTY_Emergency Medicine,STATE_NM,,,
1851488407,GENDER_M,HYDROCODONE,SPCLTY_Internal Medicine,STATE_TX,TRAMADOL,,
1851490726,GENDER_F,HYDROCODONE,SPCLTY_Physician Assistant,STATE_MD,,,
1851492342,GENDER_M,SPCLTY_Cardiology,STATE_WI,TRAMADOL,,,
1851498372,FENTANYL,GENDER_M,HYDROCODONE,OXYCODONE,SPCLTY_Internal Medicine,STATE_CA,TRAMADOL
1851501670,FENTANYL,GENDER_F,HYDROCODONE,OXYCODONE,SPCLTY_Internal Medicine,STATE_TN,TRAMADOL
1851512784,FENTANYL,GENDER_F,HYDROCODONE,OXYCODONE,SPCLTY_Nurse Practitioner,STATE_CT,TRAMADOL
1851516660,GENDER_M,HYDROCODONE,SPCLTY_Family Practice,STATE_IL,,,
1851519771,GENDER_M,HYDROCODONE,OXYCODONE,SPCLTY_Orthopedic Surgery,STATE_IN,TRAMADOL,
1851535355,GENDER_M,HYDROCODONE,SPCLTY_Family Practice,STATE_VA,TRAMADOL,,
1851543110,FENTANYL,GENDER_M,HYDROCODONE,OXYCODONE,SPCLTY_Internal Medicine,STATE_FL,TRAMADOL
1851552368,GENDER_F,HYDROCODONE,SPCLTY_Emergency Medicine,STATE_AZ,,,
1851554208,GENDER_M,HYDROCODONE,OXYCODONE,SPCLTY_Internal Medicine,STATE_NY,TRAMADOL,
1851557052,GENDER_M,HYDROCODONE,SPCLTY_General Surgery,STATE_OH,,,
1851558308,FENTANYL,GENDER_F,HYDROCODONE,OXYCODONE,SPCLTY_Physician Assistant,STATE_CA,
1851559405,GENDER_F,HYDROCODONE,SPCLTY_Family Practice,STATE_CA,,,
1851562375,GENDER_F,HYDROCODONE,OXYCODONE,SPCLTY_Internal Medicine,STATE_ND,TRAMADOL,
1851566178,GENDER_F,HYDROCODONE,SPCLTY_Internal Medicine,STATE_MA,,,
1851575930,GENDER_F,SPCLTY_Nurse Practitioner,STATE_NC,TRAMADOL,,,
1851581888,GENDER_M,OXYCODONE,SPCLTY_Urology,STATE_PA,,,
1851583173,GENDER_M,HYDROCODONE,SPCLTY_General Surgery,STATE_CA,,,
1851585798,GENDER_F,HYDROCODONE,SPCLTY_Rheumatology,STATE_IL,TRAMADOL,,
1851592265,GENDER_F,SPCLTY_Family Practice,STATE_GA,TRAMADOL,,,
1851595565,GENDER_M,SPCLTY_Nephrology,STATE_NJ,TRAMADOL,,,
1851603617,GENDER_M,HYDROCODONE,SPCLTY_Internal Medicine,STATE_MO,,,
1851628218,GENDER_M,OXYCODONE,SPCLTY_Physician Assistant,STATE_UT,,,
1851630727,FENTANYL,GENDER_M,HYDROCODONE,SPCLTY_Physician Assistant,STATE_SD,TRAMADOL,
1851642425,GENDER_F,HYDROCODONE,SPCLTY_Nurse Practitioner,STATE_MD,,,
1851642771,GENDER_M,HYDROCODONE,SPCLTY_Student in an Organiz,STATE_CA,,,
1851652697,GENDER_M,HYDROCODONE,SPCLTY_Orthopaedic Surgery,STATE_KS,,,
1851653984,GENDER_M,SPCLTY_Family Practice,STATE_PA,TRAMADOL,,,
1851659858,GENDER_M,HYDROCODONE,OXYCODONE,SPCLTY_Student in an Organiz,STATE_MI,,
1851660278,GENDER_F,OXYCODONE,SPCLTY_Nurse Practitioner,STATE_MI,,,
1851675664,GENDER_F,HYDROCODONE,SPCLTY_Nurse Practitioner,STATE_IN,TRAMADOL,,
1851686653,GENDER_F,HYDROCODONE,SPCLTY_Family Practice,STATE_CA,,,
1851687180,GENDER_F,SPCLTY_Family Practice,STATE_GA,TRAMADOL,,,
1851709190,FENTANYL,GENDER_F,HYDROCODONE,OXYCODONE,SPCLTY_Nurse Practitioner,STATE_OH,TRAMADOL
1851726400,GENDER_F,HYDROCODONE,SPCLTY_Physician Assistant,STATE_IL,,,
1851730154,GENDER_M,HYDROCODONE,SPCLTY_Dentist,STATE_LA,,,
1851734669,GENDER_M,SPCLTY_Family Practice,STATE_NJ,TRAMADOL,,,
1851791115,GENDER_F,HYDROCODONE,SPCLTY_Nurse Practitioner,STATE_ID,TRAMADOL,,
1861401754,GENDER_M,HYDROCODONE,OXYCODONE,SPCLTY_Internal Medicine,STATE_AL,TRAMADOL,
1861402737,GENDER_M,HYDROCODONE,OXYCODONE,SPCLTY_Dentist,STATE_AZ,,
1861402893,GENDER_M,HYDROCODONE,SPCLTY_Maxillofacial Surgery,STATE_IL,,,
1861403164,GENDER_F,OXYCODONE,SPCLTY_Nurse Practitioner,STATE_NC,,,
1861403693,GENDER_M,HYDROCODONE,SPCLTY_Family Practice,STATE_ME,,,
1861403768,GENDER_F,HYDROCODONE,SPCLTY_Nurse Practitioner,STATE_CA,TRAMADOL,,
1861403875,GENDER_F,OXYCODONE,SPCLTY_Internal Medicine,STATE_MA,TRAMADOL,,
1861407686,FENTANYL,GENDER_M,HYDROCODONE,OXYCODONE,SPCLTY_Family Practice,STATE_FL,TRAMADOL
1861408155,GENDER_M,OXYCODONE,SPCLTY_Obstetrics/Gynecology,STATE_PA,,,
1861408411,FENTANYL,GENDER_M,HYDROCODONE,OXYCODONE,SPCLTY_Internal Medicine,STATE_MO,TRAMADOL
1861411290,GENDER_M,HYDROCODONE,OXYCODONE,SPCLTY_Physician Assistant,STATE_CO,,
1861412066,GENDER_M,SPCLTY_Nurse Practitioner,STATE_VA,TRAMADOL,,,
1861417248,GENDER_M,HYDROCODONE,OXYCODONE,SPCLTY_Emergency Medicine,STATE_IN,,
1861420101,GENDER_F,HYDROCODONE,SPCLTY_Physician Assistant,STATE_TN,TRAMADOL,,
1861422396,GENDER_M,SPCLTY_Internal Medicine,STATE_AL,TRAMADOL,,,
1861422768,GENDER_F,HYDROCODONE,SPCLTY_Obstetrics/Gynecology,STATE_OR,,,
1861423071,FENTANYL,GENDER_M,HYDROCODONE,OXYCODONE,SPCLTY_Internal Medicine,STATE_MT,TRAMADOL
1861424129,GENDER_F,HYDROCODONE,SPCLTY_Dermatology,STATE_TX,,,
1861425068,FENTANYL,GENDER_M,HYDROCODONE,OXYCODONE,SPCLTY_Internal Medicine,STATE_IN,TRAMADOL
1861426108,GENDER_F,HYDROCODONE,SPCLTY_Emergency Medicine,STATE_IN,,,
1861426470,FENTANYL,GENDER_M,HYDROCODONE,OXYCODONE,SPCLTY_Internal Medicine,STATE_CA,TRAMADOL
1861429433,GENDER_F,HYDROCODONE,OXYCODONE,SPCLTY_Nurse Practitioner,STATE_VT,TRAMADOL,
1861429458,GENDER_F,HYDROCODONE,SPCLTY_Family Practice,STATE_KS,TRAMADOL,,
1861431173,GENDER_M,HYDROCODONE,OXYCODONE,SPCLTY_Family Practice,STATE_MD,TRAMADOL,
1861434995,GENDER_F,SPCLTY_Internal Medicine,STATE_NY,TRAMADOL,,,
1861435364,FENTANYL,GENDER_M,HYDROCODONE,OXYCODONE,SPCLTY_Pain Management,STATE_GA,TRAMADOL
1861436719,FENTANYL,GENDER_M,HYDROCODONE,OXYCODONE,SPCLTY_Internal Medicine,STATE_NY,TRAMADOL
1861437873,GENDER_M,HYDROCODONE,SPCLTY_Dentist,STATE_OR,,,
1861440232,GENDER_M,OXYCODONE,SPCLTY_Internal Medicine,STATE_AZ,,,
1861444671,GENDER_M,HYDROCODONE,OXYCODONE,SPCLTY_Internal Medicine,STATE_NY,TRAMADOL,
1861449696,FENTANYL,GENDER_M,HYDROCODONE,SPCLTY_Internal Medicine,STATE_MI,TRAMADOL,
1861451080,GENDER_M,HYDROCODONE,OXYCODONE,SPCLTY_Family Practice,STATE_ME,TRAMADOL,
1861451650,GENDER_M,HYDROCODONE,SPCLTY_Geriatric Medicine,STATE_SC,,,
1861452104,GENDER_M,HYDROCODONE,SPCLTY_Family Practice,STATE_MI,,,
1861453466,GENDER_M,SPCLTY_Family Practice,STATE_NC,TRAMADOL,,,
1861454860,GENDER_M,HYDROCODONE,SPCLTY_Emergency Medicine,STATE_OK,TRAMADOL,,
1861454878,GENDER_M,HYDROCODONE,SPCLTY_Internal Medicine,STATE_TX,TRAMADOL,,
1861458192,GENDER_M,HYDROCODONE,OXYCODONE,SPCLTY_Internal Medicine,STATE_MD,TRAMADOL,
1861459042,GENDER_F,OXYCODONE,SPCLTY_Nurse Practitioner,STATE_AZ,,,
1861459331,FENTANYL,GENDER_M,HYDROCODONE,OXYCODONE,SPCLTY_Family Practice,STATE_MN,TRAMADOL
1861460453,GENDER_M,HYDROCODONE,OXYCODONE,SPCLTY_Vascular Surgery,STATE_LA,,
1861460610,GENDER_M,HYDROCODONE,OXYCODONE,SPCLTY_Internal Medicine,STATE_FL,TRAMADOL,
1861462996,GENDER_F,HYDROCODONE,SPCLTY_Nurse Practitioner,STATE_MI,TRAMADOL,,
1861466229,GENDER_M,HYDROCODONE,SPCLTY_Dentist,STATE_KS,,,
1861466948,GENDER_M,HYDROCODONE,OXYCODONE,SPCLTY_Emergency Medicine,STATE_CA,,
1861467664,GENDER_M,OXYCODONE,SPCLTY_Neurology,STATE_NJ,,,
1861468027,GENDER_M,HYDROCODONE,OXYCODONE,SPCLTY_Family Practice,STATE_CA,TRAMADOL,
1861468373,FENTANYL,GENDER_F,HYDROCODONE,OXYCODONE,SPCLTY_Internal Medicine,STATE_CA,TRAMADOL
1861472854,GENDER_F,HYDROCODONE,SPCLTY_Nurse Practitioner,STATE_TN,,,
1861473001,GENDER_M,HYDROCODONE,OXYCODONE,SPCLTY_Orthopedic Surgery,STATE_VA,,
1861473977,FENTANYL,GENDER_F,HYDROCODONE,OXYCODONE,SPCLTY_Nurse Practitioner,STATE_MA,TRAMADOL
1861474447,GENDER_M,HYDROCODONE,OXYCODONE,SPCLTY_Oral Surgery (dentist,STATE_OH,,
1861477077,GENDER_M,SPCLTY_Rheumatology,STATE_DE,TRAMADOL,,,
1861477721,FENTANYL,GENDER_F,HYDROCODONE,OXYCODONE,SPCLTY_Medical Oncology,STATE_GA,TRAMADOL
1861479743,GENDER_M,HYDROCODONE,OXYCODONE,SPCLTY_Family Practice,STATE_IN,TRAMADOL,
1861479818,GENDER_M,HYDROCODONE,SPCLTY_Family Practice,STATE_TX,TRAMADOL,,
1861480022,GENDER_M,OXYCODONE,SPCLTY_Nephrology,STATE_PA,,,
1861482507,GENDER_F,HYDROCODONE,OXYCODONE,SPCLTY_Internal Medicine,STATE_PA,,
1861485625,GENDER_F,OXYCODONE,SPCLTY_General Practice,STATE_PR,TRAMADOL,,
1861486417,GENDER_M,HYDROCODONE,OXYCODONE,SPCLTY_Family Practice,STATE_IA,TRAMADOL,
1861489205,GENDER_M,HYDROCODONE,SPCLTY_Family Practice,STATE_KS,TRAMADOL,,
1861489882,FENTANYL,GENDER_F,HYDROCODONE,OXYCODONE,SPCLTY_Family Practice,STATE_ME,TRAMADOL
1861492688,FENTANYL,GENDER_F,OXYCODONE,SPCLTY_Internal Medicine,STATE_NY,,
1861492811,GENDER_M,OXYCODONE,SPCLTY_Orthopedic Surgery,STATE_NY,,,
1861493421,GENDER_M,HYDROCODONE,SPCLTY_Orthopedic Surgery,STATE_TX,TRAMADOL,,
1861493561,GENDER_M,OXYCODONE,SPCLTY_General Practice,STATE_PR,TRAMADOL,,
1861494890,GENDER_M,SPCLTY_Orthopedic Surgery,STATE_GA,TRAMADOL,,,
1861495871,FENTANYL,GENDER_M,OXYCODONE,SPCLTY_Family Practice,STATE_VA,TRAMADOL,
1861499667,GENDER_M,HYDROCODONE,SPCLTY_Physician Assistant,STATE_IN,TRAMADOL,,
1861499725,GENDER_M,HYDROCODONE,SPCLTY_Family Practice,STATE_NY,,,
1861501694,GENDER_M,HYDROCODONE,SPCLTY_Hematology/Oncology,STATE_UT,,,
1861512873,GENDER_F,OXYCODONE,SPCLTY_Nurse Practitioner,STATE_NY,,,
1861523052,GENDER_F,HYDROCODONE,SPCLTY_Family Practice,STATE_CA,,,
1861532764,GENDER_M,HYDROCODONE,SPCLTY_Family Practice,STATE_WA,,,
1861534851,GENDER_M,HYDROCODONE,SPCLTY_Dentist,STATE_NY,,,
1861543332,GENDER_M,SPCLTY_Family Practice,STATE_TX,TRAMADOL,,,
1861550691,GENDER_M,HYDROCODONE,SPCLTY_Rheumatology,STATE_OH,TRAMADOL,,
1861558652,GENDER_M,HYDROCODONE,SPCLTY_Dentist,STATE_AZ,,,
1861565327,GENDER_F,HYDROCODONE,OXYCODONE,SPCLTY_Nurse Practitioner,STATE_OH,,
1861565988,FENTANYL,GENDER_M,HYDROCODONE,OXYCODONE,SPCLTY_Physician Assistant,STATE_ID,
1861568289,GENDER_M,HYDROCODONE,SPCLTY_Orthopedic Surgery,STATE_MN,,,
1861570558,GENDER_F,HYDROCODONE,OXYCODONE,SPCLTY_Internal Medicine,STATE_NY,TRAMADOL,
1861571499,GENDER_M,HYDROCODONE,OXYCODONE,SPCLTY_Family Practice,STATE_VA,TRAMADOL,
1861577371,FENTANYL,GENDER_M,HYDROCODONE,OXYCODONE,SPCLTY_Internal Medicine,STATE_OR,TRAMADOL
1861578023,GENDER_M,HYDROCODONE,SPCLTY_Family Practice,STATE_WA,,,
1861588360,GENDER_M,HYDROCODONE,SPCLTY_Internal Medicine,STATE_IL,TRAMADOL,,
1861589210,GENDER_M,HYDROCODONE,SPCLTY_Internal Medicine,STATE_NC,,,
1861589442,GENDER_F,HYDROCODONE,SPCLTY_Physician Assistant,STATE_CA,TRAMADOL,,
1861590598,GENDER_M,HYDROCODONE,OXYCODONE,SPCLTY_Neurology,STATE_NY,TRAMADOL,
1861592685,GENDER_M,HYDROCODONE,SPCLTY_Internal Medicine,STATE_OK,,,
1861594228,GENDER_M,SPCLTY_Internal Medicine,STATE_CA,TRAMADOL,,,
1861594475,GENDER_F,SPCLTY_Internal Medicine,STATE_AL,TRAMADOL,,,
1861595233,FENTANYL,GENDER_M,HYDROCODONE,OXYCODONE,SPCLTY_Family Practice,STATE_CA,TRAMADOL
1861597668,GENDER_M,HYDROCODONE,OXYCODONE,SPCLTY_Podiatry,STATE_TX,TRAMADOL,
1861609331,GENDER_F,HYDROCODONE,SPCLTY_Radiation Oncology,STATE_TN,,,
1861612475,GENDER_F,HYDROCODONE,SPCLTY_Family Practice,STATE_IL,TRAMADOL,,
1861616922,GENDER_M,HYDROCODONE,SPCLTY_Orthopedic Surgery,STATE_NY,,,
1861640997,GENDER_F,HYDROCODONE,SPCLTY_Family Practice,STATE_CA,,,
1861643330,GENDER_M,HYDROCODONE,OXYCODONE,SPCLTY_Pain Management,STATE_UT,TRAMADOL,
1861643363,GENDER_F,SPCLTY_Nurse Practitioner,STATE_FL,TRAMADOL,,,
1861644999,FENTANYL,GENDER_F,HYDROCODONE,OXYCODONE,SPCLTY_Nurse Practitioner,STATE_AZ,
1861648214,GENDER_M,OXYCODONE,SPCLTY_Otolaryngology,STATE_CA,,,
1861654675,FENTANYL,GENDER_F,HYDROCODONE,OXYCODONE,SPCLTY_Family Practice,STATE_IL,TRAMADOL
1861655466,FENTANYL,GENDER_F,HYDROCODONE,OXYCODONE,SPCLTY_Family Practice,STATE_CT,TRAMADOL
1861656407,GENDER_M,HYDROCODONE,SPCLTY_Emergency Medicine,STATE_MI,,,
1861672818,GENDER_M,HYDROCODONE,OXYCODONE,SPCLTY_Family Practice,STATE_TX,TRAMADOL,
1861673089,GENDER_F,OXYCODONE,SPCLTY_Hematology/Oncology,STATE_NJ,,,
1861673121,FENTANYL,GENDER_M,HYDROCODONE,OXYCODONE,SPCLTY_Medical Oncology,STATE_WI,
1861673675,FENTANYL,GENDER_F,OXYCODONE,SPCLTY_Nurse Practitioner,STATE_KS,,
1861673733,GENDER_F,HYDROCODONE,OXYCODONE,SPCLTY_Nurse Practitioner,STATE_VA,,
1861677734,GENDER_F,HYDROCODONE,SPCLTY_Podiatry,STATE_TX,TRAMADOL,,
1861683799,GENDER_F,HYDROCODONE,OXYCODONE,SPCLTY_Internal Medicine,STATE_WA,TRAMADOL,
1861687923,FENTANYL,GENDER_M,HYDROCODONE,OXYCODONE,SPCLTY_Physical Medicine and,STATE_IN,TRAMADOL
1861697906,GENDER_F,SPCLTY_Physician Assistant,STATE_FL,TRAMADOL,,,
1861699043,GENDER_M,HYDROCODONE,SPCLTY_Plastic and Reconstru,STATE_AL,,,
1861704538,GENDER_F,SPCLTY_Physician Assistant,STATE_NC,TRAMADOL,,,
1861710956,GENDER_M,HYDROCODONE,OXYCODONE,SPCLTY_Family Practice,STATE_CO,TRAMADOL,
1861717779,GENDER_F,OXYCODONE,SPCLTY_Internal Medicine,STATE_RI,,,
1861718876,GENDER_F,HYDROCODONE,SPCLTY_Nurse Practitioner,STATE_OK,TRAMADOL,,
1861719932,FENTANYL,GENDER_F,HYDROCODONE,OXYCODONE,SPCLTY_Nurse Practitioner,STATE_WI,TRAMADOL
1861726614,GENDER_F,OXYCODONE,SPCLTY_Physician Assistant,STATE_PA,,,
1861739971,GENDER_F,SPCLTY_Nurse Practitioner,STATE_NE,TRAMADOL,,,
1861744658,FENTANYL,GENDER_F,HYDROCODONE,OXYCODONE,SPCLTY_Nurse Practitioner,STATE_OH,TRAMADOL
1861792541,GENDER_M,HYDROCODONE,SPCLTY_Internal Medicine,STATE_CA,,,
1861794026,GENDER_F,HYDROCODONE,SPCLTY_Nurse Practitioner,STATE_ID,,,
1861794968,GENDER_M,HYDROCODONE,SPCLTY_Internal Medicine,STATE_CA,,,
1861798399,GENDER_F,SPCLTY_Physician Assistant,STATE_NJ,TRAMADOL,,,
1861832347,GENDER_M,HYDROCODONE,SPCLTY_Internal Medicine,STATE_MI,,,
1871502625,GENDER_F,HYDROCODONE,SPCLTY_Family Practice,STATE_GA,,,
1871506212,FENTANYL,GENDER_F,HYDROCODONE,SPCLTY_Geriatric Medicine,STATE_FL,TRAMADOL,
1871506766,GENDER_M,HYDROCODONE,SPCLTY_General Surgery,STATE_AZ,,,
1871507665,FENTANYL,GENDER_M,HYDROCODONE,OXYCODONE,SPCLTY_Pain Management,STATE_NY,TRAMADOL
1871516054,GENDER_F,SPCLTY_Nephrology,STATE_CT,TRAMADOL,,,
1871516922,GENDER_M,SPCLTY_Podiatry,STATE_CA,TRAMADOL,,,
1871517110,FENTANYL,GENDER_M,HYDROCODONE,OXYCODONE,SPCLTY_Anesthesiology,STATE_CA,TRAMADOL
1871518241,GENDER_M,HYDROCODONE,SPCLTY_Internal Medicine,STATE_KY,TRAMADOL,,
1871520320,GENDER_M,HYDROCODONE,SPCLTY_Internal Medicine,STATE_CA,TRAMADOL,,
1871520577,FENTANYL,GENDER_M,HYDROCODONE,SPCLTY_Family Practice,STATE_TX,TRAMADOL,
1871520676,FENTANYL,GENDER_M,HYDROCODONE,OXYCODONE,SPCLTY_Family Practice,STATE_ID,TRAMADOL
1871521070,FENTANYL,GENDER_M,HYDROCODONE,OXYCODONE,SPCLTY_Internal Medicine,STATE_VA,TRAMADOL
1871533646,FENTANYL,GENDER_F,HYDROCODONE,OXYCODONE,SPCLTY_Internal Medicine,STATE_NJ,TRAMADOL
1871533950,GENDER_M,HYDROCODONE,SPCLTY_Emergency Medicine,STATE_IN,,,
1871536029,GENDER_M,HYDROCODONE,SPCLTY_Dentist,STATE_WV,,,
1871541482,FENTANYL,GENDER_M,HYDROCODONE,OXYCODONE,SPCLTY_Internal Medicine,STATE_AL,TRAMADOL
1871541821,FENTANYL,GENDER_F,HYDROCODONE,OXYCODONE,SPCLTY_Physical Medicine and,STATE_VA,TRAMADOL
1871543108,FENTANYL,GENDER_F,HYDROCODONE,SPCLTY_Nurse Practitioner,STATE_IA,,
1871543405,GENDER_M,HYDROCODONE,SPCLTY_Physical Medicine and,STATE_TX,TRAMADOL,,
1871548537,GENDER_F,HYDROCODONE,SPCLTY_Internal Medicine,STATE_MT,TRAMADOL,,
1871550962,GENDER_M,HYDROCODONE,OXYCODONE,SPCLTY_Family Practice,STATE_TX,TRAMADOL,
1871551937,GENDER_F,HYDROCODONE,OXYCODONE,SPCLTY_Physician Assistant,STATE_NY,TRAMADOL,
1871557025,FENTANYL,GENDER_M,HYDROCODONE,OXYCODONE,SPCLTY_Internal Medicine,STATE_NJ,TRAMADOL
1871558072,GENDER_M,HYDROCODONE,SPCLTY_Emergency Medicine,STATE_NC,TRAMADOL,,
1871558783,GENDER_M,OXYCODONE,SPCLTY_Colorectal Surgery (f,STATE_NJ,,,
1871559559,GENDER_M,HYDROCODONE,SPCLTY_Emergency Medicine,STATE_AR,TRAMADOL,,
1871560334,GENDER_M,HYDROCODONE,OXYCODONE,SPCLTY_Internal Medicine,STATE_AZ,TRAMADOL,
1871560599,GENDER_M,HYDROCODONE,SPCLTY_Family Practice,STATE_AL,,,
1871561167,GENDER_M,HYDROCODONE,OXYCODONE,SPCLTY_Neurosurgery,STATE_AR,TRAMADOL,
1871566208,GENDER_M,SPCLTY_Physician Assistant,STATE_FL,TRAMADOL,,,
1871569616,FENTANYL,GENDER_M,HYDROCODONE,SPCLTY_Neurology,STATE_NJ,TRAMADOL,
1871569798,FENTANYL,GENDER_M,HYDROCODONE,OXYCODONE,SPCLTY_Family Practice,STATE_MI,TRAMADOL
1871573246,GENDER_M,OXYCODONE,SPCLTY_Internal Medicine,STATE_AZ,,,
1871574525,FENTANYL,GENDER_M,HYDROCODONE,OXYCODONE,SPCLTY_Internal Medicine,STATE_MO,TRAMADOL
1871575100,GENDER_M,HYDROCODONE,SPCLTY_Urology,STATE_TX,,,
1871577460,FENTANYL,GENDER_M,HYDROCODONE,OXYCODONE,SPCLTY_Internal Medicine,STATE_SC,TRAMADOL
1871577858,GENDER_M,HYDROCODONE,OXYCODONE,SPCLTY_Emergency Medicine,STATE_IN,TRAMADOL,
1871579177,GENDER_F,SPCLTY_Nurse Practitioner,STATE_MN,TRAMADOL,,,
1871584193,GENDER_M,HYDROCODONE,SPCLTY_Oral Surgery (dentist,STATE_NY,,,
1871585166,GENDER_M,HYDROCODONE,SPCLTY_Neurology,STATE_MI,,,
1871585935,GENDER_M,HYDROCODONE,OXYCODONE,SPCLTY_Family Practice,STATE_AR,TRAMADOL,
1871589556,GENDER_M,OXYCODONE,SPCLTY_Pediatric Medicine,STATE_NY,TRAMADOL,,
1871591438,GENDER_F,HYDROCODONE,SPCLTY_Nurse Practitioner,STATE_AR,TRAMADOL,,
1871591677,FENTANYL,GENDER_M,OXYCODONE,SPCLTY_Gastroenterology,STATE_NY,,
1871592683,GENDER_M,HYDROCODONE,OXYCODONE,SPCLTY_Internal Medicine,STATE_CA,,
1871596551,GENDER_M,HYDROCODONE,OXYCODONE,SPCLTY_Hematology/Oncology,STATE_OR,,
1871596668,FENTANYL,GENDER_M,HYDROCODONE,OXYCODONE,SPCLTY_Family Practice,STATE_OH,TRAMADOL
1871597211,GENDER_M,HYDROCODONE,SPCLTY_Internal Medicine,STATE_WI,,,
1871601948,GENDER_F,HYDROCODONE,OXYCODONE,SPCLTY_Nurse Practitioner,STATE_ME,TRAMADOL,
1871604702,FENTANYL,GENDER_F,HYDROCODONE,OXYCODONE,SPCLTY_Nurse Practitioner,STATE_VT,TRAMADOL
1871605147,GENDER_M,HYDROCODONE,SPCLTY_Podiatry,STATE_IN,,,
1871608513,FENTANYL,GENDER_M,HYDROCODONE,OXYCODONE,SPCLTY_General Practice,STATE_FL,TRAMADOL
1871611319,GENDER_F,SPCLTY_Nurse Practitioner,STATE_NY,TRAMADOL,,,
1871611418,GENDER_F,HYDROCODONE,SPCLTY_Emergency Medicine,STATE_OH,,,
1871614545,GENDER_F,HYDROCODONE,OXYCODONE,SPCLTY_Family Practice,STATE_MI,,
1871617316,GENDER_M,HYDROCODONE,OXYCODONE,SPCLTY_Family Practice,STATE_NY,TRAMADOL,
1871624155,GENDER_M,HYDROCODONE,OXYCODONE,SPCLTY_Physician Assistant,STATE_CA,TRAMADOL,
1871628404,GENDER_M,HYDROCODONE,SPCLTY_Physician Assistant,STATE_UT,,,
1871642082,GENDER_M,HYDROCODONE,OXYCODONE,SPCLTY_Family Practice,STATE_HI,,
1871648964,GENDER_F,SPCLTY_Physician Assistant,STATE_NC,TRAMADOL,,,
1871649400,FENTANYL,GENDER_F,HYDROCODONE,OXYCODONE,SPCLTY_Rheumatology,STATE_CO,
1871651307,GENDER_F,HYDROCODONE,SPCLTY_Nurse Practitioner,STATE_CA,TRAMADOL,,
1871653345,GENDER_M,HYDROCODONE,OXYCODONE,SPCLTY_Family Practice,STATE_PA,,
1871654012,GENDER_M,HYDROCODONE,SPCLTY_Dentist,STATE_MI,,,
1871654897,FENTANYL,GENDER_F,OXYCODONE,SPCLTY_Family Practice,STATE_NY,TRAMADOL,
1871655431,GENDER_F,SPCLTY_Family Practice,STATE_SC,TRAMADOL,,,
1871657528,GENDER_F,SPCLTY_Family Practice,STATE_IL,TRAMADOL,,,
1871658153,FENTANYL,GENDER_M,HYDROCODONE,OXYCODONE,SPCLTY_Internal Medicine,STATE_OR,TRAMADOL
1871658641,GENDER_M,HYDROCODONE,SPCLTY_Emergency Medicine,STATE_CA,,,
1871659565,GENDER_F,HYDROCODONE,SPCLTY_Physical Medicine and,STATE_OK,TRAMADOL,,
1871660506,GENDER_M,OXYCODONE,SPCLTY_Obstetrics/Gynecology,STATE_FL,,,
1871667543,GENDER_M,HYDROCODONE,SPCLTY_Dentist,STATE_TX,TRAMADOL,,
1871668145,FENTANYL,GENDER_M,HYDROCODONE,OXYCODONE,SPCLTY_Physician Assistant,STATE_IA,TRAMADOL
1871669275,FENTANYL,GENDER_F,HYDROCODONE,OXYCODONE,SPCLTY_Nurse Practitioner,STATE_NC,TRAMADOL
1871670026,GENDER_M,HYDROCODONE,SPCLTY_Otolaryngology,STATE_MD,,,
1871672931,GENDER_F,HYDROCODONE,SPCLTY_Obstetrics/Gynecology,STATE_NV,,,
1871673830,GENDER_M,OXYCODONE,SPCLTY_Family Practice,STATE_NJ,TRAMADOL,,
1871682567,FENTANYL,GENDER_F,HYDROCODONE,SPCLTY_Nurse Practitioner,STATE_TN,TRAMADOL,
1871682732,GENDER_M,SPCLTY_Family Practice,STATE_MI,TRAMADOL,,,
1871690172,GENDER_F,SPCLTY_Nurse Practitioner,STATE_MO,TRAMADOL,,,
1871692129,GENDER_M,SPCLTY_Physician Assistant,STATE_KS,TRAMADOL,,,
1871692848,GENDER_M,HYDROCODONE,OXYCODONE,SPCLTY_Internal Medicine,STATE_CA,,
1871694091,GENDER_M,OXYCODONE,SPCLTY_Plastic and Reconstru,STATE_VA,,,
1871694505,GENDER_M,HYDROCODONE,OXYCODONE,SPCLTY_Rheumatology,STATE_FL,TRAMADOL,
1871702340,GENDER_F,OXYCODONE,SPCLTY_Ophthalmology,STATE_VA,,,
1871702712,GENDER_F,HYDROCODONE,SPCLTY_Family Practice,STATE_VA,,,
1871704882,GENDER_M,HYDROCODONE,SPCLTY_General Surgery,STATE_TN,,,
1871714600,GENDER_M,HYDROCODONE,SPCLTY_Dentist,STATE_GA,,,
1871716357,GENDER_M,SPCLTY_Physician Assistant,STATE_FL,TRAMADOL,,,
1871727560,GENDER_F,HYDROCODONE,OXYCODONE,SPCLTY_Internal Medicine,STATE_NC,TRAMADOL,
1871732065,GENDER_M,HYDROCODONE,OXYCODONE,SPCLTY_Physician Assistant,STATE_NY,,
1871737015,GENDER_F,HYDROCODONE,SPCLTY_Orthopedic Surgery,STATE_TX,TRAMADOL,,
1871738286,FENTANYL,GENDER_F,HYDROCODONE,OXYCODONE,SPCLTY_Internal Medicine,STATE_TX,TRAMADOL
1871743252,GENDER_F,HYDROCODONE,OXYCODONE,SPCLTY_Physician Assistant,STATE_NC,TRAMADOL,
1871747188,GENDER_F,HYDROCODONE,SPCLTY_Family Practice,STATE_MA,TRAMADOL,,
1871751867,GENDER_M,HYDROCODONE,SPCLTY_Gynecological/Oncolog,STATE_SD,,,
1871754564,GENDER_F,SPCLTY_Nurse Practitioner,STATE_MO,TRAMADOL,,,
1871762328,GENDER_F,HYDROCODONE,OXYCODONE,SPCLTY_Emergency Medicine,STATE_MI,,
1871765958,GENDER_M,OXYCODONE,SPCLTY_Internal Medicine,STATE_FL,,,
1871768978,GENDER_M,HYDROCODONE,SPCLTY_Oral Surgery (dentist,STATE_FL,TRAMADOL,,
1871778837,GENDER_M,SPCLTY_Emergency Medicine,STATE_FL,TRAMADOL,,,
1871782953,GENDER_M,HYDROCODONE,SPCLTY_Family Practice,STATE_CA,TRAMADOL,,
1871788927,GENDER_F,HYDROCODONE,SPCLTY_Physical Medicine and,STATE_TX,TRAMADOL,,
1871797019,GENDER_M,HYDROCODONE,OXYCODONE,SPCLTY_General Surgery,STATE_TN,,
1871799809,GENDER_M,HYDROCODONE,SPCLTY_Physician Assistant,STATE_TX,,,
1871814624,GENDER_M,HYDROCODONE,SPCLTY_Family Practice,STATE_NY,,,
1871826883,GENDER_F,OXYCODONE,SPCLTY_Physician Assistant,STATE_MA,,,
1871839191,GENDER_F,OXYCODONE,SPCLTY_Nurse Practitioner,STATE_OH,,,
1871854943,GENDER_F,SPCLTY_Family Practice,STATE_NC,TRAMADOL,,,
1871855411,GENDER_F,HYDROCODONE,SPCLTY_Internal Medicine,STATE_KS,,,
1871865071,GENDER_F,HYDROCODONE,OXYCODONE,SPCLTY_Nurse Practitioner,STATE_UT,,
1871880534,GENDER_M,HYDROCODONE,SPCLTY_Emergency Medicine,STATE_CO,,,
1871882332,GENDER_F,HYDROCODONE,SPCLTY_Emergency Medicine,STATE_CO,,,
1871889436,GENDER_F,HYDROCODONE,SPCLTY_Emergency Medicine,STATE_OH,,,
1871898320,GENDER_F,HYDROCODONE,SPCLTY_Physician Assistant,STATE_MI,,,
1871899096,GENDER_F,HYDROCODONE,OXYCODONE,SPCLTY_Physician Assistant,STATE_TN,,
1871914481,GENDER_M,OXYCODONE,SPCLTY_Nurse Practitioner,STATE_NJ,,,
1871933606,GENDER_F,HYDROCODONE,SPCLTY_Student in an Organiz,STATE_IL,,,
1881607588,GENDER_M,SPCLTY_Neurology,STATE_MI,TRAMADOL,,,
1881608354,GENDER_M,HYDROCODONE,SPCLTY_Family Practice,STATE_IL,,,
1881608768,GENDER_M,OXYCODONE,SPCLTY_Urology,STATE_CO,TRAMADOL,,
1881609394,GENDER_M,HYDROCODONE,OXYCODONE,SPCLTY_Orthopedic Surgery,STATE_OR,,
1881610525,FENTANYL,GENDER_F,HYDROCODONE,OXYCODONE,SPCLTY_Nurse Practitioner,STATE_AZ,
1881611960,GENDER_F,HYDROCODONE,SPCLTY_Family Practice,STATE_NC,TRAMADOL,,
1881613347,GENDER_M,SPCLTY_Internal Medicine,STATE_MO,TRAMADOL,,,
1881613537,GENDER_M,OXYCODONE,SPCLTY_Emergency Medicine,STATE_CT,,,
1881613594,GENDER_M,HYDROCODONE,SPCLTY_Emergency Medicine,STATE_IN,,,
1881618858,GENDER_M,HYDROCODONE,OXYCODONE,SPCLTY_Orthopedic Surgery,STATE_OH,,
1881620003,GENDER_M,HYDROCODONE,SPCLTY_Family Practice,STATE_LA,TRAMADOL,,
1881621068,FENTANYL,GENDER_M,HYDROCODONE,OXYCODONE,SPCLTY_General Practice,STATE_KS,TRAMADOL
1881621688,GENDER_M,HYDROCODONE,OXYCODONE,SPCLTY_Internal Medicine,STATE_MI,TRAMADOL,
1881623254,FENTANYL,GENDER_M,HYDROCODONE,OXYCODONE,SPCLTY_Rheumatology,STATE_OR,TRAMADOL
1881624997,GENDER_M,SPCLTY_Family Practice,STATE_NY,TRAMADOL,,,
1881627198,GENDER_F,HYDROCODONE,SPCLTY_Family Practice,STATE_IL,,,
1881627966,FENTANYL,GENDER_M,HYDROCODONE,OXYCODONE,SPCLTY_Hematology/Oncology,STATE_FL,
1881631786,GENDER_F,HYDROCODONE,SPCLTY_Nurse Practitioner,STATE_CA,TRAMADOL,,
1881636082,GENDER_M,HYDROCODONE,OXYCODONE,SPCLTY_Family Practice,STATE_FL,TRAMADOL,
1881637825,GENDER_M,OXYCODONE,SPCLTY_Vascular Surgery,STATE_OH,,,
1881638641,FENTANYL,GENDER_F,HYDROCODONE,OXYCODONE,SPCLTY_Physician Assistant,STATE_MI,TRAMADOL
1881644227,GENDER_F,SPCLTY_Physician Assistant,STATE_PA,TRAMADOL,,,
1881644334,FENTANYL,GENDER_M,SPCLTY_Geriatric Medicine,STATE_NE,,,
1881644557,FENTANYL,GENDER_M,HYDROCODONE,OXYCODONE,SPCLTY_Family Practice,STATE_SC,TRAMADOL
1881647048,FENTANYL,GENDER_M,HYDROCODONE,SPCLTY_Internal Medicine,STATE_IL,TRAMADOL,
1881647295,GENDER_M,HYDROCODONE,SPCLTY_Psychiatry,STATE_TX,,,
1881648541,GENDER_F,OXYCODONE,SPCLTY_Internal Medicine,STATE_NJ,TRAMADOL,,
1881654119,GENDER_M,OXYCODONE,SPCLTY_General Surgery,STATE_NY,,,
1881656148,GENDER_M,HYDROCODONE,OXYCODONE,SPCLTY_Internal Medicine,STATE_CO,TRAMADOL,
1881656296,GENDER_M,HYDROCODONE,OXYCODONE,SPCLTY_Family Practice,STATE_MN,TRAMADOL,
1881658714,FENTANYL,GENDER_M,HYDROCODONE,OXYCODONE,SPCLTY_Internal Medicine,STATE_TX,TRAMADOL
1881659720,FENTANYL,GENDER_F,HYDROCODONE,OXYCODONE,SPCLTY_Physician Assistant,STATE_SD,TRAMADOL
1881663995,GENDER_M,HYDROCODONE,SPCLTY_Ophthalmology,STATE_TX,,,
1881667210,GENDER_M,HYDROCODONE,SPCLTY_Emergency Medicine,STATE_OK,,,
1881667525,GENDER_M,HYDROCODONE,OXYCODONE,SPCLTY_Medical Oncology,STATE_PA,,
1881668358,FENTANYL,GENDER_M,HYDROCODONE,OXYCODONE,SPCLTY_Internal Medicine,STATE_NY,TRAMADOL
1881668861,GENDER_M,HYDROCODONE,SPCLTY_Family Practice,STATE_NV,,,
1881668986,GENDER_F,HYDROCODONE,SPCLTY_Family Practice,STATE_TX,TRAMADOL,,
1881670123,GENDER_M,HYDROCODONE,SPCLTY_Anesthesiology,STATE_IA,TRAMADOL,,
1881671253,GENDER_M,HYDROCODONE,SPCLTY_Obstetrics/Gynecology,STATE_PA,,,
1881671279,GENDER_M,HYDROCODONE,SPCLTY_Internal Medicine,STATE_IN,TRAMADOL,,
1881672152,FENTANYL,GENDER_M,HYDROCODONE,OXYCODONE,SPCLTY_Family Practice,STATE_TN,TRAMADOL
1881672756,GENDER_M,HYDROCODONE,SPCLTY_Family Practice,STATE_CO,,,
1881673135,GENDER_M,HYDROCODONE,SPCLTY_Internal Medicine,STATE_OH,,,
1881675254,GENDER_M,HYDROCODONE,OXYCODONE,SPCLTY_Family Practice,STATE_AZ,TRAMADOL,
1881676971,FENTANYL,GENDER_F,HYDROCODONE,SPCLTY_Hematology/Oncology,STATE_MT,,
1881677011,FENTANYL,GENDER_F,HYDROCODONE,OXYCODONE,SPCLTY_Family Practice,STATE_WI,TRAMADOL
1881682896,GENDER_M,HYDROCODONE,OXYCODONE,SPCLTY_Family Practice,STATE_NM,TRAMADOL,
1881683241,GENDER_M,HYDROCODONE,SPCLTY_Neurology,STATE_FL,,,
1881684017,FENTANYL,GENDER_M,HYDROCODONE,OXYCODONE,SPCLTY_Family Practice,STATE_NY,TRAMADOL
1881684231,FENTANYL,GENDER_M,HYDROCODONE,OXYCODONE,SPCLTY_Anesthesiology,STATE_IL,TRAMADOL
1881684264,FENTANYL,GENDER_F,HYDROCODONE,OXYCODONE,SPCLTY_Nurse Practitioner,STATE_ME,TRAMADOL
1881686848,FENTANYL,GENDER_F,HYDROCODONE,OXYCODONE,SPCLTY_Medical Oncology,STATE_IN,
1881686913,GENDER_M,SPCLTY_Internal Medicine,STATE_NY,TRAMADOL,,,
1881688794,GENDER_M,HYDROCODONE,OXYCODONE,SPCLTY_Hand Surgery,STATE_NJ,TRAMADOL,
1881690519,GENDER_M,HYDROCODONE,SPCLTY_Family Practice,STATE_AR,TRAMADOL,,
1881693034,GENDER_M,HYDROCODONE,SPCLTY_Otolaryngology,STATE_OH,,,
1881694347,GENDER_M,HYDROCODONE,SPCLTY_Urology,STATE_MS,,,
1881694644,GENDER_M,HYDROCODONE,SPCLTY_Emergency Medicine,STATE_IL,,,
1881696219,FENTANYL,GENDER_M,HYDROCODONE,OXYCODONE,SPCLTY_Family Practice,STATE_PA,TRAMADOL
1881699270,GENDER_M,HYDROCODONE,SPCLTY_Otolaryngology,STATE_TX,,,
1881702405,GENDER_M,HYDROCODONE,SPCLTY_Emergency Medicine,STATE_IN,,,
1881704054,GENDER_M,HYDROCODONE,SPCLTY_Family Practice,STATE_FL,TRAMADOL,,
1881705200,GENDER_M,OXYCODONE,SPCLTY_Internal Medicine,STATE_WA,,,
1881705267,GENDER_M,HYDROCODONE,SPCLTY_Family Practice,STATE_CA,TRAMADOL,,
1881709210,FENTANYL,GENDER_M,HYDROCODONE,OXYCODONE,SPCLTY_Internal Medicine,STATE_OR,TRAMADOL
1881710440,GENDER_F,HYDROCODONE,SPCLTY_Family Practice,STATE_CA,,,
1881712453,GENDER_F,SPCLTY_Nurse Practitioner,STATE_NJ,TRAMADOL,,,
1881725711,GENDER_M,OXYCODONE,SPCLTY_Physician Assistant,STATE_NH,TRAMADOL,,
1881741684,GENDER_F,SPCLTY_Internal Medicine,STATE_MA,TRAMADOL,,,
1881742732,GENDER_M,HYDROCODONE,SPCLTY_Family Practice,STATE_CA,TRAMADOL,,
1881744985,GENDER_F,HYDROCODONE,OXYCODONE,SPCLTY_Podiatry,STATE_NJ,,
1881747426,GENDER_F,HYDROCODONE,SPCLTY_Internal Medicine,STATE_CA,TRAMADOL,,
1881748473,GENDER_M,HYDROCODONE,SPCLTY_Family Practice,STATE_WA,,,
1881753416,FENTANYL,GENDER_F,HYDROCODONE,OXYCODONE,SPCLTY_Internal Medicine,STATE_CA,TRAMADOL
1881758563,GENDER_F,HYDROCODONE,SPCLTY_Infectious Disease,STATE_OK,,,
1881764413,FENTANYL,GENDER_M,HYDROCODONE,OXYCODONE,SPCLTY_Internal Medicine,STATE_FL,TRAMADOL
1881775898,GENDER_F,HYDROCODONE,OXYCODONE,SPCLTY_Physician Assistant,STATE_VT,,
1881784510,FENTANYL,GENDER_F,HYDROCODONE,SPCLTY_Family Practice,STATE_IN,TRAMADOL,
1881788669,GENDER_M,HYDROCODONE,SPCLTY_Family Practice,STATE_CA,TRAMADOL,,
1881794311,GENDER_M,HYDROCODONE,SPCLTY_Otolaryngology,STATE_PA,,,
1881796712,GENDER_F,HYDROCODONE,SPCLTY_Internal Medicine,STATE_IA,TRAMADOL,,
1881799492,GENDER_F,HYDROCODONE,OXYCODONE,SPCLTY_Family Practice,STATE_MI,TRAMADOL,
1881799922,GENDER_M,HYDROCODONE,SPCLTY_Endocrinology,STATE_CA,TRAMADOL,,
1881803203,GENDER_M,SPCLTY_Psychologist (billing,STATE_AR,TRAMADOL,,,
1881813228,GENDER_F,HYDROCODONE,OXYCODONE,SPCLTY_Geriatric Medicine,STATE_CA,,
1881822591,GENDER_M,HYDROCODONE,SPCLTY_Emergency Medicine,STATE_MI,,,
1881825461,GENDER_M,HYDROCODONE,OXYCODONE,SPCLTY_Emergency Medicine,STATE_FL,TRAMADOL,
1881826790,FENTANYL,GENDER_M,HYDROCODONE,OXYCODONE,SPCLTY_Family Practice,STATE_OK,TRAMADOL
1881835379,GENDER_M,HYDROCODONE,SPCLTY_Emergency Medicine,STATE_CO,,,
1881842383,GENDER_M,HYDROCODONE,SPCLTY_Dentist,STATE_WA,,,
1881850006,GENDER_M,OXYCODONE,SPCLTY_Internal Medicine,STATE_NY,TRAMADOL,,
1881853919,GENDER_M,HYDROCODONE,OXYCODONE,SPCLTY_Internal Medicine,STATE_MD,TRAMADOL,
1881854669,GENDER_F,HYDROCODONE,SPCLTY_Pediatric Medicine,STATE_IL,,,
1881856144,GENDER_M,HYDROCODONE,OXYCODONE,SPCLTY_Emergency Medicine,STATE_WV,,
1881857118,GENDER_M,HYDROCODONE,OXYCODONE,SPCLTY_Family Practice,STATE_CA,TRAMADOL,
1881867851,GENDER_F,OXYCODONE,SPCLTY_Physician Assistant,STATE_NY,,,
1881869279,GENDER_M,HYDROCODONE,SPCLTY_Dentist,STATE_CO,,,
1881875771,GENDER_M,HYDROCODONE,OXYCODONE,SPCLTY_Family Practice,STATE_MO,TRAMADOL,
1881887826,GENDER_M,OXYCODONE,SPCLTY_Hematology/Oncology,STATE_SC,,,
1881890002,GENDER_M,HYDROCODONE,OXYCODONE,SPCLTY_Hand Surgery,STATE_OR,,
1881903169,GENDER_F,OXYCODONE,SPCLTY_Physician Assistant,STATE_OH,,,
1881905321,GENDER_F,HYDROCODONE,SPCLTY_Physician Assistant,STATE_TX,,,
1881906360,GENDER_M,HYDROCODONE,SPCLTY_Dentist,STATE_TN,,,
1881910420,FENTANYL,GENDER_M,OXYCODONE,SPCLTY_Internal Medicine,STATE_MD,,
1881917342,GENDER_F,SPCLTY_Nurse Practitioner,STATE_MO,TRAMADOL,,,
1881920627,GENDER_M,HYDROCODONE,SPCLTY_Internal Medicine,STATE_IN,,,
1881922193,GENDER_M,HYDROCODONE,SPCLTY_Dentist,STATE_MO,,,
1881935245,GENDER_F,HYDROCODONE,SPCLTY_Physician Assistant,STATE_IL,,,
1881939288,GENDER_F,HYDROCODONE,SPCLTY_Physician Assistant,STATE_OR,,,
1881942142,GENDER_F,OXYCODONE,SPCLTY_Physician Assistant,STATE_CT,,,
1881943637,GENDER_F,HYDROCODONE,SPCLTY_Nurse Practitioner,STATE_TN,TRAMADOL,,
1881967081,GENDER_F,HYDROCODONE,OXYCODONE,SPCLTY_Physician Assistant,STATE_VA,,
1881969475,GENDER_M,SPCLTY_Physician Assistant,STATE_WV,TRAMADOL,,,
1881977346,GENDER_M,HYDROCODONE,SPCLTY_Dentist,STATE_WA,,,
1881988624,FENTANYL,GENDER_F,HYDROCODONE,OXYCODONE,SPCLTY_Nurse Practitioner,STATE_MN,TRAMADOL
1881994754,GENDER_F,OXYCODONE,SPCLTY_Physician Assistant,STATE_PA,,,
1891006490,GENDER_M,OXYCODONE,SPCLTY_Family Practice,STATE_FL,TRAMADOL,,
1891007167,GENDER_M,HYDROCODONE,SPCLTY_Emergency Medicine,STATE_ID,,,
1891015152,GENDER_M,OXYCODONE,SPCLTY_Emergency Medicine,STATE_MA,,,
1891015442,GENDER_F,HYDROCODONE,SPCLTY_Family Practice,STATE_AR,TRAMADOL,,
1891016580,GENDER_F,HYDROCODONE,SPCLTY_Family Practice,STATE_IL,TRAMADOL,,
1891031019,GENDER_F,HYDROCODONE,SPCLTY_Physician Assistant,STATE_AZ,,,
1891036075,GENDER_M,HYDROCODONE,SPCLTY_Physician Assistant,STATE_TX,TRAMADOL,,
1891046033,GENDER_F,OXYCODONE,SPCLTY_Student in an Organiz,STATE_DC,,,
1891052346,GENDER_M,OXYCODONE,SPCLTY_Podiatry,STATE_FL,,,
1891053112,GENDER_F,HYDROCODONE,OXYCODONE,SPCLTY_Family Practice,STATE_MN,,
1891058137,GENDER_M,HYDROCODONE,SPCLTY_Dentist,STATE_AZ,,,
1891059432,GENDER_F,HYDROCODONE,SPCLTY_Physician Assistant,STATE_PA,TRAMADOL,,
1891066064,GENDER_F,OXYCODONE,SPCLTY_Physician Assistant,STATE_MA,,,
1891072278,GENDER_M,HYDROCODONE,OXYCODONE,SPCLTY_Internal Medicine,STATE_MI,TRAMADOL,
1891078655,FENTANYL,GENDER_F,HYDROCODONE,SPCLTY_Nurse Practitioner,STATE_IL,TRAMADOL,
1891080362,GENDER_F,HYDROCODONE,SPCLTY_Family Practice,STATE_NE,TRAMADOL,,
1891085254,GENDER_F,HYDROCODONE,OXYCODONE,SPCLTY_Family Practice,STATE_PA,TRAMADOL,
1891087508,GENDER_M,OXYCODONE,SPCLTY_Emergency Medicine,STATE_IL,,,
1891098323,GENDER_F,HYDROCODONE,SPCLTY_Physician Assistant,STATE_IL,,,
1891104261,GENDER_F,HYDROCODONE,SPCLTY_Physician Assistant,STATE_NY,,,
1891117388,GENDER_F,HYDROCODONE,SPCLTY_Nurse Practitioner,STATE_CA,,,
1891123543,GENDER_M,HYDROCODONE,SPCLTY_Physician Assistant,STATE_ID,,,
1891124228,GENDER_M,HYDROCODONE,SPCLTY_Dentist,STATE_CO,,,
1891129698,GENDER_F,HYDROCODONE,SPCLTY_Dentist,STATE_OR,,,
1891132460,GENDER_F,SPCLTY_Nurse Practitioner,STATE_MD,TRAMADOL,,,
1891132635,GENDER_F,HYDROCODONE,SPCLTY_General Surgery,STATE_MI,,,
1891701017,GENDER_F,HYDROCODONE,SPCLTY_Nurse Practitioner,STATE_TN,,,
1891702981,GENDER_F,HYDROCODONE,OXYCODONE,SPCLTY_Physician Assistant,STATE_NC,TRAMADOL,
1891704193,GENDER_M,HYDROCODONE,SPCLTY_Dentist,STATE_MO,,,
1891704698,GENDER_F,HYDROCODONE,OXYCODONE,SPCLTY_Geriatric Medicine,STATE_UT,,
1891708541,GENDER_M,HYDROCODONE,SPCLTY_General Surgery,STATE_GA,TRAMADOL,,
1891714408,GENDER_F,HYDROCODONE,OXYCODONE,SPCLTY_Physician Assistant,STATE_NC,TRAMADOL,
1891718763,FENTANYL,GENDER_M,SPCLTY_Internal Medicine,STATE_CT,TRAMADOL,,
1891719795,GENDER_M,HYDROCODONE,OXYCODONE,SPCLTY_Internal Medicine,STATE_KY,,
1891722435,GENDER_F,HYDROCODONE,OXYCODONE,SPCLTY_Family Practice,STATE_WI,TRAMADOL,
1891723664,GENDER_M,HYDROCODONE,OXYCODONE,SPCLTY_Orthopedic Surgery,STATE_CA,,
1891724290,GENDER_M,HYDROCODONE,OXYCODONE,SPCLTY_Orthopedic Surgery,STATE_NY,,
1891728572,GENDER_M,SPCLTY_Family Practice,STATE_TX,TRAMADOL,,,
1891729463,GENDER_M,HYDROCODONE,OXYCODONE,SPCLTY_Orthopedic Surgery,STATE_IN,TRAMADOL,
1891729760,GENDER_M,HYDROCODONE,SPCLTY_Internal Medicine,STATE_CT,TRAMADOL,,
1891734224,GENDER_M,HYDROCODONE,SPCLTY_Family Practice,STATE_KS,TRAMADOL,,
1891735460,GENDER_M,HYDROCODONE,OXYCODONE,SPCLTY_Family Practice,STATE_OH,TRAMADOL,
1891736898,FENTANYL,GENDER_M,HYDROCODONE,OXYCODONE,SPCLTY_Family Practice,STATE_PA,
1891737052,GENDER_M,HYDROCODONE,SPCLTY_Emergency Medicine,STATE_TX,,,
1891737441,GENDER_F,HYDROCODONE,OXYCODONE,SPCLTY_Emergency Medicine,STATE_GA,,
1891738944,GENDER_F,HYDROCODONE,OXYCODONE,SPCLTY_General Surgery,STATE_HI,,
1891739694,GENDER_M,HYDROCODONE,SPCLTY_Internal Medicine,STATE_CA,,,
1891739785,GENDER_M,HYDROCODONE,SPCLTY_Family Practice,STATE_SC,TRAMADOL,,
1891741427,GENDER_M,HYDROCODONE,OXYCODONE,SPCLTY_Interventional Pain M,STATE_SC,TRAMADOL,
1891743498,FENTANYL,GENDER_M,HYDROCODONE,OXYCODONE,SPCLTY_Family Practice,STATE_VA,TRAMADOL
1891743985,GENDER_F,HYDROCODONE,SPCLTY_Nurse Practitioner,STATE_WI,TRAMADOL,,
1891745410,GENDER_F,HYDROCODONE,OXYCODONE,SPCLTY_Family Practice,STATE_PA,TRAMADOL,
1891749347,GENDER_M,HYDROCODONE,SPCLTY_Emergency Medicine,STATE_MT,,,
1891749693,GENDER_F,HYDROCODONE,SPCLTY_Nurse Practitioner,STATE_WV,TRAMADOL,,
1891750105,GENDER_M,HYDROCODONE,SPCLTY_Pediatric Medicine,STATE_MA,TRAMADOL,,
1891750261,GENDER_M,HYDROCODONE,OXYCODONE,SPCLTY_Physician Assistant,STATE_TN,,
1891750840,GENDER_M,SPCLTY_Internal Medicine,STATE_TX,TRAMADOL,,,
1891751673,FENTANYL,GENDER_M,HYDROCODONE,OXYCODONE,SPCLTY_Anesthesiology,STATE_OH,TRAMADOL
1891753067,GENDER_M,HYDROCODONE,SPCLTY_Maxillofacial Surgery,STATE_NE,,,
1891754719,GENDER_M,HYDROCODONE,OXYCODONE,SPCLTY_Family Practice,STATE_PA,TRAMADOL,
1891754800,GENDER_M,HYDROCODONE,SPCLTY_Nurse Practitioner,STATE_NC,TRAMADOL,,
1891757746,FENTANYL,GENDER_M,HYDROCODONE,SPCLTY_Internal Medicine,STATE_MN,TRAMADOL,
1891761268,GENDER_M,SPCLTY_Family Practice,STATE_MN,TRAMADOL,,,
1891761508,GENDER_M,HYDROCODONE,OXYCODONE,SPCLTY_Rheumatology,STATE_FL,TRAMADOL,
1891762126,GENDER_M,HYDROCODONE,OXYCODONE,SPCLTY_Internal Medicine,STATE_MD,TRAMADOL,
1891763355,GENDER_M,HYDROCODONE,OXYCODONE,SPCLTY_Internal Medicine,STATE_OH,TRAMADOL,
1891764379,FENTANYL,GENDER_M,HYDROCODONE,OXYCODONE,SPCLTY_Internal Medicine,STATE_VA,TRAMADOL
1891764874,GENDER_M,HYDROCODONE,SPCLTY_Orthopedic Surgery,STATE_TN,,,
1891766259,FENTANYL,GENDER_M,HYDROCODONE,OXYCODONE,SPCLTY_Family Practice,STATE_OH,TRAMADOL
1891770343,GENDER_F,HYDROCODONE,SPCLTY_Nephrology,STATE_TX,TRAMADOL,,
1891771861,GENDER_M,HYDROCODONE,OXYCODONE,SPCLTY_Internal Medicine,STATE_AZ,TRAMADOL,
1891773453,GENDER_M,HYDROCODONE,OXYCODONE,SPCLTY_Emergency Medicine,STATE_OH,,
1891774188,GENDER_M,HYDROCODONE,SPCLTY_Emergency Medicine,STATE_FL,,,
1891776399,FENTANYL,GENDER_M,HYDROCODONE,OXYCODONE,SPCLTY_Physical Medicine and,STATE_FL,TRAMADOL
1891776647,GENDER_M,OXYCODONE,SPCLTY_Emergency Medicine,STATE_VA,,,
1891776712,GENDER_M,HYDROCODONE,SPCLTY_Neurology,STATE_TX,TRAMADOL,,
1891776894,GENDER_F,HYDROCODONE,OXYCODONE,SPCLTY_Family Practice,STATE_GA,TRAMADOL,
1891777215,GENDER_M,HYDROCODONE,OXYCODONE,SPCLTY_Orthopedic Surgery,STATE_ME,,
1891781639,GENDER_F,HYDROCODONE,SPCLTY_Physician Assistant,STATE_IL,,,
1891783387,GENDER_M,HYDROCODONE,SPCLTY_Orthopedic Surgery,STATE_MI,TRAMADOL,,
1891784757,GENDER_M,HYDROCODONE,OXYCODONE,SPCLTY_Orthopedic Surgery,STATE_KY,TRAMADOL,
1891786224,GENDER_M,HYDROCODONE,OXYCODONE,SPCLTY_Maxillofacial Surgery,STATE_MN,,
1891787354,FENTANYL,GENDER_M,HYDROCODONE,OXYCODONE,SPCLTY_Interventional Pain M,STATE_VA,TRAMADOL
1891790309,GENDER_M,HYDROCODONE,OXYCODONE,SPCLTY_Family Practice,STATE_FL,TRAMADOL,
1891790432,GENDER_M,HYDROCODONE,SPCLTY_Dentist,STATE_FL,,,
1891791232,GENDER_M,HYDROCODONE,OXYCODONE,SPCLTY_Internal Medicine,STATE_WA,TRAMADOL,
1891791703,GENDER_M,HYDROCODONE,OXYCODONE,SPCLTY_Internal Medicine,STATE_CA,TRAMADOL,
1891792602,GENDER_M,HYDROCODONE,OXYCODONE,SPCLTY_Vascular Surgery,STATE_TN,,
1891792719,GENDER_M,HYDROCODONE,OXYCODONE,SPCLTY_Emergency Medicine,STATE_PA,,
1891794715,GENDER_M,HYDROCODONE,OXYCODONE,SPCLTY_Podiatry,STATE_OK,,
1891794988,GENDER_M,HYDROCODONE,SPCLTY_Thoracic Surgery,STATE_OH,TRAMADOL,,
1891795043,GENDER_M,HYDROCODONE,SPCLTY_Dentist,STATE_CO,,,
1891796058,GENDER_M,HYDROCODONE,SPCLTY_Unknown Physician Spe,STATE_LA,TRAMADOL,,
1891797239,GENDER_F,HYDROCODONE,SPCLTY_Emergency Medicine,STATE_IL,,,
1891800561,GENDER_F,HYDROCODONE,OXYCODONE,SPCLTY_Orthopedic Surgery,STATE_WI,,
1891807194,GENDER_M,HYDROCODONE,OXYCODONE,SPCLTY_General Practice,STATE_MA,TRAMADOL,
1891808622,GENDER_M,HYDROCODONE,OXYCODONE,SPCLTY_Emergency Medicine,STATE_CA,,
1891809620,GENDER_M,HYDROCODONE,OXYCODONE,SPCLTY_Gastroenterology,STATE_IL,TRAMADOL,
1891819603,GENDER_M,HYDROCODONE,OXYCODONE,SPCLTY_General Surgery,STATE_ME,,
1891825022,GENDER_F,HYDROCODONE,OXYCODONE,SPCLTY_Family Practice,STATE_AZ,TRAMADOL,
1891831046,GENDER_M,SPCLTY_Internal Medicine,STATE_PR,TRAMADOL,,,
1891832846,GENDER_M,HYDROCODONE,OXYCODONE,SPCLTY_Emergency Medicine,STATE_IN,TRAMADOL,
1891837449,GENDER_M,HYDROCODONE,SPCLTY_Dentist,STATE_CA,,,
1891842506,FENTANYL,GENDER_M,HYDROCODONE,OXYCODONE,SPCLTY_Family Practice,STATE_IL,TRAMADOL
1891843256,GENDER_F,HYDROCODONE,SPCLTY_Physician Assistant,STATE_IA,TRAMADOL,,
1891845285,GENDER_F,HYDROCODONE,SPCLTY_Nurse Practitioner,STATE_NV,TRAMADOL,,
1891847653,GENDER_M,HYDROCODONE,SPCLTY_Oral Surgery (dentist,STATE_NJ,,,
1891848339,GENDER_M,SPCLTY_Physician Assistant,STATE_FL,TRAMADOL,,,
1891856498,GENDER_F,HYDROCODONE,SPCLTY_Dentist,STATE_WA,,,
1891857629,GENDER_M,HYDROCODONE,OXYCODONE,SPCLTY_Orthopedic Surgery,STATE_VA,TRAMADOL,
1891864070,GENDER_F,HYDROCODONE,SPCLTY_Family Practice,STATE_CA,TRAMADOL,,
1891867925,GENDER_M,HYDROCODONE,SPCLTY_Dentist,STATE_WA,,,
1891869640,GENDER_M,HYDROCODONE,SPCLTY_Internal Medicine,STATE_OK,,,
1891871315,GENDER_M,HYDROCODONE,SPCLTY_Internal Medicine,STATE_CA,TRAMADOL,,
1891874483,GENDER_F,HYDROCODONE,OXYCODONE,SPCLTY_Family Practice,STATE_MN,TRAMADOL,
1891878070,GENDER_F,HYDROCODONE,OXYCODONE,SPCLTY_Internal Medicine,STATE_OR,,
1891880225,GENDER_M,HYDROCODONE,SPCLTY_Otolaryngology,STATE_MO,,,
1891883773,FENTANYL,GENDER_M,HYDROCODONE,OXYCODONE,SPCLTY_Family Practice,STATE_IL,TRAMADOL
1891884458,GENDER_M,HYDROCODONE,SPCLTY_Family Practice,STATE_MI,TRAMADOL,,
1891884946,FENTANYL,GENDER_M,OXYCODONE,SPCLTY_Hematology/Oncology,STATE_NY,,
1891886099,GENDER_M,HYDROCODONE,OXYCODONE,SPCLTY_Family Practice,STATE_MI,TRAMADOL,
1891887170,GENDER_M,HYDROCODONE,SPCLTY_Physician Assistant,STATE_WY,,,
1891887212,FENTANYL,GENDER_M,HYDROCODONE,OXYCODONE,SPCLTY_Internal Medicine,STATE_TN,TRAMADOL
1891888327,GENDER_M,HYDROCODONE,SPCLTY_Cardiology,STATE_CA,,,
1891888426,GENDER_F,SPCLTY_Family Practice,STATE_IL,TRAMADOL,,,
1891890968,GENDER_M,SPCLTY_Internal Medicine,STATE_MD,TRAMADOL,,,
1891893673,GENDER_M,OXYCODONE,SPCLTY_Oral Surgery (dentist,STATE_OH,,,
1891895702,FENTANYL,GENDER_M,HYDROCODONE,OXYCODONE,SPCLTY_General Practice,STATE_CA,TRAMADOL
1891898326,FENTANYL,GENDER_M,HYDROCODONE,OXYCODONE,SPCLTY_Family Practice,STATE_IN,TRAMADOL
1891899209,GENDER_F,HYDROCODONE,SPCLTY_Nurse Practitioner,STATE_IL,TRAMADOL,,
1891902789,GENDER_M,OXYCODONE,SPCLTY_Orthopedic Surgery,STATE_CO,,,
1891906459,GENDER_F,HYDROCODONE,OXYCODONE,SPCLTY_Hematology/Oncology,STATE_OH,,
1891910568,GENDER_M,HYDROCODONE,OXYCODONE,SPCLTY_Dentist,STATE_MA,,
1891912259,GENDER_M,HYDROCODONE,SPCLTY_Urology,STATE_CA,,,
1891916383,FENTANYL,GENDER_M,HYDROCODONE,SPCLTY_Family Practice,STATE_IL,TRAMADOL,
1891920583,GENDER_M,HYDROCODONE,SPCLTY_Podiatry,STATE_TX,TRAMADOL,,
1891920997,FENTANYL,GENDER_M,HYDROCODONE,SPCLTY_Family Practice,STATE_TX,TRAMADOL,
1891921250,GENDER_F,HYDROCODONE,SPCLTY_Nurse Practitioner,STATE_AL,TRAMADOL,,
1891923793,GENDER_F,OXYCODONE,SPCLTY_Physician Assistant,STATE_CT,,,
1891929733,GENDER_F,HYDROCODONE,SPCLTY_Family Practice,STATE_AZ,TRAMADOL,,
1891942512,GENDER_F,HYDROCODONE,SPCLTY_Obstetrics/Gynecology,STATE_CA,,,
1891953766,GENDER_M,HYDROCODONE,OXYCODONE,SPCLTY_Family Practice,STATE_WA,TRAMADOL,
1891954293,GENDER_M,HYDROCODONE,OXYCODONE,SPCLTY_Anesthesiology,STATE_NV,TRAMADOL,
1891955498,FENTANYL,GENDER_M,HYDROCODONE,OXYCODONE,SPCLTY_Anesthesiology,STATE_PA,TRAMADOL
1891956215,GENDER_M,HYDROCODONE,SPCLTY_General Surgery,STATE_MN,,,
1891958096,GENDER_F,HYDROCODONE,OXYCODONE,SPCLTY_Rheumatology,STATE_MO,TRAMADOL,
1891959268,GENDER_F,HYDROCODONE,SPCLTY_Nurse Practitioner,STATE_MT,TRAMADOL,,
1891960779,GENDER_F,HYDROCODONE,SPCLTY_Obstetrics/Gynecology,STATE_TX,,,
1891961843,GENDER_M,SPCLTY_Physician Assistant,STATE_AL,TRAMADOL,,,
1891962528,FENTANYL,GENDER_F,HYDROCODONE,OXYCODONE,SPCLTY_Physical Medicine and,STATE_NJ,TRAMADOL
1891976064,GENDER_F,HYDROCODONE,OXYCODONE,SPCLTY_Physician Assistant,STATE_TN,,
1891980165,GENDER_M,OXYCODONE,SPCLTY_Family Practice,STATE_CA,,,
1891992897,GENDER_M,OXYCODONE,SPCLTY_Emergency Medicine,STATE_CT,,,
1891997227,GENDER_F,HYDROCODONE,SPCLTY_Physician Assistant,STATE_CA,,,
1891998688,GENDER_F,HYDROCODONE,OXYCODONE,SPCLTY_Orthopedic Surgery,STATE_CO,,
1902001712,GENDER_F,HYDROCODONE,SPCLTY_Nurse Practitioner,STATE_CA,,,
1902019441,GENDER_M,HYDROCODONE,SPCLTY_General Surgery,STATE_CA,,,
1902032162,GENDER_M,HYDROCODONE,SPCLTY_Emergency Medicine,STATE_TX,TRAMADOL,,
1902034879,FENTANYL,GENDER_M,HYDROCODONE,OXYCODONE,SPCLTY_Family Practice,STATE_NM,
1902035801,GENDER_M,HYDROCODONE,SPCLTY_Family Practice,STATE_TX,TRAMADOL,,
1902036163,GENDER_F,OXYCODONE,SPCLTY_Physician Assistant,STATE_NY,,,
1902037252,GENDER_F,SPCLTY_Nurse Practitioner,STATE_OK,TRAMADOL,,,
1902037286,GENDER_M,HYDROCODONE,OXYCODONE,SPCLTY_Physician Assistant,STATE_CO,,
1902048671,GENDER_M,HYDROCODONE,SPCLTY_Emergency Medicine,STATE_IL,,,
1902060619,GENDER_F,HYDROCODONE,OXYCODONE,SPCLTY_Physical Medicine and,STATE_NJ,TRAMADOL,
1902063571,GENDER_F,HYDROCODONE,SPCLTY_Family Practice,STATE_IL,TRAMADOL,,
1902068208,GENDER_F,HYDROCODONE,SPCLTY_Internal Medicine,STATE_CA,,,
1902069024,GENDER_M,OXYCODONE,SPCLTY_Dermatology,STATE_NY,,,
1902071640,GENDER_F,HYDROCODONE,OXYCODONE,SPCLTY_Geriatric Medicine,STATE_MA,TRAMADOL,
1902081243,GENDER_M,HYDROCODONE,SPCLTY_Emergency Medicine,STATE_CO,,,
1902087018,GENDER_M,HYDROCODONE,OXYCODONE,SPCLTY_Emergency Medicine,STATE_PA,TRAMADOL,
1902096431,GENDER_M,SPCLTY_Family Practice,STATE_MD,TRAMADOL,,,
1902099864,GENDER_M,HYDROCODONE,OXYCODONE,SPCLTY_Interventional Pain M,STATE_NC,TRAMADOL,
1902101140,GENDER_F,HYDROCODONE,SPCLTY_Physician Assistant,STATE_PA,,,
1902110265,GENDER_F,HYDROCODONE,SPCLTY_Internal Medicine,STATE_IL,,,
1902119217,GENDER_M,HYDROCODONE,SPCLTY_Dentist,STATE_AZ,,,
1902124035,GENDER_F,HYDROCODONE,OXYCODONE,SPCLTY_General Practice,STATE_OH,,
1902124266,GENDER_F,HYDROCODONE,SPCLTY_Physician Assistant,STATE_MI,TRAMADOL,,
1902136153,GENDER_M,HYDROCODONE,OXYCODONE,SPCLTY_Internal Medicine,STATE_OH,TRAMADOL,
1902148109,GENDER_F,HYDROCODONE,SPCLTY_Nurse Practitioner,STATE_TX,,,
1902154891,FENTANYL,GENDER_F,HYDROCODONE,OXYCODONE,SPCLTY_Nurse Practitioner,STATE_NE,TRAMADOL
1902170665,GENDER_F,SPCLTY_Physician Assistant,STATE_SC,TRAMADOL,,,
1902185085,GENDER_M,HYDROCODONE,SPCLTY_Emergency Medicine,STATE_CA,,,
1902197973,GENDER_M,HYDROCODONE,OXYCODONE,SPCLTY_Student in an Organiz,STATE_SC,,
1902221393,GENDER_F,SPCLTY_Nurse Practitioner,STATE_FL,TRAMADOL,,,
1902229768,GENDER_F,SPCLTY_Nurse Practitioner,STATE_MA,TRAMADOL,,,
1902240120,GENDER_F,HYDROCODONE,OXYCODONE,SPCLTY_Nurse Practitioner,STATE_MD,TRAMADOL,
1902243579,GENDER_F,OXYCODONE,SPCLTY_General Surgery,STATE_MA,,,
1902245798,GENDER_M,HYDROCODONE,SPCLTY_Family Practice,STATE_SC,,,
1902246127,GENDER_F,HYDROCODONE,SPCLTY_Internal Medicine,STATE_MO,,,
1902801434,FENTANYL,GENDER_M,HYDROCODONE,OXYCODONE,SPCLTY_Family Practice,STATE_CT,TRAMADOL
1902802606,GENDER_M,OXYCODONE,SPCLTY_Family Practice,STATE_FL,,,
1902802762,GENDER_M,HYDROCODONE,OXYCODONE,SPCLTY_Anesthesiology,STATE_AZ,,
1902805294,GENDER_M,SPCLTY_Nephrology,STATE_CA,TRAMADOL,,,
1902808553,GENDER_M,HYDROCODONE,SPCLTY_Neurology,STATE_PR,TRAMADOL,,
1902809346,GENDER_M,SPCLTY_Dermatology,STATE_TX,TRAMADOL,,,
1902809478,FENTANYL,GENDER_M,HYDROCODONE,OXYCODONE,SPCLTY_Neurology,STATE_KY,
1902811391,GENDER_M,HYDROCODONE,OXYCODONE,SPCLTY_Nephrology,STATE_CA,TRAMADOL,
1902812100,GENDER_F,HYDROCODONE,SPCLTY_Psychiatry,STATE_MI,,,
1902815657,GENDER_M,HYDROCODONE,SPCLTY_Family Practice,STATE_CA,,,
1902820772,FENTANYL,GENDER_F,HYDROCODONE,OXYCODONE,SPCLTY_Family Practice,STATE_FL,TRAMADOL
1902821713,GENDER_M,SPCLTY_Geriatric Medicine,STATE_MD,TRAMADOL,,,
1902822802,FENTANYL,GENDER_M,HYDROCODONE,SPCLTY_Internal Medicine,STATE_OK,TRAMADOL,
1902825383,GENDER_M,HYDROCODONE,SPCLTY_Internal Medicine,STATE_MD,TRAMADOL,,
1902827264,GENDER_F,HYDROCODONE,SPCLTY_Family Practice,STATE_FL,TRAMADOL,,
1902827462,GENDER_M,HYDROCODONE,SPCLTY_Psychiatry,STATE_UT,,,
1902829559,GENDER_M,HYDROCODONE,OXYCODONE,SPCLTY_Oral Surgery (dentist,STATE_UT,,
1902830581,GENDER_F,SPCLTY_Nurse Practitioner,STATE_FL,TRAMADOL,,,
1902831423,GENDER_M,HYDROCODONE,OXYCODONE,SPCLTY_Orthopedic Surgery,STATE_PA,TRAMADOL,
1902831803,FENTANYL,GENDER_F,HYDROCODONE,OXYCODONE,SPCLTY_Internal Medicine,STATE_OK,TRAMADOL
1902831969,GENDER_M,OXYCODONE,SPCLTY_Obstetrics/Gynecology,STATE_MA,,,
1902832835,GENDER_M,HYDROCODONE,SPCLTY_Emergency Medicine,STATE_IL,,,
1902832850,GENDER_F,HYDROCODONE,SPCLTY_Neurology,STATE_NC,TRAMADOL,,
1902836315,GENDER_M,SPCLTY_Emergency Medicine,STATE_DC,TRAMADOL,,,
1902837651,GENDER_M,HYDROCODONE,SPCLTY_Emergency Medicine,STATE_CA,TRAMADOL,,
1902840788,FENTANYL,GENDER_M,HYDROCODONE,OXYCODONE,SPCLTY_Rheumatology,STATE_TN,TRAMADOL
1902846223,GENDER_M,HYDROCODONE,SPCLTY_Ophthalmology,STATE_GA,,,
1902846819,GENDER_M,HYDROCODONE,SPCLTY_Orthopedic Surgery,STATE_TX,TRAMADOL,,
1902847353,GENDER_F,HYDROCODONE,OXYCODONE,SPCLTY_Family Practice,STATE_AZ,TRAMADOL,
1902849458,FENTANYL,GENDER_F,HYDROCODONE,OXYCODONE,SPCLTY_Internal Medicine,STATE_FL,TRAMADOL
1902849920,GENDER_M,HYDROCODONE,SPCLTY_General Surgery,STATE_SC,,,
1902852155,GENDER_F,HYDROCODONE,SPCLTY_Physician Assistant,STATE_CA,TRAMADOL,,
1902853823,GENDER_M,HYDROCODONE,OXYCODONE,SPCLTY_General Surgery,STATE_VA,,
1902857147,FENTANYL,GENDER_M,HYDROCODONE,OXYCODONE,SPCLTY_Family Practice,STATE_IN,TRAMADOL
1902860372,GENDER_M,HYDROCODONE,OXYCODONE,SPCLTY_General Surgery,STATE_MS,,
1902860703,GENDER_M,HYDROCODONE,SPCLTY_General Surgery,STATE_TX,TRAMADOL,,
1902865520,GENDER_M,HYDROCODONE,SPCLTY_Physical Medicine and,STATE_TX,TRAMADOL,,
1902867112,GENDER_M,HYDROCODONE,SPCLTY_Family Practice,STATE_MN,TRAMADOL,,
1902867617,GENDER_M,HYDROCODONE,OXYCODONE,SPCLTY_Physician Assistant,STATE_VA,,
1902869118,FENTANYL,GENDER_F,HYDROCODONE,OXYCODONE,SPCLTY_Nurse Practitioner,STATE_WA,TRAMADOL
1902871478,FENTANYL,GENDER_M,HYDROCODONE,OXYCODONE,SPCLTY_Internal Medicine,STATE_PA,TRAMADOL
1902871692,GENDER_M,HYDROCODONE,OXYCODONE,SPCLTY_Orthopedic Surgery,STATE_NE,TRAMADOL,
1902874324,GENDER_M,HYDROCODONE,SPCLTY_Family Practice,STATE_AL,,,
1902875552,GENDER_M,HYDROCODONE,SPCLTY_Family Practice,STATE_TX,TRAMADOL,,
1902876469,GENDER_F,OXYCODONE,SPCLTY_Physician Assistant,STATE_MN,TRAMADOL,,
1902876493,GENDER_M,HYDROCODONE,OXYCODONE,SPCLTY_Orthopedic Surgery,STATE_LA,TRAMADOL,
1902881766,FENTANYL,GENDER_F,HYDROCODONE,OXYCODONE,SPCLTY_Family Practice,STATE_AZ,TRAMADOL
1902882269,GENDER_F,HYDROCODONE,SPCLTY_Nurse Practitioner,STATE_OK,TRAMADOL,,
1902883796,GENDER_M,SPCLTY_Cardiology,STATE_FL,TRAMADOL,,,
1902884364,FENTANYL,GENDER_M,HYDROCODONE,OXYCODONE,SPCLTY_Internal Medicine,STATE_NC,TRAMADOL
1902889371,FENTANYL,GENDER_M,HYDROCODONE,SPCLTY_Emergency Medicine,STATE_AL,TRAMADOL,
1902889827,FENTANYL,GENDER_M,HYDROCODONE,OXYCODONE,SPCLTY_Family Practice,STATE_OH,TRAMADOL
1902893399,FENTANYL,GENDER_M,HYDROCODONE,OXYCODONE,SPCLTY_Anesthesiology,STATE_AZ,TRAMADOL
1902894538,GENDER_M,OXYCODONE,SPCLTY_Cardiology,STATE_NY,,,
1902894991,FENTANYL,GENDER_M,OXYCODONE,SPCLTY_Medical Oncology,STATE_NJ,,
1902896822,FENTANYL,GENDER_M,OXYCODONE,SPCLTY_Rheumatology,STATE_MA,TRAMADOL,
1902898521,GENDER_M,HYDROCODONE,OXYCODONE,SPCLTY_General Practice,STATE_PR,TRAMADOL,
1902899230,GENDER_M,HYDROCODONE,SPCLTY_Physician Assistant,STATE_WY,,,
1902901655,GENDER_F,OXYCODONE,SPCLTY_Plastic and Reconstru,STATE_MA,,,
1902906266,GENDER_M,HYDROCODONE,OXYCODONE,SPCLTY_Internal Medicine,STATE_FL,TRAMADOL,
1902909583,GENDER_M,HYDROCODONE,SPCLTY_Internal Medicine,STATE_CA,,,
1902910664,GENDER_M,OXYCODONE,SPCLTY_Family Practice,STATE_FL,TRAMADOL,,
1902910847,GENDER_F,HYDROCODONE,SPCLTY_Physician Assistant,STATE_TX,TRAMADOL,,
1902913957,GENDER_M,HYDROCODONE,OXYCODONE,SPCLTY_Orthopedic Surgery,STATE_MN,TRAMADOL,
1902915879,GENDER_M,HYDROCODONE,OXYCODONE,SPCLTY_Physician Assistant,STATE_VA,,
1902916729,GENDER_M,HYDROCODONE,SPCLTY_Internal Medicine,STATE_CA,,,
1902918154,GENDER_F,HYDROCODONE,SPCLTY_Nurse Practitioner,STATE_WI,TRAMADOL,,
1902919723,FENTANYL,GENDER_M,HYDROCODONE,OXYCODONE,SPCLTY_Physical Medicine and,STATE_MN,TRAMADOL
1902922875,GENDER_F,HYDROCODONE,OXYCODONE,SPCLTY_Family Practice,STATE_AZ,,
1902927981,GENDER_F,HYDROCODONE,SPCLTY_Nephrology,STATE_IN,,,
1902929219,GENDER_M,HYDROCODONE,SPCLTY_Plastic and Reconstru,STATE_KY,,,
1902933062,GENDER_F,HYDROCODONE,SPCLTY_Internal Medicine,STATE_MT,,,
1902936552,GENDER_F,HYDROCODONE,SPCLTY_Internal Medicine,STATE_CA,TRAMADOL,,
1902941685,GENDER_M,HYDROCODONE,SPCLTY_Plastic and Reconstru,STATE_AL,TRAMADOL,,
1902948573,GENDER_M,OXYCODONE,SPCLTY_Dentist,STATE_NJ,,,
1902952930,GENDER_M,HYDROCODONE,SPCLTY_Dermatology,STATE_ID,,,
1902961691,GENDER_M,HYDROCODONE,SPCLTY_Plastic and Reconstru,STATE_CA,,,
1902973266,FENTANYL,GENDER_M,HYDROCODONE,OXYCODONE,SPCLTY_Physical Medicine and,STATE_CA,TRAMADOL
1902974421,GENDER_M,HYDROCODONE,SPCLTY_Internal Medicine,STATE_CA,TRAMADOL,,
1902974892,GENDER_M,HYDROCODONE,SPCLTY_Dentist,STATE_PA,,,
1902981665,FENTANYL,GENDER_F,HYDROCODONE,OXYCODONE,SPCLTY_Internal Medicine,STATE_CA,TRAMADOL
1902982986,GENDER_F,OXYCODONE,SPCLTY_Nurse Practitioner,STATE_NJ,TRAMADOL,,
1902983026,GENDER_M,HYDROCODONE,SPCLTY_Neurology,STATE_AR,,,
1902987894,GENDER_M,HYDROCODONE,OXYCODONE,SPCLTY_Orthopedic Surgery,STATE_PA,,
1902988934,GENDER_M,OXYCODONE,SPCLTY_Family Practice,STATE_AZ,,,
1902988942,FENTANYL,GENDER_F,HYDROCODONE,OXYCODONE,SPCLTY_Pulmonary Disease,STATE_MI,TRAMADOL
1902989668,GENDER_M,SPCLTY_Gastroenterology,STATE_CA,TRAMADOL,,,
1902995095,GENDER_M,HYDROCODONE,SPCLTY_Dentist,STATE_AL,,,
1912000951,GENDER_M,HYDROCODONE,SPCLTY_Dentist,STATE_FL,,,
1912001025,FENTANYL,GENDER_F,HYDROCODONE,OXYCODONE,SPCLTY_Family Practice,STATE_WI,TRAMADOL
1912003849,GENDER_F,OXYCODONE,SPCLTY_Physician Assistant,STATE_MA,,,
1912004805,FENTANYL,GENDER_M,HYDROCODONE,OXYCODONE,SPCLTY_Internal Medicine,STATE_NY,TRAMADOL
1912007485,FENTANYL,GENDER_F,HYDROCODONE,OXYCODONE,SPCLTY_Family Practice,STATE_FL,TRAMADOL
1912010893,GENDER_M,OXYCODONE,SPCLTY_Nephrology,STATE_OR,,,
1912011503,GENDER_F,HYDROCODONE,SPCLTY_Internal Medicine,STATE_CA,,,
1912013418,FENTANYL,GENDER_F,SPCLTY_Internal Medicine,STATE_CA,,,
1912022542,GENDER_M,HYDROCODONE,SPCLTY_Dentist,STATE_CA,,,
1912029059,FENTANYL,GENDER_M,OXYCODONE,SPCLTY_Nurse Practitioner,STATE_VA,TRAMADOL,
1912032459,GENDER_F,OXYCODONE,SPCLTY_Physician Assistant,STATE_KS,,,
1912032988,GENDER_M,HYDROCODONE,SPCLTY_General Surgery,STATE_IL,,,
1912047820,GENDER_M,HYDROCODONE,SPCLTY_Nurse Practitioner,STATE_CA,,,
1912054487,GENDER_M,HYDROCODONE,SPCLTY_Internal Medicine,STATE_CA,,,
1912056003,GENDER_F,SPCLTY_Physician Assistant,STATE_MD,TRAMADOL,,,
1912059718,GENDER_F,HYDROCODONE,OXYCODONE,SPCLTY_Internal Medicine,STATE_CA,,
1912061854,GENDER_F,OXYCODONE,SPCLTY_Family Practice,STATE_WA,,,
1912065640,FENTANYL,GENDER_M,HYDROCODONE,OXYCODONE,SPCLTY_Family Practice,STATE_PA,TRAMADOL
1912068164,GENDER_F,HYDROCODONE,SPCLTY_Nurse Practitioner,STATE_MD,,,
1912068321,GENDER_F,HYDROCODONE,OXYCODONE,SPCLTY_Physician Assistant,STATE_NV,TRAMADOL,
1912075938,GENDER_F,HYDROCODONE,SPCLTY_Nurse Practitioner,STATE_CA,,,
1912077868,FENTANYL,GENDER_F,HYDROCODONE,SPCLTY_Internal Medicine,STATE_CA,TRAMADOL,
1912079765,GENDER_M,HYDROCODONE,SPCLTY_Emergency Medicine,STATE_CA,,,
1912082686,GENDER_M,HYDROCODONE,OXYCODONE,SPCLTY_Internal Medicine,STATE_CA,,
1912084013,GENDER_F,HYDROCODONE,SPCLTY_Physician Assistant,STATE_NC,TRAMADOL,,
1912084849,GENDER_M,HYDROCODONE,SPCLTY_Emergency Medicine,STATE_CA,,,
1912090689,GENDER_M,OXYCODONE,SPCLTY_Physical Medicine and,STATE_PA,,,
1912091067,GENDER_M,HYDROCODONE,SPCLTY_Cardiology,STATE_CA,TRAMADOL,,
1912099599,GENDER_F,HYDROCODONE,SPCLTY_Family Practice,STATE_CO,TRAMADOL,,
1912099771,GENDER_F,SPCLTY_Nurse Practitioner,STATE_FL,TRAMADOL,,,
1912101361,GENDER_M,HYDROCODONE,SPCLTY_Vascular Surgery,STATE_TX,TRAMADOL,,
1912107541,GENDER_M,HYDROCODONE,SPCLTY_Internal Medicine,STATE_AL,TRAMADOL,,
1912110040,GENDER_M,SPCLTY_Cardiology,STATE_AL,TRAMADOL,,,
1912110578,FENTANYL,GENDER_M,HYDROCODONE,OXYCODONE,SPCLTY_Internal Medicine,STATE_OK,TRAMADOL
1912111055,GENDER_M,HYDROCODONE,SPCLTY_Family Practice,STATE_AR,TRAMADOL,,
1912114752,GENDER_M,SPCLTY_Psychiatry,STATE_OH,TRAMADOL,,,
1912125550,GENDER_F,HYDROCODONE,SPCLTY_Student in an Organiz,STATE_CT,,,
1912127374,GENDER_M,HYDROCODONE,SPCLTY_Dentist,STATE_FL,,,
1912127424,GENDER_F,HYDROCODONE,SPCLTY_Family Practice,STATE_MI,TRAMADOL,,
1912132408,GENDER_M,HYDROCODONE,SPCLTY_Geriatric Medicine,STATE_NJ,TRAMADOL,,
1912137365,GENDER_F,HYDROCODONE,OXYCODONE,SPCLTY_Family Practice,STATE_NC,TRAMADOL,
1912156258,FENTANYL,GENDER_F,HYDROCODONE,OXYCODONE,SPCLTY_Physician Assistant,STATE_PA,TRAMADOL
1912160045,GENDER_M,HYDROCODONE,SPCLTY_Family Practice,STATE_MA,TRAMADOL,,
1912160896,GENDER_F,HYDROCODONE,SPCLTY_Infectious Disease,STATE_CA,TRAMADOL,,
1912161498,GENDER_M,OXYCODONE,SPCLTY_Physical Medicine and,STATE_PA,,,
1912162652,GENDER_M,OXYCODONE,SPCLTY_Emergency Medicine,STATE_NY,,,
1912163114,GENDER_M,HYDROCODONE,SPCLTY_Hematology/Oncology,STATE_IL,,,
1912165317,GENDER_F,HYDROCODONE,SPCLTY_Internal Medicine,STATE_GA,TRAMADOL,,
1912170283,GENDER_M,HYDROCODONE,SPCLTY_Family Practice,STATE_CA,TRAMADOL,,
1912174970,FENTANYL,GENDER_M,HYDROCODONE,SPCLTY_Family Practice,STATE_IL,TRAMADOL,
1912176488,GENDER_F,HYDROCODONE,SPCLTY_Physician Assistant,STATE_NY,TRAMADOL,,
1912182221,GENDER_M,HYDROCODONE,OXYCODONE,SPCLTY_Internal Medicine,STATE_AZ,,
1912191438,GENDER_F,SPCLTY_Nurse Practitioner,STATE_AR,TRAMADOL,,,
1912191982,GENDER_F,HYDROCODONE,SPCLTY_Family Practice,STATE_TX,TRAMADOL,,
1912192287,GENDER_M,HYDROCODONE,SPCLTY_Dentist,STATE_MD,,,
1912199456,FENTANYL,GENDER_M,HYDROCODONE,SPCLTY_Family Practice,STATE_TX,TRAMADOL,
1912202458,FENTANYL,GENDER_M,HYDROCODONE,OXYCODONE,SPCLTY_Addiction Medicine,STATE_FL,TRAMADOL
1912207036,GENDER_F,HYDROCODONE,SPCLTY_Nurse Practitioner,STATE_IL,,,
1912213802,GENDER_F,HYDROCODONE,SPCLTY_Physician Assistant,STATE_PA,TRAMADOL,,
1912218066,GENDER_F,HYDROCODONE,OXYCODONE,SPCLTY_Internal Medicine,STATE_SC,TRAMADOL,
1912221755,GENDER_M,OXYCODONE,SPCLTY_Student in an Organiz,STATE_VA,,,
1912228149,GENDER_F,HYDROCODONE,SPCLTY_Internal Medicine,STATE_OK,TRAMADOL,,
1912234063,GENDER_F,HYDROCODONE,SPCLTY_Physician Assistant,STATE_OR,,,
1912251307,GENDER_F,HYDROCODONE,SPCLTY_Nurse Practitioner,STATE_CA,,,
1912252420,GENDER_F,HYDROCODONE,SPCLTY_Dentist,STATE_IA,,,
1912254038,GENDER_F,HYDROCODONE,SPCLTY_Family Practice,STATE_IA,,,
1912268004,GENDER_F,HYDROCODONE,OXYCODONE,SPCLTY_Nurse Practitioner,STATE_WA,,
1912268897,GENDER_M,OXYCODONE,SPCLTY_Student in an Organiz,STATE_KS,,,
1912296047,GENDER_F,HYDROCODONE,OXYCODONE,SPCLTY_Nurse Practitioner,STATE_TN,,
1912322900,GENDER_F,SPCLTY_Nurse Practitioner,STATE_MA,TRAMADOL,,,
1912331695,GENDER_M,HYDROCODONE,SPCLTY_Dentist,STATE_IL,,,
1912339961,GENDER_F,SPCLTY_Nurse Practitioner,STATE_NC,TRAMADOL,,,
1912340225,GENDER_F,HYDROCODONE,OXYCODONE,SPCLTY_Physician Assistant,STATE_NY,,
1912340449,GENDER_F,HYDROCODONE,SPCLTY_Nurse Practitioner,STATE_KY,TRAMADOL,,
1912902545,GENDER_F,HYDROCODONE,SPCLTY_Podiatry,STATE_MD,,,
1912903048,GENDER_M,HYDROCODONE,SPCLTY_Cardiology,STATE_CA,TRAMADOL,,
1912903857,GENDER_F,HYDROCODONE,SPCLTY_General Practice,STATE_IL,,,
1912904384,GENDER_M,HYDROCODONE,SPCLTY_Cardiology,STATE_IL,TRAMADOL,,
1912908153,GENDER_M,HYDROCODONE,SPCLTY_Dentist,STATE_CO,,,
1912909672,FENTANYL,GENDER_M,HYDROCODONE,OXYCODONE,SPCLTY_Family Practice,STATE_OK,TRAMADOL
1912910373,FENTANYL,GENDER_M,HYDROCODONE,OXYCODONE,SPCLTY_Family Practice,STATE_PA,TRAMADOL
1912914276,GENDER_M,OXYCODONE,SPCLTY_Radiation Oncology,STATE_MA,,,
1912915927,GENDER_F,SPCLTY_Physician Assistant,STATE_NC,TRAMADOL,,,
1912915976,GENDER_M,HYDROCODONE,SPCLTY_Internal Medicine,STATE_TX,TRAMADOL,,
1912916818,FENTANYL,GENDER_M,HYDROCODONE,SPCLTY_Medical Oncology,STATE_KS,TRAMADOL,
1912918897,GENDER_M,HYDROCODONE,OXYCODONE,SPCLTY_Emergency Medicine,STATE_CA,,
1912920505,GENDER_F,HYDROCODONE,SPCLTY_Internal Medicine,STATE_WI,TRAMADOL,,
1912920695,GENDER_F,HYDROCODONE,OXYCODONE,SPCLTY_Physician Assistant,STATE_CT,,
1912927146,GENDER_M,HYDROCODONE,SPCLTY_Internal Medicine,STATE_IL,TRAMADOL,,
1912934654,GENDER_M,HYDROCODONE,SPCLTY_Podiatry,STATE_TX,TRAMADOL,,
1912936279,GENDER_F,HYDROCODONE,SPCLTY_Family Practice,STATE_TX,TRAMADOL,,
1912936527,FENTANYL,GENDER_M,HYDROCODONE,SPCLTY_Geriatric Medicine,STATE_MI,TRAMADOL,
1912936915,GENDER_M,SPCLTY_Internal Medicine,STATE_DE,TRAMADOL,,,
1912938853,GENDER_M,HYDROCODONE,SPCLTY_Internal Medicine,STATE_TX,TRAMADOL,,
1912941915,GENDER_M,HYDROCODONE,SPCLTY_Neurology,STATE_WV,,,
1912943150,GENDER_M,HYDROCODONE,OXYCODONE,SPCLTY_Orthopedic Surgery,STATE_NH,TRAMADOL,
1912943747,GENDER_M,HYDROCODONE,SPCLTY_Family Practice,STATE_OK,TRAMADOL,,
1912945957,GENDER_M,HYDROCODONE,OXYCODONE,SPCLTY_Family Practice,STATE_MO,TRAMADOL,
1912947342,FENTANYL,GENDER_M,OXYCODONE,SPCLTY_Medical Oncology,STATE_CT,TRAMADOL,
1912947581,GENDER_M,HYDROCODONE,SPCLTY_Family Practice,STATE_NC,TRAMADOL,,
1912948647,GENDER_M,HYDROCODONE,SPCLTY_Psychiatry,STATE_SC,,,
1912949629,GENDER_F,OXYCODONE,SPCLTY_Emergency Medicine,STATE_NJ,,,
1912951435,GENDER_M,HYDROCODONE,SPCLTY_Emergency Medicine,STATE_FL,TRAMADOL,,
1912954199,GENDER_F,HYDROCODONE,OXYCODONE,SPCLTY_Nurse Practitioner,STATE_VA,TRAMADOL,
1912954421,GENDER_F,HYDROCODONE,SPCLTY_General Surgery,STATE_WA,,,
1912954637,FENTANYL,GENDER_M,HYDROCODONE,OXYCODONE,SPCLTY_Pain Management,STATE_IL,TRAMADOL
1912956418,GENDER_M,HYDROCODONE,OXYCODONE,SPCLTY_Internal Medicine,STATE_OH,TRAMADOL,
1912957077,GENDER_M,OXYCODONE,SPCLTY_Family Practice,STATE_PA,,,
1912959586,GENDER_M,OXYCODONE,SPCLTY_Interventional Pain M,STATE_LA,TRAMADOL,,
1912961202,GENDER_M,HYDROCODONE,SPCLTY_Dentist,STATE_WV,,,
1912962671,GENDER_M,HYDROCODONE,SPCLTY_Nurse Practitioner,STATE_OK,TRAMADOL,,
1912964875,GENDER_M,SPCLTY_Internal Medicine,STATE_NJ,TRAMADOL,,,
1912965914,GENDER_M,OXYCODONE,SPCLTY_Orthopedic Surgery,STATE_PA,,,
1912967050,GENDER_M,HYDROCODONE,SPCLTY_Radiation Oncology,STATE_WY,,,
1912967142,FENTANYL,GENDER_M,HYDROCODONE,OXYCODONE,SPCLTY_Neurology,STATE_FL,TRAMADOL
1912971391,GENDER_F,HYDROCODONE,OXYCODONE,SPCLTY_Internal Medicine,STATE_NV,TRAMADOL,
1912971557,GENDER_M,HYDROCODONE,SPCLTY_Family Practice,STATE_MO,TRAMADOL,,
1912972324,GENDER_F,OXYCODONE,SPCLTY_Emergency Medicine,STATE_RI,,,
1912972597,GENDER_M,HYDROCODONE,OXYCODONE,SPCLTY_Internal Medicine,STATE_PA,TRAMADOL,
1912973702,FENTANYL,GENDER_F,HYDROCODONE,SPCLTY_Family Practice,STATE_IN,TRAMADOL,
1912974536,FENTANYL,GENDER_F,HYDROCODONE,OXYCODONE,SPCLTY_Internal Medicine,STATE_WI,
1912977042,GENDER_M,HYDROCODONE,SPCLTY_Internal Medicine,STATE_MI,,,
1912979246,GENDER_F,HYDROCODONE,SPCLTY_Rheumatology,STATE_NY,TRAMADOL,,
1912979659,FENTANYL,GENDER_M,HYDROCODONE,SPCLTY_Family Practice,STATE_TX,TRAMADOL,
1912981564,GENDER_F,HYDROCODONE,SPCLTY_Nurse Practitioner,STATE_MA,TRAMADOL,,
1912986043,GENDER_F,HYDROCODONE,OXYCODONE,SPCLTY_Internal Medicine,STATE_MI,,
1912986977,FENTANYL,GENDER_M,HYDROCODONE,OXYCODONE,SPCLTY_Family Practice,STATE_NC,TRAMADOL
1912987363,FENTANYL,GENDER_M,HYDROCODONE,OXYCODONE,SPCLTY_Family Practice,STATE_IN,TRAMADOL
1912993403,GENDER_M,HYDROCODONE,SPCLTY_Neurosurgery,STATE_IL,,,
1912993619,GENDER_F,HYDROCODONE,OXYCODONE,SPCLTY_Radiation Oncology,STATE_AR,,
1912995614,GENDER_M,HYDROCODONE,OXYCODONE,SPCLTY_Orthopedic Surgery,STATE_ME,,
1912995697,GENDER_M,HYDROCODONE,SPCLTY_Internal Medicine,STATE_IL,,,
1912996398,FENTANYL,GENDER_F,HYDROCODONE,OXYCODONE,SPCLTY_Nurse Practitioner,STATE_CA,
1922001627,GENDER_M,HYDROCODONE,OXYCODONE,SPCLTY_Hematology/Oncology,STATE_LA,TRAMADOL,
1922002393,FENTANYL,GENDER_M,HYDROCODONE,OXYCODONE,SPCLTY_Internal Medicine,STATE_NY,
1922003870,GENDER_M,OXYCODONE,SPCLTY_Obstetrics/Gynecology,STATE_MA,,,
1922004431,GENDER_M,HYDROCODONE,SPCLTY_Radiation Oncology,STATE_AL,,,
1922004472,GENDER_M,HYDROCODONE,SPCLTY_Hand Surgery,STATE_TX,TRAMADOL,,
1922005883,GENDER_M,HYDROCODONE,SPCLTY_Ophthalmology,STATE_FL,TRAMADOL,,
1922006022,GENDER_M,OXYCODONE,SPCLTY_Family Practice,STATE_NY,TRAMADOL,,
1922006279,GENDER_M,HYDROCODONE,SPCLTY_Family Practice,STATE_MS,TRAMADOL,,
1922006600,FENTANYL,GENDER_M,HYDROCODONE,OXYCODONE,SPCLTY_Anesthesiology,STATE_PA,TRAMADOL
1922007160,GENDER_M,HYDROCODONE,OXYCODONE,SPCLTY_Urology,STATE_SC,,
1922007459,FENTANYL,GENDER_F,HYDROCODONE,OXYCODONE,SPCLTY_Physician Assistant,STATE_SC,TRAMADOL
1922012640,GENDER_F,HYDROCODONE,OXYCODONE,SPCLTY_Internal Medicine,STATE_SC,TRAMADOL,
1922015452,FENTANYL,GENDER_F,HYDROCODONE,OXYCODONE,SPCLTY_Family Practice,STATE_GA,TRAMADOL
1922015858,GENDER_M,HYDROCODONE,SPCLTY_Internal Medicine,STATE_WA,TRAMADOL,,
1922016351,GENDER_M,HYDROCODONE,OXYCODONE,SPCLTY_Emergency Medicine,STATE_DE,TRAMADOL,
1922016377,GENDER_F,HYDROCODONE,SPCLTY_Family Practice,STATE_CA,TRAMADOL,,
1922018480,GENDER_F,OXYCODONE,SPCLTY_Hematology/Oncology,STATE_MN,,,
1922019934,GENDER_M,HYDROCODONE,SPCLTY_Dentist,STATE_CO,,,
1922020197,FENTANYL,GENDER_M,HYDROCODONE,OXYCODONE,SPCLTY_Family Practice,STATE_NY,TRAMADOL
1922021484,GENDER_M,HYDROCODONE,SPCLTY_Radiation Oncology,STATE_MI,,,
1922025972,GENDER_M,HYDROCODONE,OXYCODONE,SPCLTY_Internal Medicine,STATE_CA,TRAMADOL,
1922026442,FENTANYL,GENDER_M,HYDROCODONE,OXYCODONE,SPCLTY_Pain Management,STATE_MO,TRAMADOL
1922026822,GENDER_M,HYDROCODONE,OXYCODONE,SPCLTY_General Surgery,STATE_AL,TRAMADOL,
1922029891,GENDER_M,HYDROCODONE,OXYCODONE,SPCLTY_Dentist,STATE_CO,,
1922031210,GENDER_F,HYDROCODONE,OXYCODONE,SPCLTY_Family Practice,STATE_MD,TRAMADOL,
1922034909,GENDER_M,SPCLTY_Internal Medicine,STATE_IL,TRAMADOL,,,
1922035310,GENDER_M,HYDROCODONE,SPCLTY_Obstetrics/Gynecology,STATE_SC,,,
1922036441,GENDER_F,HYDROCODONE,OXYCODONE,SPCLTY_Family Practice,STATE_IL,TRAMADOL,
1922038835,GENDER_F,SPCLTY_Nurse Practitioner,STATE_AL,TRAMADOL,,,
1922043215,GENDER_F,HYDROCODONE,SPCLTY_Family Practice,STATE_FL,TRAMADOL,,
1922043983,GENDER_M,HYDROCODONE,OXYCODONE,SPCLTY_Internal Medicine,STATE_KS,TRAMADOL,
1922046390,GENDER_M,HYDROCODONE,OXYCODONE,SPCLTY_Internal Medicine,STATE_NY,,
1922048644,GENDER_F,HYDROCODONE,SPCLTY_Neurology,STATE_TX,TRAMADOL,,
1922050913,GENDER_M,HYDROCODONE,SPCLTY_Emergency Medicine,STATE_VA,,,
1922055680,FENTANYL,GENDER_F,HYDROCODONE,OXYCODONE,SPCLTY_Hematology/Oncology,STATE_CA,
1922055722,GENDER_M,SPCLTY_Geriatric Medicine,STATE_SC,TRAMADOL,,,
1922056399,GENDER_F,HYDROCODONE,OXYCODONE,SPCLTY_Physician Assistant,STATE_WI,,
1922057512,GENDER_M,HYDROCODONE,SPCLTY_Psychiatry,STATE_IL,TRAMADOL,,
1922057660,GENDER_M,HYDROCODONE,OXYCODONE,SPCLTY_Internal Medicine,STATE_GA,TRAMADOL,
1922063460,GENDER_M,HYDROCODONE,OXYCODONE,SPCLTY_Oral Surgery (dentist,STATE_CO,,
1922063577,GENDER_M,HYDROCODONE,SPCLTY_Family Practice,STATE_WV,TRAMADOL,,
1922065119,GENDER_M,OXYCODONE,SPCLTY_Orthopedic Surgery,STATE_NM,TRAMADOL,,
1922065598,GENDER_F,HYDROCODONE,SPCLTY_Internal Medicine,STATE_UT,TRAMADOL,,
1922068634,FENTANYL,GENDER_M,OXYCODONE,SPCLTY_Internal Medicine,STATE_PA,,
1922069186,FENTANYL,GENDER_M,HYDROCODONE,OXYCODONE,SPCLTY_Pain Management,STATE_TX,TRAMADOL
1922071992,GENDER_M,HYDROCODONE,SPCLTY_Otolaryngology,STATE_MO,,,
1922072461,GENDER_M,HYDROCODONE,OXYCODONE,SPCLTY_Orthopedic Surgery,STATE_FL,TRAMADOL,
1922072701,GENDER_M,HYDROCODONE,SPCLTY_Podiatry,STATE_IL,,,
1922075126,GENDER_F,HYDROCODONE,SPCLTY_Family Practice,STATE_TX,TRAMADOL,,
1922075274,GENDER_M,HYDROCODONE,SPCLTY_Plastic and Reconstru,STATE_UT,,,
1922075415,FENTANYL,GENDER_M,SPCLTY_Pulmonary Disease,STATE_NY,TRAMADOL,,
1922076173,GENDER_M,HYDROCODONE,OXYCODONE,SPCLTY_Hematology/Oncology,STATE_WA,TRAMADOL,
1922076348,GENDER_M,OXYCODONE,SPCLTY_Oral Surgery (dentist,STATE_FL,,,
1922077346,GENDER_M,HYDROCODONE,OXYCODONE,SPCLTY_Emergency Medicine,STATE_NM,,
1922082320,FENTANYL,GENDER_F,HYDROCODONE,OXYCODONE,SPCLTY_Internal Medicine,STATE_MI,TRAMADOL
1922082973,GENDER_M,HYDROCODONE,SPCLTY_Obstetrics/Gynecology,STATE_AZ,,,
1922084896,FENTANYL,GENDER_M,HYDROCODONE,SPCLTY_Family Practice,STATE_MI,,
1922091594,GENDER_M,SPCLTY_Gastroenterology,STATE_OH,TRAMADOL,,,
1922091842,GENDER_M,HYDROCODONE,OXYCODONE,SPCLTY_Internal Medicine,STATE_NY,TRAMADOL,
1922092527,GENDER_M,HYDROCODONE,OXYCODONE,SPCLTY_Family Practice,STATE_CA,TRAMADOL,
1922092881,FENTANYL,GENDER_M,HYDROCODONE,OXYCODONE,SPCLTY_Interventional Pain M,STATE_MS,TRAMADOL
1922095256,GENDER_M,HYDROCODONE,SPCLTY_Internal Medicine,STATE_CA,TRAMADOL,,
1922096767,GENDER_F,OXYCODONE,SPCLTY_Nurse Practitioner,STATE_VA,,,
1922098904,GENDER_M,HYDROCODONE,SPCLTY_Orthopedic Surgery,STATE_CT,,,
1922102029,GENDER_M,HYDROCODONE,SPCLTY_Neurology,STATE_CA,,,
1922105592,GENDER_F,OXYCODONE,SPCLTY_Rheumatology,STATE_OH,TRAMADOL,,
1922111640,GENDER_M,HYDROCODONE,OXYCODONE,SPCLTY_Internal Medicine,STATE_MA,TRAMADOL,
1922113232,GENDER_M,SPCLTY_Family Practice,STATE_FL,TRAMADOL,,,
1922117787,GENDER_M,HYDROCODONE,OXYCODONE,SPCLTY_Hand Surgery,STATE_CT,,
1922118090,FENTANYL,GENDER_M,HYDROCODONE,SPCLTY_Family Practice,STATE_IA,TRAMADOL,
1922122480,GENDER_M,HYDROCODONE,SPCLTY_Dentist,STATE_IN,,,
1922140334,FENTANYL,GENDER_M,HYDROCODONE,OXYCODONE,SPCLTY_Physical Medicine and,STATE_GA,TRAMADOL
1922148816,GENDER_M,HYDROCODONE,SPCLTY_Emergency Medicine,STATE_RI,,,
1922149285,GENDER_M,HYDROCODONE,OXYCODONE,SPCLTY_Internal Medicine,STATE_CA,TRAMADOL,
1922149616,GENDER_M,OXYCODONE,SPCLTY_Physician Assistant,STATE_PA,,,
1922149939,GENDER_M,HYDROCODONE,SPCLTY_Family Practice,STATE_FL,,,
1922151539,GENDER_M,HYDROCODONE,OXYCODONE,SPCLTY_Dentist,STATE_AZ,,
1922152974,GENDER_M,HYDROCODONE,SPCLTY_Dentist,STATE_KS,,,
1922155357,GENDER_M,HYDROCODONE,OXYCODONE,SPCLTY_Internal Medicine,STATE_NC,TRAMADOL,
1922157106,GENDER_M,HYDROCODONE,SPCLTY_Family Practice,STATE_VA,TRAMADOL,,
1922158443,GENDER_M,HYDROCODONE,SPCLTY_Orthopedic Surgery,STATE_TX,,,
1922160530,GENDER_M,HYDROCODONE,OXYCODONE,SPCLTY_Emergency Medicine,STATE_UT,,
1922163385,GENDER_M,HYDROCODONE,SPCLTY_Dentist,STATE_MI,,,
1922165620,GENDER_M,HYDROCODONE,OXYCODONE,SPCLTY_Family Practice,STATE_CA,TRAMADOL,
1922168129,FENTANYL,GENDER_F,HYDROCODONE,SPCLTY_Pediatric Medicine,STATE_IL,,
1922169440,GENDER_M,HYDROCODONE,SPCLTY_Family Practice,STATE_IL,TRAMADOL,,
1922175819,GENDER_F,HYDROCODONE,OXYCODONE,SPCLTY_Physical Medicine and,STATE_CA,TRAMADOL,
1922178342,GENDER_M,HYDROCODONE,SPCLTY_Emergency Medicine,STATE_CA,,,
1922178847,GENDER_M,HYDROCODONE,OXYCODONE,SPCLTY_Internal Medicine,STATE_CA,TRAMADOL,
1922180884,FENTANYL,GENDER_F,HYDROCODONE,OXYCODONE,SPCLTY_Family Practice,STATE_IN,TRAMADOL
1922186428,GENDER_F,HYDROCODONE,SPCLTY_Family Practice,STATE_CA,TRAMADOL,,
1922186733,GENDER_M,SPCLTY_Infectious Disease,STATE_WY,TRAMADOL,,,
1922193937,GENDER_M,HYDROCODONE,SPCLTY_Dentist,STATE_AR,,,
1922198480,GENDER_F,HYDROCODONE,OXYCODONE,SPCLTY_Hand Surgery,STATE_TN,,
1922200013,GENDER_F,HYDROCODONE,OXYCODONE,SPCLTY_Emergency Medicine,STATE_IN,TRAMADOL,
1922202738,GENDER_M,OXYCODONE,SPCLTY_Physical Medicine and,STATE_NJ,,,
1922208248,GENDER_M,HYDROCODONE,SPCLTY_Maxillofacial Surgery,STATE_GA,,,
1922217116,GENDER_F,SPCLTY_Internal Medicine,STATE_FL,TRAMADOL,,,
1922217629,FENTANYL,GENDER_M,HYDROCODONE,SPCLTY_Internal Medicine,STATE_IL,TRAMADOL,
1922219344,GENDER_M,HYDROCODONE,OXYCODONE,SPCLTY_Vascular Surgery,STATE_MN,,
1922233881,GENDER_M,HYDROCODONE,SPCLTY_Dentist,STATE_TN,,,
1922240977,GENDER_F,HYDROCODONE,OXYCODONE,SPCLTY_Internal Medicine,STATE_VA,,
1922242569,GENDER_F,HYDROCODONE,SPCLTY_Family Practice,STATE_CA,,,
1922259324,GENDER_F,HYDROCODONE,SPCLTY_Internal Medicine,STATE_ME,,,
1922259589,GENDER_M,OXYCODONE,SPCLTY_Hematology/Oncology,STATE_FL,TRAMADOL,,
1922260066,GENDER_M,HYDROCODONE,SPCLTY_Family Practice,STATE_GA,TRAMADOL,,
1922264415,GENDER_F,HYDROCODONE,OXYCODONE,SPCLTY_Family Practice,STATE_KY,TRAMADOL,
1922273929,GENDER_F,HYDROCODONE,OXYCODONE,SPCLTY_Family Practice,STATE_PA,TRAMADOL,
1922278878,GENDER_F,HYDROCODONE,SPCLTY_Nurse Practitioner,STATE_AR,TRAMADOL,,
1922285865,GENDER_M,HYDROCODONE,OXYCODONE,SPCLTY_Emergency Medicine,STATE_FL,TRAMADOL,
1922291905,GENDER_M,HYDROCODONE,SPCLTY_Family Practice,STATE_LA,,,
1922297068,GENDER_F,HYDROCODONE,SPCLTY_Rheumatology,STATE_TX,TRAMADOL,,
1922316082,GENDER_F,HYDROCODONE,SPCLTY_Family Practice,STATE_CA,,,
1922333202,GENDER_M,HYDROCODONE,SPCLTY_Oral Surgery (dentist,STATE_ME,,,
1922346816,GENDER_M,SPCLTY_Nurse Practitioner,STATE_FL,TRAMADOL,,,
1922361773,GENDER_M,HYDROCODONE,SPCLTY_Internal Medicine,STATE_OH,,,
1922376847,GENDER_M,HYDROCODONE,OXYCODONE,SPCLTY_Internal Medicine,STATE_FL,TRAMADOL,
1922382589,GENDER_F,HYDROCODONE,SPCLTY_Nurse Practitioner,STATE_CA,,,
1922384825,GENDER_F,HYDROCODONE,SPCLTY_Dentist,STATE_RI,TRAMADOL,,
1922399591,GENDER_M,HYDROCODONE,SPCLTY_Student in an Organiz,STATE_CT,,,
1922428697,GENDER_F,HYDROCODONE,SPCLTY_Nurse Practitioner,STATE_VA,TRAMADOL,,
1922431220,GENDER_M,OXYCODONE,SPCLTY_Physician Assistant,STATE_NY,,,
1922434489,GENDER_F,HYDROCODONE,SPCLTY_Nurse Practitioner,STATE_RI,,,
1922443001,GENDER_M,HYDROCODONE,SPCLTY_Student in an Organiz,STATE_TX,,,
1922443423,GENDER_M,SPCLTY_Nurse Practitioner,STATE_MA,TRAMADOL,,,
1922449875,GENDER_M,OXYCODONE,SPCLTY_Physician Assistant,STATE_DC,,,
1932100302,GENDER_M,HYDROCODONE,SPCLTY_Obstetrics/Gynecology,STATE_TX,,,
1932101466,GENDER_M,HYDROCODONE,OXYCODONE,SPCLTY_Orthopedic Surgery,STATE_IA,TRAMADOL,
1932101516,GENDER_F,SPCLTY_Internal Medicine,STATE_NJ,TRAMADOL,,,
1932101961,GENDER_M,OXYCODONE,SPCLTY_General Surgery,STATE_NJ,,,
1932102902,GENDER_M,OXYCODONE,SPCLTY_Podiatry,STATE_NJ,,,
1932103397,GENDER_M,HYDROCODONE,OXYCODONE,SPCLTY_Podiatry,STATE_FL,,
1932103595,GENDER_F,HYDROCODONE,SPCLTY_Internal Medicine,STATE_CA,TRAMADOL,,
1932104080,GENDER_M,HYDROCODONE,OXYCODONE,SPCLTY_Emergency Medicine,STATE_NC,TRAMADOL,
1932105665,GENDER_M,OXYCODONE,SPCLTY_General Practice,STATE_PR,TRAMADOL,,
1932106622,GENDER_M,HYDROCODONE,SPCLTY_General Surgery,STATE_MI,TRAMADOL,,
1932108933,GENDER_M,HYDROCODONE,OXYCODONE,SPCLTY_Family Practice,STATE_VA,TRAMADOL,
1932113180,GENDER_M,HYDROCODONE,OXYCODONE,SPCLTY_Maxillofacial Surgery,STATE_SC,,
1932113438,GENDER_M,SPCLTY_Gastroenterology,STATE_MI,TRAMADOL,,,
1932114774,GENDER_F,HYDROCODONE,OXYCODONE,SPCLTY_Family Practice,STATE_IN,TRAMADOL,
1932117298,GENDER_M,HYDROCODONE,SPCLTY_Family Practice,STATE_SC,TRAMADOL,,
1932122595,GENDER_M,HYDROCODONE,SPCLTY_Emergency Medicine,STATE_IL,,,
1932127156,GENDER_M,HYDROCODONE,OXYCODONE,SPCLTY_Oral Surgery (dentist,STATE_CA,,
1932128717,FENTANYL,GENDER_M,HYDROCODONE,OXYCODONE,SPCLTY_Interventional Pain M,STATE_NJ,TRAMADOL
1932129822,FENTANYL,GENDER_F,HYDROCODONE,SPCLTY_Internal Medicine,STATE_GA,TRAMADOL,
1932134798,GENDER_M,HYDROCODONE,OXYCODONE,SPCLTY_Internal Medicine,STATE_MD,TRAMADOL,
1932137213,GENDER_M,HYDROCODONE,OXYCODONE,SPCLTY_Cardiac Surgery,STATE_MT,,
1932143716,GENDER_M,OXYCODONE,SPCLTY_Internal Medicine,STATE_NY,TRAMADOL,,
1932145125,GENDER_F,HYDROCODONE,SPCLTY_Nurse Practitioner,STATE_GA,TRAMADOL,,
1932155025,GENDER_M,HYDROCODONE,SPCLTY_Internal Medicine,STATE_IL,TRAMADOL,,
1932155900,GENDER_M,HYDROCODONE,SPCLTY_Otolaryngology,STATE_IA,,,
1932160215,GENDER_F,HYDROCODONE,SPCLTY_Internal Medicine,STATE_IN,TRAMADOL,,
1932160249,GENDER_F,HYDROCODONE,SPCLTY_Family Practice,STATE_NC,TRAMADOL,,
1932164084,GENDER_F,HYDROCODONE,SPCLTY_Family Practice,STATE_AR,TRAMADOL,,
1932164472,GENDER_M,HYDROCODONE,SPCLTY_Emergency Medicine,STATE_TX,,,
1932166485,GENDER_M,HYDROCODONE,SPCLTY_Neurosurgery,STATE_CA,TRAMADOL,,
1932166881,GENDER_F,SPCLTY_Nurse Practitioner,STATE_TX,TRAMADOL,,,
1932169083,GENDER_M,SPCLTY_Pulmonary Disease,STATE_OH,TRAMADOL,,,
1932173937,GENDER_M,HYDROCODONE,OXYCODONE,SPCLTY_Nurse Practitioner,STATE_MA,,
1932174067,GENDER_F,SPCLTY_Nurse Practitioner,STATE_VA,TRAMADOL,,,
1932174661,GENDER_M,HYDROCODONE,SPCLTY_General Surgery,STATE_MN,,,
1932175072,GENDER_M,HYDROCODONE,OXYCODONE,SPCLTY_Emergency Medicine,STATE_KY,,
1932177458,GENDER_F,HYDROCODONE,SPCLTY_Orthopedic Surgery,STATE_WA,,,
1932178332,FENTANYL,GENDER_M,HYDROCODONE,OXYCODONE,SPCLTY_Family Practice,STATE_AR,TRAMADOL
1932180627,FENTANYL,GENDER_F,OXYCODONE,SPCLTY_Nurse Practitioner,STATE_MD,TRAMADOL,
1932181609,GENDER_M,HYDROCODONE,SPCLTY_Hematology/Oncology,STATE_CA,,,
1932181682,GENDER_M,HYDROCODONE,SPCLTY_Internal Medicine,STATE_CA,TRAMADOL,,
1932182425,GENDER_F,HYDROCODONE,OXYCODONE,SPCLTY_Physician Assistant,STATE_MN,,
1932184249,FENTANYL,GENDER_M,HYDROCODONE,OXYCODONE,SPCLTY_Internal Medicine,STATE_IA,TRAMADOL
1932185212,GENDER_M,HYDROCODONE,SPCLTY_Emergency Medicine,STATE_OK,TRAMADOL,,
1932190105,FENTANYL,GENDER_M,HYDROCODONE,OXYCODONE,SPCLTY_Interventional Pain M,STATE_MO,TRAMADOL
1932192564,GENDER_M,HYDROCODONE,SPCLTY_Family Practice,STATE_OH,TRAMADOL,,
1932195005,GENDER_F,HYDROCODONE,OXYCODONE,SPCLTY_Family Practice,STATE_FL,TRAMADOL,
1932197084,GENDER_F,HYDROCODONE,SPCLTY_Nurse Practitioner,STATE_UT,TRAMADOL,,
1932197670,GENDER_M,HYDROCODONE,OXYCODONE,SPCLTY_Internal Medicine,STATE_AZ,,
1932197969,GENDER_F,OXYCODONE,SPCLTY_Internal Medicine,STATE_NY,,,
1932206851,GENDER_M,HYDROCODONE,OXYCODONE,SPCLTY_Maxillofacial Surgery,STATE_CA,,
1932209418,GENDER_M,HYDROCODONE,SPCLTY_General Surgery,STATE_OH,,,
1932209517,GENDER_F,OXYCODONE,SPCLTY_Nurse Practitioner,STATE_NH,TRAMADOL,,
1932212578,GENDER_M,HYDROCODONE,SPCLTY_Colorectal Surgery (f,STATE_OK,,,
1932213279,GENDER_F,HYDROCODONE,SPCLTY_Nurse Practitioner,STATE_MN,,,
1932213725,GENDER_M,SPCLTY_Psychiatry,STATE_MO,TRAMADOL,,,
1932221157,GENDER_M,HYDROCODONE,SPCLTY_Dentist,STATE_TX,,,
1932221694,GENDER_M,HYDROCODONE,SPCLTY_Urology,STATE_CA,,,
1932235660,GENDER_M,HYDROCODONE,SPCLTY_Orthopedic Surgery,STATE_TX,TRAMADOL,,
1932260072,GENDER_F,HYDROCODONE,OXYCODONE,SPCLTY_Physician Assistant,STATE_NC,,
1932263035,GENDER_M,HYDROCODONE,SPCLTY_Dentist,STATE_KY,,,
1932266384,GENDER_M,HYDROCODONE,SPCLTY_Emergency Medicine,STATE_MO,,,
1932267481,GENDER_M,HYDROCODONE,SPCLTY_Internal Medicine,STATE_NY,,,
1932268000,GENDER_M,HYDROCODONE,OXYCODONE,SPCLTY_Physician Assistant,STATE_CO,,
1932268539,GENDER_M,HYDROCODONE,OXYCODONE,SPCLTY_Internal Medicine,STATE_CA,TRAMADOL,
1932268695,GENDER_M,HYDROCODONE,SPCLTY_Vascular Surgery,STATE_CA,,,
1932273448,GENDER_M,HYDROCODONE,OXYCODONE,SPCLTY_Family Practice,STATE_MI,TRAMADOL,
1932280104,GENDER_M,HYDROCODONE,SPCLTY_Infectious Disease,STATE_WI,,,
1932281904,GENDER_M,HYDROCODONE,SPCLTY_Neurology,STATE_KY,TRAMADOL,,
1932283793,GENDER_M,HYDROCODONE,SPCLTY_Dentist,STATE_OH,,,
1932290160,GENDER_M,HYDROCODONE,SPCLTY_Dentist,STATE_LA,,,
1932293966,GENDER_M,HYDROCODONE,SPCLTY_Emergency Medicine,STATE_IN,,,
1932294584,GENDER_M,HYDROCODONE,SPCLTY_Psychiatry,STATE_TX,TRAMADOL,,
1932298387,GENDER_M,HYDROCODONE,SPCLTY_Family Practice,STATE_TX,TRAMADOL,,
1932300688,GENDER_M,HYDROCODONE,SPCLTY_Dentist,STATE_FL,,,
1932305182,GENDER_M,HYDROCODONE,SPCLTY_Emergency Medicine,STATE_IL,TRAMADOL,,
1932305893,GENDER_M,HYDROCODONE,OXYCODONE,SPCLTY_Physical Medicine and,STATE_PA,TRAMADOL,
1932309838,GENDER_M,HYDROCODONE,SPCLTY_Obstetrics/Gynecology,STATE_KY,,,
1932310422,GENDER_M,HYDROCODONE,OXYCODONE,SPCLTY_Radiation Oncology,STATE_KY,,
1932315272,GENDER_F,HYDROCODONE,SPCLTY_General Surgery,STATE_IN,,,
1932316320,GENDER_M,HYDROCODONE,SPCLTY_Physical Medicine and,STATE_IL,TRAMADOL,,
1932334786,GENDER_F,HYDROCODONE,SPCLTY_Family Practice,STATE_SC,TRAMADOL,,
1932335627,GENDER_F,HYDROCODONE,SPCLTY_Physician Assistant,STATE_IL,TRAMADOL,,
1932336203,GENDER_M,HYDROCODONE,SPCLTY_Urology,STATE_GA,,,
1932337664,GENDER_M,HYDROCODONE,OXYCODONE,SPCLTY_Podiatry,STATE_TN,,
1932340502,GENDER_F,HYDROCODONE,SPCLTY_Family Practice,STATE_CA,,,
1932355963,GENDER_F,HYDROCODONE,SPCLTY_Internal Medicine,STATE_AR,,,
1932360799,FENTANYL,GENDER_F,HYDROCODONE,SPCLTY_Family Practice,STATE_NY,TRAMADOL,
1932361169,GENDER_F,HYDROCODONE,OXYCODONE,SPCLTY_Otolaryngology,STATE_IL,,
1932364924,GENDER_M,HYDROCODONE,SPCLTY_Family Practice,STATE_PA,TRAMADOL,,
1932366135,GENDER_M,HYDROCODONE,SPCLTY_Internal Medicine,STATE_TX,TRAMADOL,,
1932375334,FENTANYL,GENDER_M,HYDROCODONE,OXYCODONE,SPCLTY_Anesthesiology,STATE_PA,TRAMADOL
1932381316,GENDER_F,OXYCODONE,SPCLTY_Internal Medicine,STATE_OR,,,
1932383502,GENDER_M,HYDROCODONE,OXYCODONE,SPCLTY_Family Practice,STATE_FL,TRAMADOL,
1932386414,GENDER_F,OXYCODONE,SPCLTY_Hematology/Oncology,STATE_NY,,,
1932390457,GENDER_M,HYDROCODONE,OXYCODONE,SPCLTY_Internal Medicine,STATE_AZ,,
1932400991,GENDER_F,HYDROCODONE,OXYCODONE,SPCLTY_Nurse Practitioner,STATE_MN,TRAMADOL,
1932402476,GENDER_F,HYDROCODONE,SPCLTY_Family Practice,STATE_CA,TRAMADOL,,
1932410776,GENDER_M,HYDROCODONE,SPCLTY_Family Practice,STATE_TX,,,
1932417722,GENDER_F,HYDROCODONE,SPCLTY_Physician Assistant,STATE_CA,TRAMADOL,,
1932420155,GENDER_F,HYDROCODONE,SPCLTY_Emergency Medicine,STATE_CA,,,
1932435898,GENDER_F,HYDROCODONE,SPCLTY_Physician Assistant,STATE_PA,,,
1932455946,GENDER_M,HYDROCODONE,OXYCODONE,SPCLTY_Internal Medicine,STATE_RI,TRAMADOL,
1932462280,GENDER_M,HYDROCODONE,SPCLTY_General Surgery,STATE_MI,,,
1932463460,GENDER_M,OXYCODONE,SPCLTY_Physician Assistant,STATE_CT,,,
1932478856,GENDER_M,HYDROCODONE,OXYCODONE,SPCLTY_Physician Assistant,STATE_NC,TRAMADOL,
1932532280,GENDER_F,OXYCODONE,SPCLTY_Nurse Practitioner,STATE_MA,TRAMADOL,,
1932546603,GENDER_M,HYDROCODONE,SPCLTY_Emergency Medicine,STATE_MI,,,
1942200282,GENDER_M,HYDROCODONE,OXYCODONE,SPCLTY_Internal Medicine,STATE_NC,TRAMADOL,
1942200480,GENDER_M,HYDROCODONE,SPCLTY_Orthopedic Surgery,STATE_MD,TRAMADOL,,
1942202858,GENDER_M,HYDROCODONE,OXYCODONE,SPCLTY_Emergency Medicine,STATE_OH,TRAMADOL,
1942207162,GENDER_M,HYDROCODONE,SPCLTY_Nephrology,STATE_LA,TRAMADOL,,
1942212790,FENTANYL,GENDER_M,HYDROCODONE,OXYCODONE,SPCLTY_Hematology/Oncology,STATE_RI,
1942213699,GENDER_F,HYDROCODONE,SPCLTY_Licensed Practical Nu,STATE_CA,,,
1942218185,GENDER_F,HYDROCODONE,OXYCODONE,SPCLTY_Family Practice,STATE_WA,,
1942219878,GENDER_M,HYDROCODONE,SPCLTY_Nurse Practitioner,STATE_IN,TRAMADOL,,
1942220702,GENDER_F,HYDROCODONE,SPCLTY_Rheumatology,STATE_OK,TRAMADOL,,
1942224910,GENDER_M,OXYCODONE,SPCLTY_Internal Medicine,STATE_NY,TRAMADOL,,
1942224993,GENDER_M,OXYCODONE,SPCLTY_Physician Assistant,STATE_NY,,,
1942229026,GENDER_F,HYDROCODONE,SPCLTY_Family Practice,STATE_AR,,,
1942232582,GENDER_F,HYDROCODONE,SPCLTY_Internal Medicine,STATE_AZ,TRAMADOL,,
1942233978,GENDER_M,HYDROCODONE,OXYCODONE,SPCLTY_Internal Medicine,STATE_MN,TRAMADOL,
1942235908,FENTANYL,GENDER_F,HYDROCODONE,SPCLTY_Nurse Practitioner,STATE_IL,,
1942242763,GENDER_F,HYDROCODONE,SPCLTY_Emergency Medicine,STATE_AZ,,,
1942243316,GENDER_M,HYDROCODONE,OXYCODONE,SPCLTY_Orthopedic Surgery,STATE_GA,TRAMADOL,
1942243472,FENTANYL,GENDER_M,HYDROCODONE,OXYCODONE,SPCLTY_Internal Medicine,STATE_IL,TRAMADOL
1942243662,GENDER_M,HYDROCODONE,SPCLTY_Anesthesiology,STATE_AL,,,
1942245345,GENDER_M,HYDROCODONE,SPCLTY_Orthopedic Surgery,STATE_LA,,,
1942251517,GENDER_M,HYDROCODONE,SPCLTY_Orthopedic Surgery,STATE_SC,TRAMADOL,,
1942251921,GENDER_M,HYDROCODONE,OXYCODONE,SPCLTY_Emergency Medicine,STATE_CA,TRAMADOL,
1942252069,FENTANYL,GENDER_M,HYDROCODONE,OXYCODONE,SPCLTY_Physical Medicine and,STATE_FL,TRAMADOL
1942253414,GENDER_M,OXYCODONE,SPCLTY_Hematology/Oncology,STATE_NY,,,
1942254768,GENDER_F,OXYCODONE,SPCLTY_Hematology/Oncology,STATE_FL,,,
1942257852,GENDER_M,HYDROCODONE,OXYCODONE,SPCLTY_Internal Medicine,STATE_CA,TRAMADOL,
1942259643,FENTANYL,GENDER_M,HYDROCODONE,OXYCODONE,SPCLTY_Family Practice,STATE_NY,TRAMADOL
1942261078,GENDER_F,HYDROCODONE,SPCLTY_Emergency Medicine,STATE_IA,,,
1942266689,GENDER_M,HYDROCODONE,OXYCODONE,SPCLTY_Rheumatology,STATE_TX,TRAMADOL,
1942266713,GENDER_M,HYDROCODONE,OXYCODONE,SPCLTY_General Surgery,STATE_TN,,
1942270780,FENTANYL,GENDER_F,HYDROCODONE,OXYCODONE,SPCLTY_Internal Medicine,STATE_VT,TRAMADOL
1942270848,GENDER_M,HYDROCODONE,OXYCODONE,SPCLTY_Internal Medicine,STATE_NJ,TRAMADOL,
1942271622,GENDER_F,HYDROCODONE,SPCLTY_Nurse Practitioner,STATE_SC,TRAMADOL,,
1942272596,GENDER_M,HYDROCODONE,OXYCODONE,SPCLTY_Orthopedic Surgery,STATE_OH,TRAMADOL,
1942273859,GENDER_M,HYDROCODONE,OXYCODONE,SPCLTY_Emergency Medicine,STATE_FL,TRAMADOL,
1942274105,FENTANYL,GENDER_M,HYDROCODONE,OXYCODONE,SPCLTY_Interventional Pain M,STATE_AZ,TRAMADOL
1942274360,GENDER_M,OXYCODONE,SPCLTY_Ophthalmology,STATE_OH,,,
1942274501,FENTANYL,GENDER_M,HYDROCODONE,OXYCODONE,SPCLTY_Anesthesiology,STATE_NJ,TRAMADOL
1942276159,FENTANYL,GENDER_M,HYDROCODONE,OXYCODONE,SPCLTY_Family Practice,STATE_IL,TRAMADOL
1942277629,FENTANYL,GENDER_M,HYDROCODONE,OXYCODONE,SPCLTY_General Practice,STATE_FL,TRAMADOL
1942277751,FENTANYL,GENDER_M,HYDROCODONE,OXYCODONE,SPCLTY_Pain Management,STATE_WI,TRAMADOL
1942280052,GENDER_M,HYDROCODONE,SPCLTY_Physician Assistant,STATE_TN,TRAMADOL,,
1942282215,GENDER_M,HYDROCODONE,SPCLTY_Cardiology,STATE_IL,TRAMADOL,,
1942283270,GENDER_M,HYDROCODONE,SPCLTY_Family Practice,STATE_TN,,,
1942286042,GENDER_M,HYDROCODONE,OXYCODONE,SPCLTY_General Surgery,STATE_VA,,
1942290804,GENDER_F,HYDROCODONE,OXYCODONE,SPCLTY_Physician Assistant,STATE_NY,,
1942292313,FENTANYL,GENDER_M,HYDROCODONE,OXYCODONE,SPCLTY_Family Practice,STATE_PA,TRAMADOL
1942292511,FENTANYL,GENDER_M,HYDROCODONE,OXYCODONE,SPCLTY_Family Practice,STATE_VA,TRAMADOL
1942297080,GENDER_M,HYDROCODONE,OXYCODONE,SPCLTY_Gynecological/Oncolog,STATE_NY,,
1942297163,GENDER_F,HYDROCODONE,SPCLTY_Dermatology,STATE_FL,TRAMADOL,,
1942297197,GENDER_F,HYDROCODONE,SPCLTY_Physician Assistant,STATE_IA,TRAMADOL,,
1942297528,GENDER_F,HYDROCODONE,SPCLTY_Hematology/Oncology,STATE_MA,,,
1942298708,GENDER_F,SPCLTY_Dermatology,STATE_TX,TRAMADOL,,,
1942301759,GENDER_M,HYDROCODONE,SPCLTY_Endocrinology,STATE_GA,TRAMADOL,,
1942308077,GENDER_F,SPCLTY_Family Practice,STATE_FL,TRAMADOL,,,
1942312228,GENDER_M,HYDROCODONE,SPCLTY_Dentist,STATE_AR,,,
1942313010,FENTANYL,GENDER_M,HYDROCODONE,OXYCODONE,SPCLTY_Internal Medicine,STATE_FL,TRAMADOL
1942313408,GENDER_M,HYDROCODONE,SPCLTY_Dentist,STATE_AR,,,
1942331236,GENDER_F,HYDROCODONE,SPCLTY_Nurse Practitioner,STATE_CA,TRAMADOL,,
1942332135,GENDER_F,SPCLTY_Physician Assistant,STATE_FL,TRAMADOL,,,
1942335146,GENDER_M,HYDROCODONE,OXYCODONE,SPCLTY_Emergency Medicine,STATE_WA,,
1942337472,GENDER_F,HYDROCODONE,OXYCODONE,SPCLTY_Physician Assistant,STATE_DC,,
1942344726,FENTANYL,GENDER_F,HYDROCODONE,OXYCODONE,SPCLTY_Internal Medicine,STATE_CO,TRAMADOL
1942355821,GENDER_M,OXYCODONE,SPCLTY_General Surgery,STATE_UT,,,
1942356035,GENDER_F,HYDROCODONE,SPCLTY_Physician Assistant,STATE_CA,,,
1942360375,GENDER_M,HYDROCODONE,SPCLTY_Oral Surgery (dentist,STATE_FL,TRAMADOL,,
1942363627,GENDER_M,HYDROCODONE,SPCLTY_Dentist,STATE_TN,,,
1942377833,GENDER_M,HYDROCODONE,SPCLTY_Physical Medicine and,STATE_CA,,,
1942382726,GENDER_M,HYDROCODONE,SPCLTY_Family Practice,STATE_GA,TRAMADOL,,
1942386412,GENDER_M,OXYCODONE,SPCLTY_General Surgery,STATE_NY,,,
1942390174,GENDER_F,HYDROCODONE,SPCLTY_Nurse Practitioner,STATE_TN,,,
1942391446,GENDER_F,HYDROCODONE,SPCLTY_Nurse Practitioner,STATE_LA,TRAMADOL,,
1942391974,GENDER_F,SPCLTY_Family Practice,STATE_NJ,TRAMADOL,,,
1942392113,GENDER_M,HYDROCODONE,SPCLTY_Podiatry,STATE_OR,,,
1942392378,GENDER_F,OXYCODONE,SPCLTY_Internal Medicine,STATE_MA,TRAMADOL,,
1942395546,GENDER_M,HYDROCODONE,OXYCODONE,SPCLTY_Emergency Medicine,STATE_OH,,
1942396478,GENDER_M,OXYCODONE,SPCLTY_Emergency Medicine,STATE_MD,,,
1942397963,GENDER_M,HYDROCODONE,OXYCODONE,SPCLTY_Family Practice,STATE_VA,,
1942399886,GENDER_M,HYDROCODONE,OXYCODONE,SPCLTY_Orthopedic Surgery,STATE_CT,TRAMADOL,
1942400536,GENDER_M,HYDROCODONE,OXYCODONE,SPCLTY_Orthopedic Surgery,STATE_WA,TRAMADOL,
1942402029,GENDER_F,HYDROCODONE,OXYCODONE,SPCLTY_Emergency Medicine,STATE_MS,TRAMADOL,
1942407747,GENDER_F,HYDROCODONE,OXYCODONE,SPCLTY_Nurse Practitioner,STATE_NJ,TRAMADOL,
1942409529,GENDER_M,SPCLTY_Nephrology,STATE_MO,TRAMADOL,,,
1942415724,GENDER_M,HYDROCODONE,SPCLTY_Emergency Medicine,STATE_TX,TRAMADOL,,
1942425061,GENDER_M,HYDROCODONE,SPCLTY_Sports Medicine,STATE_PA,,,
1942425350,GENDER_F,HYDROCODONE,SPCLTY_Surgical Oncology,STATE_TX,,,
1942425624,GENDER_F,HYDROCODONE,SPCLTY_General Surgery,STATE_MI,,,
1942425632,GENDER_F,HYDROCODONE,SPCLTY_Dentist,STATE_OR,,,
1942427109,GENDER_M,HYDROCODONE,SPCLTY_Dentist,STATE_SC,,,
1942436597,GENDER_F,SPCLTY_Internal Medicine,STATE_NY,TRAMADOL,,,
1942442413,FENTANYL,GENDER_F,HYDROCODONE,SPCLTY_Family Practice,STATE_WI,TRAMADOL,
1942454616,GENDER_F,HYDROCODONE,OXYCODONE,SPCLTY_Physician Assistant,STATE_UT,,
1942455464,GENDER_F,HYDROCODONE,OXYCODONE,SPCLTY_Physician Assistant,STATE_CA,,
1942457734,GENDER_F,HYDROCODONE,SPCLTY_Physician Assistant,STATE_IL,,,
1942460266,GENDER_F,SPCLTY_Physical Medicine and,STATE_NJ,TRAMADOL,,,
1942460365,GENDER_F,HYDROCODONE,SPCLTY_Unknown Physician Spe,STATE_NY,,,
1942463799,GENDER_M,HYDROCODONE,SPCLTY_General Surgery,STATE_ID,,,
1942464078,GENDER_M,HYDROCODONE,SPCLTY_Dentist,STATE_UT,,,
1942484431,GENDER_F,OXYCODONE,SPCLTY_Internal Medicine,STATE_MA,TRAMADOL,,
1942492764,GENDER_F,HYDROCODONE,SPCLTY_Internal Medicine,STATE_MN,TRAMADOL,,
1942499645,GENDER_F,OXYCODONE,SPCLTY_Nurse Practitioner,STATE_WA,,,
1942500731,GENDER_F,HYDROCODONE,SPCLTY_Nurse Practitioner,STATE_WA,,,
1942526686,GENDER_M,HYDROCODONE,SPCLTY_Family Practice,STATE_CA,TRAMADOL,,
1942528112,GENDER_F,HYDROCODONE,SPCLTY_Internal Medicine,STATE_TX,,,
1942535067,GENDER_M,HYDROCODONE,OXYCODONE,SPCLTY_Physician Assistant,STATE_CO,TRAMADOL,
1942542998,GENDER_F,HYDROCODONE,SPCLTY_Dentist,STATE_WA,,,
1942563143,GENDER_M,HYDROCODONE,SPCLTY_Emergency Medicine,STATE_TX,,,
1942570023,GENDER_F,HYDROCODONE,SPCLTY_Student in an Organiz,STATE_MD,,,
1942591151,GENDER_M,HYDROCODONE,SPCLTY_Psychiatry,STATE_TX,,,
1942591193,GENDER_F,OXYCODONE,SPCLTY_Physician Assistant,STATE_NY,,,
1942591227,GENDER_F,HYDROCODONE,OXYCODONE,SPCLTY_Internal Medicine,STATE_MN,TRAMADOL,
1952303760,GENDER_M,HYDROCODONE,OXYCODONE,SPCLTY_Family Practice,STATE_OH,TRAMADOL,
1952304263,GENDER_M,HYDROCODONE,OXYCODONE,SPCLTY_Orthopedic Surgery,STATE_CT,,
1952305542,GENDER_M,HYDROCODONE,OXYCODONE,SPCLTY_Family Practice,STATE_MI,TRAMADOL,
1952306292,GENDER_F,SPCLTY_Internal Medicine,STATE_OH,TRAMADOL,,,
1952306979,GENDER_F,HYDROCODONE,OXYCODONE,SPCLTY_Rheumatology,STATE_WI,TRAMADOL,
1952308421,GENDER_M,HYDROCODONE,OXYCODONE,SPCLTY_Urology,STATE_TN,,
1952308959,GENDER_M,OXYCODONE,SPCLTY_Cardiology,STATE_LA,,,
1952309411,GENDER_M,OXYCODONE,SPCLTY_Orthopedic Surgery,STATE_NY,,,
1952309759,GENDER_M,HYDROCODONE,SPCLTY_Podiatry,STATE_IN,,,
1952318057,GENDER_M,SPCLTY_Orthopedic Surgery,STATE_NY,TRAMADOL,,,
1952318271,GENDER_M,HYDROCODONE,SPCLTY_General Surgery,STATE_AR,,,
1952318339,GENDER_F,HYDROCODONE,OXYCODONE,SPCLTY_Nurse Practitioner,STATE_ME,TRAMADOL,
1952318628,GENDER_M,HYDROCODONE,SPCLTY_Dentist,STATE_SC,,,
1952319865,GENDER_M,HYDROCODONE,OXYCODONE,SPCLTY_Family Practice,STATE_AZ,,
1952321747,GENDER_F,HYDROCODONE,OXYCODONE,SPCLTY_Nurse Practitioner,STATE_OR,,
1952325763,GENDER_F,SPCLTY_Physician Assistant,STATE_FL,TRAMADOL,,,
1952326282,GENDER_M,HYDROCODONE,SPCLTY_Psychiatry,STATE_NV,,,
1952328494,FENTANYL,GENDER_M,HYDROCODONE,OXYCODONE,SPCLTY_Anesthesiology,STATE_CA,TRAMADOL
1952331373,GENDER_F,SPCLTY_Family Practice,STATE_NH,TRAMADOL,,,
1952332041,GENDER_M,HYDROCODONE,OXYCODONE,SPCLTY_Hematology/Oncology,STATE_RI,,
1952333064,GENDER_M,HYDROCODONE,OXYCODONE,SPCLTY_Emergency Medicine,STATE_AL,TRAMADOL,
1952334773,GENDER_M,HYDROCODONE,OXYCODONE,SPCLTY_Family Practice,STATE_PA,TRAMADOL,
1952336612,GENDER_M,HYDROCODONE,SPCLTY_Physician Assistant,STATE_NC,,,
1952337735,GENDER_M,HYDROCODONE,SPCLTY_Plastic and Reconstru,STATE_KS,,,
1952339533,FENTANYL,GENDER_M,HYDROCODONE,OXYCODONE,SPCLTY_Family Practice,STATE_LA,TRAMADOL
1952341398,FENTANYL,GENDER_M,HYDROCODONE,OXYCODONE,SPCLTY_Anesthesiology,STATE_PA,TRAMADOL
1952345662,GENDER_F,HYDROCODONE,SPCLTY_Physician Assistant,STATE_TX,,,
1952347098,GENDER_M,HYDROCODONE,SPCLTY_Emergency Medicine,STATE_TX,,,
1952348971,GENDER_M,HYDROCODONE,SPCLTY_Urology,STATE_FL,,,
1952349425,GENDER_F,HYDROCODONE,OXYCODONE,SPCLTY_Anesthesiology,STATE_NJ,TRAMADOL,
1952349920,GENDER_M,HYDROCODONE,OXYCODONE,SPCLTY_Hematology/Oncology,STATE_TX,,
1952355562,GENDER_M,HYDROCODONE,OXYCODONE,SPCLTY_Family Practice,STATE_CA,TRAMADOL,
1952358137,FENTANYL,GENDER_F,HYDROCODONE,SPCLTY_Registered Nurse,STATE_NY,TRAMADOL,
1952359671,GENDER_F,HYDROCODONE,SPCLTY_Family Practice,STATE_CA,,,
1952359788,GENDER_M,HYDROCODONE,SPCLTY_Orthopedic Surgery,STATE_TX,TRAMADOL,,
1952360307,GENDER_M,HYDROCODONE,SPCLTY_General Surgery,STATE_FL,,,
1952363186,GENDER_M,HYDROCODONE,SPCLTY_Dentist,STATE_LA,,,
1952363681,GENDER_F,HYDROCODONE,SPCLTY_Physician Assistant,STATE_PA,,,
1952363715,FENTANYL,GENDER_M,HYDROCODONE,OXYCODONE,SPCLTY_Family Practice,STATE_AZ,TRAMADOL
1952364366,GENDER_M,HYDROCODONE,SPCLTY_Emergency Medicine,STATE_NC,,,
1952366510,GENDER_M,HYDROCODONE,SPCLTY_Gastroenterology,STATE_AR,,,
1952367369,GENDER_M,HYDROCODONE,OXYCODONE,SPCLTY_Internal Medicine,STATE_NY,,
1952367518,FENTANYL,GENDER_F,OXYCODONE,SPCLTY_Hematology/Oncology,STATE_PR,TRAMADOL,
1952369498,FENTANYL,GENDER_F,HYDROCODONE,OXYCODONE,SPCLTY_Internal Medicine,STATE_WA,TRAMADOL
1952371007,GENDER_F,HYDROCODONE,SPCLTY_Physical Medicine and,STATE_MI,,,
1952372351,GENDER_M,OXYCODONE,SPCLTY_Otolaryngology,STATE_OH,,,
1952372765,GENDER_F,HYDROCODONE,OXYCODONE,SPCLTY_Internal Medicine,STATE_CA,TRAMADOL,
1952374373,GENDER_M,HYDROCODONE,SPCLTY_Emergency Medicine,STATE_TX,TRAMADOL,,
1952375362,FENTANYL,GENDER_M,HYDROCODONE,OXYCODONE,SPCLTY_Internal Medicine,STATE_AZ,TRAMADOL
1952377384,FENTANYL,GENDER_M,HYDROCODONE,OXYCODONE,SPCLTY_Anesthesiology,STATE_FL,TRAMADOL
1952379372,GENDER_F,OXYCODONE,SPCLTY_General Surgery,STATE_WI,,,
1952379869,FENTANYL,GENDER_M,HYDROCODONE,OXYCODONE,SPCLTY_Internal Medicine,STATE_KS,TRAMADOL
1952382830,GENDER_F,HYDROCODONE,SPCLTY_Family Practice,STATE_FL,TRAMADOL,,
1952383879,GENDER_M,HYDROCODONE,SPCLTY_Orthopedic Surgery,STATE_MI,TRAMADOL,,
1952383929,GENDER_M,HYDROCODONE,OXYCODONE,SPCLTY_Orthopedic Surgery,STATE_CA,,
1952388449,GENDER_M,SPCLTY_Family Practice,STATE_AK,TRAMADOL,,,
1952388977,GENDER_F,HYDROCODONE,OXYCODONE,SPCLTY_Urology,STATE_TN,,
1952390056,GENDER_M,HYDROCODONE,SPCLTY_General Practice,STATE_VA,,,
1952391625,FENTANYL,GENDER_M,HYDROCODONE,OXYCODONE,SPCLTY_Nurse Practitioner,STATE_PA,
1952393480,GENDER_M,HYDROCODONE,OXYCODONE,SPCLTY_Family Practice,STATE_OH,TRAMADOL,
1952397762,GENDER_M,OXYCODONE,SPCLTY_Critical Care (Intens,STATE_FL,,,
1952400798,FENTANYL,GENDER_M,HYDROCODONE,OXYCODONE,SPCLTY_Physical Medicine and,STATE_MD,TRAMADOL
1952403909,GENDER_F,HYDROCODONE,SPCLTY_Family Practice,STATE_CA,TRAMADOL,,
1952404253,GENDER_M,HYDROCODONE,SPCLTY_Nephrology,STATE_CA,,,
1952406688,GENDER_F,OXYCODONE,SPCLTY_Gastroenterology,STATE_NC,,,
1952407785,GENDER_F,SPCLTY_Nurse Practitioner,STATE_MA,TRAMADOL,,,
1952410557,GENDER_M,HYDROCODONE,SPCLTY_Physical Medicine and,STATE_NH,,,
1952412561,GENDER_M,HYDROCODONE,OXYCODONE,SPCLTY_Orthopedic Surgery,STATE_FL,TRAMADOL,
1952415101,GENDER_M,HYDROCODONE,SPCLTY_Podiatry,STATE_OH,,,
1952415176,GENDER_F,HYDROCODONE,SPCLTY_Emergency Medicine,STATE_MD,,,
1952421638,GENDER_M,HYDROCODONE,OXYCODONE,SPCLTY_Internal Medicine,STATE_OH,,
1952424095,GENDER_M,HYDROCODONE,OXYCODONE,SPCLTY_Orthopedic Surgery,STATE_TN,,
1952425571,GENDER_M,HYDROCODONE,SPCLTY_Emergency Medicine,STATE_LA,,,
1952427734,GENDER_F,SPCLTY_Physician Assistant,STATE_NV,TRAMADOL,,,
1952431850,GENDER_F,HYDROCODONE,SPCLTY_Nurse Practitioner,STATE_HI,TRAMADOL,,
1952441099,GENDER_F,SPCLTY_Nurse Practitioner,STATE_CA,TRAMADOL,,,
1952455362,GENDER_M,HYDROCODONE,SPCLTY_Internal Medicine,STATE_IL,TRAMADOL,,
1952457632,GENDER_M,HYDROCODONE,OXYCODONE,SPCLTY_Urology,STATE_CO,,
1952459638,GENDER_M,HYDROCODONE,SPCLTY_Psychiatry,STATE_VA,,,
1952467649,GENDER_F,OXYCODONE,SPCLTY_Medical Oncology,STATE_NY,,,
1952468183,GENDER_F,HYDROCODONE,SPCLTY_Internal Medicine,STATE_CA,,,
1952473290,FENTANYL,GENDER_M,HYDROCODONE,OXYCODONE,SPCLTY_Internal Medicine,STATE_IN,TRAMADOL
1952474595,GENDER_M,OXYCODONE,SPCLTY_Pediatric Medicine,STATE_NY,TRAMADOL,,
1952477630,GENDER_F,HYDROCODONE,SPCLTY_Physician Assistant,STATE_TX,,,
1952478703,GENDER_M,HYDROCODONE,SPCLTY_Urology,STATE_ID,,,
1952481145,FENTANYL,GENDER_M,HYDROCODONE,SPCLTY_Endocrinology,STATE_KS,,
1952483695,GENDER_F,SPCLTY_Physician Assistant,STATE_PA,TRAMADOL,,,
1952485930,GENDER_F,HYDROCODONE,OXYCODONE,SPCLTY_Internal Medicine,STATE_CA,,
1952489676,GENDER_M,HYDROCODONE,SPCLTY_Otolaryngology,STATE_CA,,,
1952491417,GENDER_M,SPCLTY_General Practice,STATE_PR,TRAMADOL,,,
1952494718,GENDER_M,HYDROCODONE,OXYCODONE,SPCLTY_Orthopedic Surgery,STATE_MS,TRAMADOL,
1952497638,GENDER_F,HYDROCODONE,SPCLTY_Dentist,STATE_KS,,,
1952501942,GENDER_M,HYDROCODONE,OXYCODONE,SPCLTY_Physician Assistant,STATE_RI,TRAMADOL,
1952512659,GENDER_M,HYDROCODONE,SPCLTY_Dentist,STATE_TN,,,
1952514283,FENTANYL,GENDER_M,HYDROCODONE,OXYCODONE,SPCLTY_Family Practice,STATE_FL,TRAMADOL
1952532046,GENDER_M,SPCLTY_General Practice,STATE_PR,TRAMADOL,,,
1952535239,GENDER_F,HYDROCODONE,OXYCODONE,SPCLTY_Physician Assistant,STATE_NC,TRAMADOL,
1952539678,GENDER_F,HYDROCODONE,SPCLTY_Internal Medicine,STATE_TX,TRAMADOL,,
1952542003,GENDER_F,HYDROCODONE,SPCLTY_Internal Medicine,STATE_TX,TRAMADOL,,
1952544199,FENTANYL,GENDER_F,HYDROCODONE,OXYCODONE,SPCLTY_Family Practice,STATE_IN,TRAMADOL
1952550667,FENTANYL,GENDER_F,HYDROCODONE,OXYCODONE,SPCLTY_Internal Medicine,STATE_IN,TRAMADOL
1952557100,GENDER_M,HYDROCODONE,SPCLTY_Dentist,STATE_VA,,,
1952559486,GENDER_M,HYDROCODONE,OXYCODONE,SPCLTY_Emergency Medicine,STATE_OH,,
1952560732,GENDER_F,SPCLTY_Family Practice,STATE_CA,TRAMADOL,,,
1952572166,GENDER_F,SPCLTY_Nurse Practitioner,STATE_TX,TRAMADOL,,,
1952578056,FENTANYL,GENDER_F,HYDROCODONE,OXYCODONE,SPCLTY_Family Practice,STATE_MI,TRAMADOL
1952591711,GENDER_F,HYDROCODONE,OXYCODONE,SPCLTY_Family Practice,STATE_WA,TRAMADOL,
1952594616,GENDER_F,HYDROCODONE,SPCLTY_Family Practice,STATE_TX,TRAMADOL,,
1952597502,GENDER_F,HYDROCODONE,OXYCODONE,SPCLTY_Physician Assistant,STATE_PA,,
1952598419,GENDER_F,HYDROCODONE,SPCLTY_Hematology/Oncology,STATE_TX,TRAMADOL,,
1952607640,GENDER_F,HYDROCODONE,SPCLTY_Family Practice,STATE_NV,,,
1952612251,GENDER_F,HYDROCODONE,OXYCODONE,SPCLTY_Family Practice,STATE_KS,,
1952612947,GENDER_F,HYDROCODONE,OXYCODONE,SPCLTY_Family Practice,STATE_MT,TRAMADOL,
1952613382,GENDER_F,HYDROCODONE,SPCLTY_Physician Assistant,STATE_NC,TRAMADOL,,
1952615049,GENDER_M,SPCLTY_Internal Medicine,STATE_NY,TRAMADOL,,,
1952619876,GENDER_M,HYDROCODONE,SPCLTY_Internal Medicine,STATE_TX,,,
1952630964,FENTANYL,GENDER_F,OXYCODONE,SPCLTY_Physician Assistant,STATE_NJ,,
1952633547,GENDER_F,SPCLTY_Nurse Practitioner,STATE_CA,TRAMADOL,,,
1952635575,GENDER_M,HYDROCODONE,OXYCODONE,SPCLTY_Emergency Medicine,STATE_AZ,,
1952639742,GENDER_F,HYDROCODONE,SPCLTY_Nurse Practitioner,STATE_OK,,,
1952647273,GENDER_F,HYDROCODONE,SPCLTY_Physician Assistant,STATE_IL,,,
1952654667,GENDER_F,HYDROCODONE,SPCLTY_Nurse Practitioner,STATE_CA,,,
1952662314,GENDER_M,HYDROCODONE,SPCLTY_Student in an Organiz,STATE_IN,TRAMADOL,,
1952683724,GENDER_M,HYDROCODONE,SPCLTY_Dentist,STATE_NE,,,
1952685919,GENDER_M,SPCLTY_Nurse Practitioner,STATE_PA,TRAMADOL,,,
1952699803,GENDER_M,HYDROCODONE,SPCLTY_Otolaryngology,STATE_MI,,,
1952719544,GENDER_F,HYDROCODONE,SPCLTY_Nurse Practitioner,STATE_TN,,,
1952742603,GENDER_M,HYDROCODONE,SPCLTY_Physician Assistant,STATE_MI,,,
1952744625,GENDER_M,OXYCODONE,SPCLTY_Student in an Organiz,STATE_CA,,,
1962401448,GENDER_M,HYDROCODONE,SPCLTY_General Surgery,STATE_VA,,,
1962404707,GENDER_F,HYDROCODONE,SPCLTY_Family Practice,STATE_KS,TRAMADOL,,
1962404798,GENDER_M,HYDROCODONE,SPCLTY_Emergency Medicine,STATE_WA,,,
1962404921,GENDER_M,SPCLTY_Orthopedic Surgery,STATE_WI,TRAMADOL,,,
1962405464,GENDER_F,HYDROCODONE,SPCLTY_Family Practice,STATE_CA,,,
1962407494,GENDER_F,OXYCODONE,SPCLTY_Nurse Practitioner,STATE_NY,,,
1962407551,GENDER_M,HYDROCODONE,OXYCODONE,SPCLTY_Orthopedic Surgery,STATE_WA,,
1962411652,GENDER_M,HYDROCODONE,OXYCODONE,SPCLTY_Emergency Medicine,STATE_PA,,
1962412718,GENDER_M,HYDROCODONE,SPCLTY_Internal Medicine,STATE_CA,TRAMADOL,,
1962418806,GENDER_M,HYDROCODONE,SPCLTY_Otolaryngology,STATE_CA,,,
1962420158,GENDER_M,HYDROCODONE,SPCLTY_Orthopedic Surgery,STATE_CA,,,
1962424473,GENDER_M,OXYCODONE,SPCLTY_Emergency Medicine,STATE_NJ,,,
1962425686,GENDER_M,HYDROCODONE,SPCLTY_Physician Assistant,STATE_LA,TRAMADOL,,
1962425777,GENDER_M,HYDROCODONE,SPCLTY_Orthopedic Surgery,STATE_CA,,,
1962426825,GENDER_M,HYDROCODONE,SPCLTY_Internal Medicine,STATE_CA,TRAMADOL,,
1962428094,FENTANYL,GENDER_M,HYDROCODONE,OXYCODONE,SPCLTY_Family Practice,STATE_PA,TRAMADOL
1962428631,GENDER_F,OXYCODONE,SPCLTY_Internal Medicine,STATE_WA,,,
1962429308,GENDER_M,HYDROCODONE,OXYCODONE,SPCLTY_Emergency Medicine,STATE_FL,,
1962436386,GENDER_F,OXYCODONE,SPCLTY_Plastic and Reconstru,STATE_CO,,,
1962438929,GENDER_M,HYDROCODONE,SPCLTY_Emergency Medicine,STATE_IA,,,
1962440198,FENTANYL,GENDER_F,HYDROCODONE,OXYCODONE,SPCLTY_Family Practice,STATE_OH,TRAMADOL
1962440511,GENDER_M,HYDROCODONE,SPCLTY_Family Practice,STATE_MI,TRAMADOL,,
1962441477,GENDER_F,HYDROCODONE,SPCLTY_Nurse Practitioner,STATE_MN,TRAMADOL,,
1962441758,GENDER_M,HYDROCODONE,SPCLTY_Emergency Medicine,STATE_CA,,,
1962443739,FENTANYL,GENDER_M,HYDROCODONE,SPCLTY_Geriatric Medicine,STATE_IL,TRAMADOL,
1962447862,GENDER_F,HYDROCODONE,SPCLTY_Physician Assistant,STATE_ME,TRAMADOL,,
1962448902,FENTANYL,GENDER_M,HYDROCODONE,OXYCODONE,SPCLTY_Internal Medicine,STATE_MD,TRAMADOL
1962449132,GENDER_M,HYDROCODONE,SPCLTY_Orthopedic Surgery,STATE_IL,TRAMADOL,,
1962452581,GENDER_M,HYDROCODONE,SPCLTY_Dentist,STATE_TX,,,
1962456442,FENTANYL,GENDER_M,HYDROCODONE,SPCLTY_Internal Medicine,STATE_IL,TRAMADOL,
1962460519,GENDER_M,HYDROCODONE,SPCLTY_General Surgery,STATE_AR,,,
1962460824,FENTANYL,GENDER_M,HYDROCODONE,OXYCODONE,SPCLTY_Internal Medicine,STATE_OR,TRAMADOL
1962463273,GENDER_M,HYDROCODONE,OXYCODONE,SPCLTY_Nephrology,STATE_WV,TRAMADOL,
1962464545,GENDER_M,SPCLTY_Family Practice,STATE_MN,TRAMADOL,,,
1962464610,GENDER_M,HYDROCODONE,OXYCODONE,SPCLTY_Emergency Medicine,STATE_OH,TRAMADOL,
1962467803,GENDER_M,HYDROCODONE,OXYCODONE,SPCLTY_Otolaryngology,STATE_LA,TRAMADOL,
1962467977,FENTANYL,GENDER_F,HYDROCODONE,OXYCODONE,SPCLTY_Physician Assistant,STATE_ID,
1962468710,GENDER_F,OXYCODONE,SPCLTY_Internal Medicine,STATE_MA,,,
1962469676,GENDER_M,HYDROCODONE,SPCLTY_Family Practice,STATE_PA,,,
1962469734,GENDER_M,HYDROCODONE,SPCLTY_Neurosurgery,STATE_IL,TRAMADOL,,
1962470732,FENTANYL,GENDER_M,HYDROCODONE,OXYCODONE,SPCLTY_Geriatric Medicine,STATE_OK,TRAMADOL
1962472241,FENTANYL,GENDER_M,HYDROCODONE,SPCLTY_Neurology,STATE_MI,TRAMADOL,
1962479576,GENDER_F,OXYCODONE,SPCLTY_Internal Medicine,STATE_PA,TRAMADOL,,
1962479659,GENDER_M,HYDROCODONE,SPCLTY_General Practice,STATE_GA,,,
1962479998,GENDER_F,SPCLTY_Internal Medicine,STATE_PA,TRAMADOL,,,
1962483024,GENDER_M,HYDROCODONE,OXYCODONE,SPCLTY_Orthopedic Surgery,STATE_IN,,
1962483768,GENDER_M,HYDROCODONE,SPCLTY_Maxillofacial Surgery,STATE_TX,TRAMADOL,,
1962483982,GENDER_M,HYDROCODONE,OXYCODONE,SPCLTY_Orthopedic Surgery,STATE_WI,,
1962484378,GENDER_M,HYDROCODONE,SPCLTY_Internal Medicine,STATE_TX,TRAMADOL,,
1962491092,GENDER_M,HYDROCODONE,SPCLTY_Gastroenterology,STATE_AL,,,
1962491308,GENDER_M,OXYCODONE,SPCLTY_Dentist,STATE_NY,,,
1962491829,FENTANYL,GENDER_M,HYDROCODONE,SPCLTY_Family Practice,STATE_TX,TRAMADOL,
1962493692,GENDER_F,HYDROCODONE,OXYCODONE,SPCLTY_Emergency Medicine,STATE_AZ,,
1962495333,GENDER_M,HYDROCODONE,OXYCODONE,SPCLTY_Family Practice,STATE_WV,TRAMADOL,
1962497537,GENDER_M,HYDROCODONE,OXYCODONE,SPCLTY_Internal Medicine,STATE_NC,TRAMADOL,
1962497636,GENDER_M,HYDROCODONE,SPCLTY_Orthopedic Surgery,STATE_CA,,,
1962502575,FENTANYL,GENDER_M,HYDROCODONE,OXYCODONE,SPCLTY_General Practice,STATE_OK,TRAMADOL
1962509414,GENDER_M,HYDROCODONE,SPCLTY_Family Practice,STATE_TX,TRAMADOL,,
1962511634,GENDER_M,HYDROCODONE,OXYCODONE,SPCLTY_Family Practice,STATE_FL,,
1962512764,FENTANYL,GENDER_F,HYDROCODONE,OXYCODONE,SPCLTY_Internal Medicine,STATE_CO,TRAMADOL
1962517284,GENDER_M,HYDROCODONE,SPCLTY_Orthopedic Surgery,STATE_TX,,,
1962518019,FENTANYL,GENDER_F,HYDROCODONE,OXYCODONE,SPCLTY_Pain Management,STATE_OH,TRAMADOL
1962522250,GENDER_M,HYDROCODONE,SPCLTY_Ophthalmology,STATE_FL,,,
1962522938,GENDER_F,HYDROCODONE,OXYCODONE,SPCLTY_Physician Assistant,STATE_NC,,
1962523886,GENDER_M,SPCLTY_Dentist,STATE_KY,TRAMADOL,,,
1962525139,FENTANYL,GENDER_F,HYDROCODONE,OXYCODONE,SPCLTY_Physician Assistant,STATE_CO,TRAMADOL
1962528471,GENDER_F,HYDROCODONE,OXYCODONE,SPCLTY_Nurse Practitioner,STATE_NY,,
1962528828,GENDER_M,HYDROCODONE,SPCLTY_Infectious Disease,STATE_FL,TRAMADOL,,
1962533554,GENDER_F,HYDROCODONE,SPCLTY_Emergency Medicine,STATE_NY,,,
1962534784,GENDER_M,HYDROCODONE,SPCLTY_Dentist,STATE_CA,,,
1962538462,GENDER_M,HYDROCODONE,SPCLTY_Podiatry,STATE_CA,,,
1962546820,GENDER_M,SPCLTY_Physician Assistant,STATE_TX,TRAMADOL,,,
1962550756,GENDER_M,HYDROCODONE,SPCLTY_Family Practice,STATE_CA,,,
1962552885,GENDER_M,SPCLTY_Family Practice,STATE_NY,TRAMADOL,,,
1962560953,FENTANYL,GENDER_M,HYDROCODONE,OXYCODONE,SPCLTY_Internal Medicine,STATE_MO,TRAMADOL
1962561894,GENDER_M,HYDROCODONE,SPCLTY_Plastic and Reconstru,STATE_NY,,,
1962570713,FENTANYL,GENDER_M,HYDROCODONE,OXYCODONE,SPCLTY_Physician Assistant,STATE_KS,TRAMADOL
1962573535,GENDER_M,HYDROCODONE,SPCLTY_Dentist,STATE_GA,,,
1962580589,GENDER_M,HYDROCODONE,SPCLTY_Hospitalist,STATE_CA,,,
1962581322,GENDER_F,HYDROCODONE,SPCLTY_Physician Assistant,STATE_VA,TRAMADOL,,
1962581454,GENDER_M,HYDROCODONE,SPCLTY_Family Practice,STATE_CA,TRAMADOL,,
1962583534,FENTANYL,GENDER_M,HYDROCODONE,OXYCODONE,SPCLTY_Nurse Practitioner,STATE_WA,TRAMADOL
1962591669,GENDER_F,HYDROCODONE,SPCLTY_Family Practice,STATE_NM,,,
1962594580,GENDER_F,HYDROCODONE,SPCLTY_Neurology,STATE_FL,TRAMADOL,,
1962595405,GENDER_F,HYDROCODONE,SPCLTY_Nurse Practitioner,STATE_MI,,,
1962598847,GENDER_F,HYDROCODONE,OXYCODONE,SPCLTY_Physician Assistant,STATE_VA,TRAMADOL,
1962603316,GENDER_F,HYDROCODONE,OXYCODONE,SPCLTY_Nurse Practitioner,STATE_NY,TRAMADOL,
1962603399,FENTANYL,GENDER_F,HYDROCODONE,OXYCODONE,SPCLTY_Physical Medicine and,STATE_FL,TRAMADOL
1962608109,GENDER_M,OXYCODONE,SPCLTY_Nurse Practitioner,STATE_NY,,,
1962613174,GENDER_F,HYDROCODONE,OXYCODONE,SPCLTY_Family Practice,STATE_NY,TRAMADOL,
1962623868,GENDER_F,SPCLTY_Internal Medicine,STATE_NJ,TRAMADOL,,,
1962640847,GENDER_M,HYDROCODONE,SPCLTY_Emergency Medicine,STATE_TX,TRAMADOL,,
1962644252,GENDER_M,HYDROCODONE,SPCLTY_Emergency Medicine,STATE_NY,TRAMADOL,,
1962646596,GENDER_M,OXYCODONE,SPCLTY_Internal Medicine,STATE_VA,,,
1962648279,FENTANYL,GENDER_F,HYDROCODONE,OXYCODONE,SPCLTY_Nurse Practitioner,STATE_NC,
1962654863,GENDER_M,HYDROCODONE,OXYCODONE,SPCLTY_Physician Assistant,STATE_WA,TRAMADOL,
1962660167,GENDER_F,HYDROCODONE,SPCLTY_Obstetrics/Gynecology,STATE_CA,,,
1962664672,FENTANYL,GENDER_F,HYDROCODONE,OXYCODONE,SPCLTY_Pain Management,STATE_VA,TRAMADOL
1962664870,GENDER_M,HYDROCODONE,SPCLTY_Family Practice,STATE_MS,TRAMADOL,,
1962666743,GENDER_M,HYDROCODONE,OXYCODONE,SPCLTY_Physician Assistant,STATE_CA,,
1962668681,GENDER_F,HYDROCODONE,OXYCODONE,SPCLTY_Internal Medicine,STATE_MO,TRAMADOL,
1962675967,GENDER_M,SPCLTY_Nephrology,STATE_LA,TRAMADOL,,,
1962694869,FENTANYL,GENDER_F,HYDROCODONE,OXYCODONE,SPCLTY_Family Practice,STATE_CA,TRAMADOL
1962698704,GENDER_M,HYDROCODONE,SPCLTY_Anesthesiology,STATE_IN,TRAMADOL,,
1962702662,GENDER_M,HYDROCODONE,SPCLTY_Emergency Medicine,STATE_CA,,,
1962714931,GENDER_M,OXYCODONE,SPCLTY_Plastic and Reconstru,STATE_NY,,,
1962756213,GENDER_F,OXYCODONE,SPCLTY_Nurse Practitioner,STATE_MN,TRAMADOL,,
1962765586,GENDER_M,HYDROCODONE,SPCLTY_Urology,STATE_MI,TRAMADOL,,
1962773218,GENDER_F,OXYCODONE,SPCLTY_Internal Medicine,STATE_NC,,,
1962775072,GENDER_F,SPCLTY_Nurse Practitioner,STATE_VA,TRAMADOL,,,
1962804419,GENDER_F,HYDROCODONE,SPCLTY_Nurse Practitioner,STATE_IL,,,
1962846246,GENDER_M,OXYCODONE,SPCLTY_Student in an Organiz,STATE_OH,,,
1972500429,GENDER_M,HYDROCODONE,SPCLTY_Emergency Medicine,STATE_RI,TRAMADOL,,
1972500700,GENDER_F,HYDROCODONE,SPCLTY_Nephrology,STATE_IN,,,
1972502896,GENDER_M,HYDROCODONE,SPCLTY_General Surgery,STATE_TX,TRAMADOL,,
1972503480,GENDER_M,OXYCODONE,SPCLTY_General Surgery,STATE_NY,,,
1972510840,GENDER_M,HYDROCODONE,SPCLTY_Podiatry,STATE_CA,,,
1972511236,GENDER_M,HYDROCODONE,SPCLTY_Emergency Medicine,STATE_SC,,,
1972521847,GENDER_M,HYDROCODONE,OXYCODONE,SPCLTY_Physician Assistant,STATE_NY,TRAMADOL,
1972522340,GENDER_F,HYDROCODONE,SPCLTY_Nurse Practitioner,STATE_KY,TRAMADOL,,
1972523835,GENDER_M,HYDROCODONE,SPCLTY_Dentist,STATE_CO,,,
1972524676,FENTANYL,GENDER_M,HYDROCODONE,OXYCODONE,SPCLTY_Internal Medicine,STATE_WI,TRAMADOL
1972525376,GENDER_M,HYDROCODONE,SPCLTY_Family Practice,STATE_TX,TRAMADOL,,
1972526887,GENDER_M,HYDROCODONE,SPCLTY_Orthopedic Surgery,STATE_NJ,,,
1972528719,GENDER_F,OXYCODONE,SPCLTY_Infectious Disease,STATE_OH,TRAMADOL,,
1972528750,GENDER_M,SPCLTY_General Practice,STATE_MO,TRAMADOL,,,
1972532380,GENDER_M,HYDROCODONE,SPCLTY_Urology,STATE_SC,,,
1972532422,GENDER_M,HYDROCODONE,SPCLTY_Family Practice,STATE_NJ,TRAMADOL,,
1972534238,GENDER_M,HYDROCODONE,SPCLTY_Gastroenterology,STATE_CA,,,
1972537298,FENTANYL,GENDER_F,HYDROCODONE,OXYCODONE,SPCLTY_Family Practice,STATE_AZ,TRAMADOL
1972537371,FENTANYL,GENDER_M,OXYCODONE,SPCLTY_Internal Medicine,STATE_NY,TRAMADOL,
1972542603,GENDER_F,HYDROCODONE,SPCLTY_Emergency Medicine,STATE_MO,,,
1972543957,GENDER_M,HYDROCODONE,SPCLTY_Oral Surgery (dentist,STATE_VA,,,
1972544427,GENDER_M,HYDROCODONE,OXYCODONE,SPCLTY_Emergency Medicine,STATE_MS,,
1972546208,GENDER_M,HYDROCODONE,SPCLTY_Neurosurgery,STATE_OH,TRAMADOL,,
1972548550,GENDER_M,HYDROCODONE,SPCLTY_Emergency Medicine,STATE_NC,TRAMADOL,,
1972549632,GENDER_M,SPCLTY_Gastroenterology,STATE_TX,TRAMADOL,,,
1972550630,GENDER_M,HYDROCODONE,SPCLTY_Dentist,STATE_TX,,,
1972554160,GENDER_F,SPCLTY_Internal Medicine,STATE_CA,TRAMADOL,,,
1972555621,GENDER_M,HYDROCODONE,OXYCODONE,SPCLTY_General Surgery,STATE_NC,,
1972560795,GENDER_M,HYDROCODONE,SPCLTY_Internal Medicine,STATE_IL,TRAMADOL,,
1972560902,GENDER_F,HYDROCODONE,OXYCODONE,SPCLTY_Emergency Medicine,STATE_NY,,
1972561116,GENDER_M,HYDROCODONE,SPCLTY_Family Practice,STATE_OK,TRAMADOL,,
1972563765,FENTANYL,GENDER_F,HYDROCODONE,OXYCODONE,SPCLTY_Internal Medicine,STATE_CA,TRAMADOL
1972565703,GENDER_F,HYDROCODONE,SPCLTY_Family Practice,STATE_CA,TRAMADOL,,
1972566644,GENDER_M,OXYCODONE,SPCLTY_Podiatry,STATE_RI,,,
1972569499,GENDER_M,HYDROCODONE,SPCLTY_Orthopedic Surgery,STATE_CA,TRAMADOL,,
1972574325,GENDER_F,HYDROCODONE,OXYCODONE,SPCLTY_Internal Medicine,STATE_CA,,
1972574861,GENDER_F,HYDROCODONE,SPCLTY_Internal Medicine,STATE_VA,,,
1972577864,GENDER_M,SPCLTY_Internal Medicine,STATE_NY,TRAMADOL,,,
1972579720,FENTANYL,GENDER_M,HYDROCODONE,OXYCODONE,SPCLTY_Family Practice,STATE_OR,TRAMADOL
1972579910,GENDER_M,HYDROCODONE,SPCLTY_Family Practice,STATE_CA,TRAMADOL,,
1972579928,FENTANYL,GENDER_M,HYDROCODONE,OXYCODONE,SPCLTY_Internal Medicine,STATE_OH,TRAMADOL
1972581254,GENDER_M,HYDROCODONE,OXYCODONE,SPCLTY_Orthopedic Surgery,STATE_KY,,
1972581924,FENTANYL,GENDER_M,HYDROCODONE,OXYCODONE,SPCLTY_Internal Medicine,STATE_PA,TRAMADOL
1972584050,FENTANYL,GENDER_M,HYDROCODONE,OXYCODONE,SPCLTY_Internal Medicine,STATE_OK,TRAMADOL
1972585081,GENDER_M,HYDROCODONE,OXYCODONE,SPCLTY_Internal Medicine,STATE_FL,TRAMADOL,
1972588259,FENTANYL,GENDER_M,HYDROCODONE,SPCLTY_Internal Medicine,STATE_MI,TRAMADOL,
1972589745,GENDER_M,HYDROCODONE,SPCLTY_Ophthalmology,STATE_RI,,,
1972590404,GENDER_M,HYDROCODONE,SPCLTY_Plastic and Reconstru,STATE_TX,,,
1972591915,FENTANYL,GENDER_F,HYDROCODONE,OXYCODONE,SPCLTY_Family Practice,STATE_IN,TRAMADOL
1972593044,GENDER_F,SPCLTY_Nurse Practitioner,STATE_GA,TRAMADOL,,,
1972594349,GENDER_M,HYDROCODONE,SPCLTY_Orthopedic Surgery,STATE_NY,,,
1972594414,FENTANYL,GENDER_M,OXYCODONE,SPCLTY_Hematology/Oncology,STATE_NJ,,
1972600161,GENDER_M,OXYCODONE,SPCLTY_Physician Assistant,STATE_NY,,,
1972604908,FENTANYL,GENDER_M,HYDROCODONE,OXYCODONE,SPCLTY_Internal Medicine,STATE_MO,TRAMADOL
1972609782,GENDER_F,SPCLTY_Emergency Medicine,STATE_IL,TRAMADOL,,,
1972613925,FENTANYL,GENDER_F,HYDROCODONE,OXYCODONE,SPCLTY_Family Practice,STATE_OK,TRAMADOL
1972614733,GENDER_M,HYDROCODONE,OXYCODONE,SPCLTY_Internal Medicine,STATE_RI,TRAMADOL,
1972615631,GENDER_M,HYDROCODONE,OXYCODONE,SPCLTY_General Surgery,STATE_SC,,
1972616183,GENDER_F,HYDROCODONE,SPCLTY_Nurse Practitioner,STATE_TX,TRAMADOL,,
1972616472,GENDER_M,HYDROCODONE,OXYCODONE,SPCLTY_Emergency Medicine,STATE_IN,TRAMADOL,
1972619351,GENDER_M,HYDROCODONE,SPCLTY_Emergency Medicine,STATE_WV,,,
1972619526,GENDER_M,HYDROCODONE,SPCLTY_Family Practice,STATE_IL,TRAMADOL,,
1972619781,GENDER_M,HYDROCODONE,SPCLTY_Orthopedic Surgery,STATE_TX,TRAMADOL,,
1972621837,GENDER_F,SPCLTY_Family Practice,STATE_IL,TRAMADOL,,,
1972623387,GENDER_M,HYDROCODONE,SPCLTY_Dentist,STATE_TX,,,
1972628527,GENDER_F,HYDROCODONE,SPCLTY_Nurse Practitioner,STATE_TX,TRAMADOL,,
1972640639,GENDER_M,HYDROCODONE,OXYCODONE,SPCLTY_Emergency Medicine,STATE_MD,,
1972644052,GENDER_F,HYDROCODONE,SPCLTY_Dentist,STATE_CA,,,
1972658292,GENDER_M,HYDROCODONE,OXYCODONE,SPCLTY_Internal Medicine,STATE_FL,TRAMADOL,
1972660124,GENDER_F,HYDROCODONE,SPCLTY_Physician Assistant,STATE_CO,TRAMADOL,,
1972662849,GENDER_M,HYDROCODONE,SPCLTY_Internal Medicine,STATE_IL,,,
1972670867,FENTANYL,GENDER_M,HYDROCODONE,OXYCODONE,SPCLTY_Family Practice,STATE_CA,TRAMADOL
1972675353,FENTANYL,GENDER_M,OXYCODONE,SPCLTY_Internal Medicine,STATE_NY,TRAMADOL,
1972675742,GENDER_F,OXYCODONE,SPCLTY_General Practice,STATE_MD,,,
1972679918,GENDER_F,HYDROCODONE,SPCLTY_Internal Medicine,STATE_GA,TRAMADOL,,
1972681047,GENDER_M,HYDROCODONE,SPCLTY_Urology,STATE_CA,,,
1972681773,GENDER_M,HYDROCODONE,OXYCODONE,SPCLTY_Orthopedic Surgery,STATE_CA,,
1972683753,GENDER_F,HYDROCODONE,SPCLTY_Nurse Practitioner,STATE_CA,,,
1972689958,GENDER_M,HYDROCODONE,SPCLTY_Dentist,STATE_GA,,,
1972690048,FENTANYL,GENDER_M,HYDROCODONE,OXYCODONE,SPCLTY_Internal Medicine,STATE_NJ,TRAMADOL
1972691970,GENDER_M,HYDROCODONE,SPCLTY_Dentist,STATE_AL,,,
1972694792,GENDER_M,HYDROCODONE,SPCLTY_Family Practice,STATE_CA,TRAMADOL,,
1972696672,GENDER_M,HYDROCODONE,OXYCODONE,SPCLTY_Family Practice,STATE_KY,TRAMADOL,
1972697720,GENDER_M,OXYCODONE,SPCLTY_Physician Assistant,STATE_CT,,,
1972703403,GENDER_F,HYDROCODONE,OXYCODONE,SPCLTY_Family Practice,STATE_OR,,
1972706265,GENDER_F,HYDROCODONE,SPCLTY_Pediatric Medicine,STATE_AR,,,
1972714954,GENDER_F,HYDROCODONE,SPCLTY_Obstetrics/Gynecology,STATE_UT,,,
1972714988,GENDER_F,HYDROCODONE,SPCLTY_Family Practice,STATE_NC,TRAMADOL,,
1972716504,GENDER_M,HYDROCODONE,OXYCODONE,SPCLTY_Dentist,STATE_FL,,
1972730836,GENDER_M,SPCLTY_Family Practice,STATE_FL,TRAMADOL,,,
1972730901,GENDER_F,HYDROCODONE,OXYCODONE,SPCLTY_Emergency Medicine,STATE_CT,,
1972732584,GENDER_F,HYDROCODONE,SPCLTY_Family Practice,STATE_CA,TRAMADOL,,
1972737930,GENDER_M,HYDROCODONE,OXYCODONE,SPCLTY_Internal Medicine,STATE_NC,TRAMADOL,
1972739175,GENDER_M,OXYCODONE,SPCLTY_Orthopaedic Surgery,STATE_MD,,,
1972742286,GENDER_M,HYDROCODONE,SPCLTY_Oral Surgery (dentist,STATE_NY,,,
1972752285,GENDER_F,OXYCODONE,SPCLTY_Nurse Practitioner,STATE_NY,,,
1972753275,GENDER_M,HYDROCODONE,SPCLTY_Hand Surgery,STATE_VA,,,
1972755205,GENDER_F,HYDROCODONE,OXYCODONE,SPCLTY_Physician Assistant,STATE_NY,TRAMADOL,
1972766996,GENDER_M,HYDROCODONE,OXYCODONE,SPCLTY_Family Practice,STATE_VA,TRAMADOL,
1972789766,GENDER_F,HYDROCODONE,OXYCODONE,SPCLTY_Physician Assistant,STATE_CA,TRAMADOL,
1972794790,GENDER_M,HYDROCODONE,OXYCODONE,SPCLTY_Family Practice,STATE_FL,TRAMADOL,
1972796167,GENDER_M,OXYCODONE,SPCLTY_Hematology/Oncology,STATE_VT,,,
1972804037,GENDER_M,HYDROCODONE,SPCLTY_Dentist,STATE_OK,,,
1972805604,GENDER_F,OXYCODONE,SPCLTY_Physician Assistant,STATE_VA,,,
1972818227,GENDER_M,HYDROCODONE,SPCLTY_Physician Assistant,STATE_CO,,,
1972833770,GENDER_F,HYDROCODONE,SPCLTY_Nurse Practitioner,STATE_IL,TRAMADOL,,
1972833853,GENDER_M,HYDROCODONE,SPCLTY_Emergency Medicine,STATE_CA,,,
1972837490,GENDER_M,HYDROCODONE,SPCLTY_Dentist,STATE_CA,,,
1972844835,GENDER_F,HYDROCODONE,SPCLTY_Internal Medicine,STATE_CA,,,
1972847598,GENDER_F,HYDROCODONE,OXYCODONE,SPCLTY_Physician Assistant,STATE_AZ,TRAMADOL,
1972849529,GENDER_F,HYDROCODONE,SPCLTY_Nurse Practitioner,STATE_PA,TRAMADOL,,
1972862258,GENDER_F,SPCLTY_Family Practice,STATE_PA,TRAMADOL,,,
1972866382,GENDER_M,HYDROCODONE,SPCLTY_Family Practice,STATE_CO,,,
1972866580,GENDER_M,HYDROCODONE,SPCLTY_Dentist,STATE_OH,,,
1972867935,GENDER_M,SPCLTY_Physician Assistant,STATE_FL,TRAMADOL,,,
1972869709,GENDER_M,HYDROCODONE,SPCLTY_Student in an Organiz,STATE_MO,TRAMADOL,,
1972869782,GENDER_M,OXYCODONE,SPCLTY_Student in an Organiz,STATE_CA,,,
1972872547,GENDER_F,HYDROCODONE,SPCLTY_Physician Assistant,STATE_VA,TRAMADOL,,
1972873115,GENDER_M,HYDROCODONE,SPCLTY_Nurse Practitioner,STATE_IL,TRAMADOL,,
1972914737,GENDER_M,OXYCODONE,SPCLTY_Student in an Organiz,STATE_OH,,,
1972949766,GENDER_M,HYDROCODONE,OXYCODONE,SPCLTY_General Surgery,STATE_KS,,
1982048682,GENDER_F,HYDROCODONE,SPCLTY_Internal Medicine,STATE_TX,,,
1982600623,GENDER_M,HYDROCODONE,OXYCODONE,SPCLTY_Internal Medicine,STATE_TX,TRAMADOL,
1982600987,FENTANYL,GENDER_M,HYDROCODONE,OXYCODONE,SPCLTY_Family Practice,STATE_PA,TRAMADOL
1982602421,GENDER_M,HYDROCODONE,OXYCODONE,SPCLTY_Physician Assistant,STATE_OR,,
1982602694,GENDER_M,HYDROCODONE,OXYCODONE,SPCLTY_Family Practice,STATE_KY,TRAMADOL,
1982602868,GENDER_M,HYDROCODONE,SPCLTY_Orthopedic Surgery,STATE_CT,TRAMADOL,,
1982602975,GENDER_M,OXYCODONE,SPCLTY_Vascular Surgery,STATE_MA,TRAMADOL,,
1982604468,FENTANYL,GENDER_M,HYDROCODONE,OXYCODONE,SPCLTY_Internal Medicine,STATE_NY,TRAMADOL
1982606141,GENDER_F,HYDROCODONE,SPCLTY_Nurse Practitioner,STATE_NY,,,
1982606877,GENDER_M,OXYCODONE,SPCLTY_General Surgery,STATE_MI,,,
1982609848,FENTANYL,GENDER_M,HYDROCODONE,OXYCODONE,SPCLTY_Family Practice,STATE_CA,TRAMADOL
1982609897,FENTANYL,GENDER_F,HYDROCODONE,OXYCODONE,SPCLTY_Family Practice,STATE_IN,TRAMADOL
1982611687,GENDER_M,HYDROCODONE,SPCLTY_Psychiatry,STATE_IL,,,
1982616470,GENDER_M,SPCLTY_Internal Medicine,STATE_CO,TRAMADOL,,,
1982616561,GENDER_F,SPCLTY_Nurse Practitioner,STATE_TX,TRAMADOL,,,
1982617502,FENTANYL,GENDER_M,HYDROCODONE,OXYCODONE,SPCLTY_Physical Medicine and,STATE_NC,TRAMADOL
1982620746,FENTANYL,GENDER_F,HYDROCODONE,OXYCODONE,SPCLTY_Nurse Practitioner,STATE_MD,TRAMADOL
1982625240,GENDER_M,HYDROCODONE,SPCLTY_Emergency Medicine,STATE_FL,TRAMADOL,,
1982625851,GENDER_F,HYDROCODONE,OXYCODONE,SPCLTY_Internal Medicine,STATE_FL,TRAMADOL,
1982626230,GENDER_M,HYDROCODONE,SPCLTY_Surgical Oncology,STATE_AL,,,
1982627519,GENDER_M,HYDROCODONE,OXYCODONE,SPCLTY_Internal Medicine,STATE_IN,TRAMADOL,
1982633764,GENDER_M,HYDROCODONE,SPCLTY_Internal Medicine,STATE_FL,,,
1982636841,FENTANYL,GENDER_M,HYDROCODONE,OXYCODONE,SPCLTY_Internal Medicine,STATE_PA,TRAMADOL
1982641247,GENDER_M,HYDROCODONE,SPCLTY_Internal Medicine,STATE_TX,,,
1982643599,GENDER_M,HYDROCODONE,OXYCODONE,SPCLTY_Physician Assistant,STATE_CO,,
1982644803,GENDER_M,HYDROCODONE,SPCLTY_Family Practice,STATE_MI,,,
1982647806,GENDER_F,HYDROCODONE,SPCLTY_Colorectal Surgery (f,STATE_TX,,,
1982652574,GENDER_M,HYDROCODONE,SPCLTY_Internal Medicine,STATE_FL,,,
1982655635,GENDER_M,SPCLTY_Internal Medicine,STATE_PR,TRAMADOL,,,
1982655940,GENDER_F,HYDROCODONE,SPCLTY_Nurse Practitioner,STATE_LA,TRAMADOL,,
1982657151,GENDER_F,HYDROCODONE,SPCLTY_Orthopedic Surgery,STATE_SC,TRAMADOL,,
1982660544,GENDER_M,HYDROCODONE,SPCLTY_Internal Medicine,STATE_HI,TRAMADOL,,
1982661997,GENDER_M,HYDROCODONE,OXYCODONE,SPCLTY_Vascular Surgery,STATE_LA,,
1982663381,FENTANYL,GENDER_M,HYDROCODONE,SPCLTY_Internal Medicine,STATE_GA,TRAMADOL,
1982664181,GENDER_M,HYDROCODONE,SPCLTY_Cardiology,STATE_WV,TRAMADOL,,
1982665329,FENTANYL,GENDER_M,HYDROCODONE,OXYCODONE,SPCLTY_Internal Medicine,STATE_WV,TRAMADOL
1982665980,GENDER_M,SPCLTY_Endocrinology,STATE_AL,TRAMADOL,,,
1982667572,FENTANYL,GENDER_F,HYDROCODONE,SPCLTY_Hematology/Oncology,STATE_FL,,
1982669990,GENDER_M,HYDROCODONE,OXYCODONE,SPCLTY_Internal Medicine,STATE_MN,TRAMADOL,
1982673505,GENDER_M,HYDROCODONE,OXYCODONE,SPCLTY_Orthopedic Surgery,STATE_UT,TRAMADOL,
1982674685,GENDER_F,HYDROCODONE,SPCLTY_Family Practice,STATE_CA,TRAMADOL,,
1982678645,GENDER_M,OXYCODONE,SPCLTY_Physician Assistant,STATE_NC,,,
1982679320,GENDER_M,HYDROCODONE,OXYCODONE,SPCLTY_Geriatric Medicine,STATE_MN,TRAMADOL,
1982681649,GENDER_M,HYDROCODONE,SPCLTY_Family Practice,STATE_TX,TRAMADOL,,
1982682605,GENDER_M,HYDROCODONE,SPCLTY_Urology,STATE_CA,,,
1982686846,GENDER_M,HYDROCODONE,SPCLTY_Internal Medicine,STATE_GA,TRAMADOL,,
1982687687,GENDER_M,HYDROCODONE,OXYCODONE,SPCLTY_Emergency Medicine,STATE_IN,,
1982689501,GENDER_F,HYDROCODONE,SPCLTY_Family Practice,STATE_OH,TRAMADOL,,
1982691523,GENDER_M,OXYCODONE,SPCLTY_Emergency Medicine,STATE_PA,,,
1982693107,GENDER_M,HYDROCODONE,SPCLTY_Family Practice,STATE_GA,TRAMADOL,,
1982695037,GENDER_F,HYDROCODONE,SPCLTY_Internal Medicine,STATE_TX,TRAMADOL,,
1982698031,GENDER_M,HYDROCODONE,SPCLTY_Surgical Oncology,STATE_MI,,,
1982701272,GENDER_M,HYDROCODONE,OXYCODONE,SPCLTY_Podiatry,STATE_CA,,
1982703138,GENDER_M,HYDROCODONE,OXYCODONE,SPCLTY_Physician Assistant,STATE_KS,,
1982705836,FENTANYL,GENDER_M,HYDROCODONE,OXYCODONE,SPCLTY_Internal Medicine,STATE_TN,TRAMADOL
1982711412,GENDER_M,HYDROCODONE,SPCLTY_General Surgery,STATE_WI,,,
1982712733,FENTANYL,GENDER_M,HYDROCODONE,OXYCODONE,SPCLTY_Internal Medicine,STATE_TN,TRAMADOL
1982712816,GENDER_F,HYDROCODONE,SPCLTY_Physician Assistant,STATE_PA,,,
1982715389,GENDER_F,HYDROCODONE,SPCLTY_Family Practice,STATE_OH,,,
1982715843,GENDER_F,HYDROCODONE,SPCLTY_Family Practice,STATE_CA,TRAMADOL,,
1982716205,FENTANYL,GENDER_F,HYDROCODONE,OXYCODONE,SPCLTY_Internal Medicine,STATE_CA,TRAMADOL
1982718896,GENDER_F,OXYCODONE,SPCLTY_Nurse Practitioner,STATE_MN,,,
1982724076,GENDER_F,HYDROCODONE,SPCLTY_Internal Medicine,STATE_TN,TRAMADOL,,
1982726493,GENDER_F,HYDROCODONE,SPCLTY_Neurology,STATE_TX,,,
1982732368,GENDER_M,HYDROCODONE,SPCLTY_Nurse Practitioner,STATE_WA,TRAMADOL,,
1982742524,GENDER_F,SPCLTY_Internal Medicine,STATE_NJ,TRAMADOL,,,
1982743878,GENDER_F,HYDROCODONE,SPCLTY_Dentist,STATE_KS,,,
1982752440,GENDER_M,OXYCODONE,SPCLTY_Physician Assistant,STATE_NY,,,
1982753489,GENDER_M,HYDROCODONE,SPCLTY_Emergency Medicine,STATE_MI,TRAMADOL,,
1982767919,GENDER_M,HYDROCODONE,OXYCODONE,SPCLTY_Orthopedic Surgery,STATE_WI,,
1982768107,GENDER_M,HYDROCODONE,OXYCODONE,SPCLTY_Emergency Medicine,STATE_SC,,
1982768560,GENDER_M,HYDROCODONE,OXYCODONE,SPCLTY_Hand Surgery,STATE_OR,,
1982774634,GENDER_M,HYDROCODONE,SPCLTY_Dentist,STATE_IN,,,
1982787826,GENDER_F,HYDROCODONE,SPCLTY_Nurse Practitioner,STATE_CA,TRAMADOL,,
1982790176,GENDER_M,HYDROCODONE,OXYCODONE,SPCLTY_Family Practice,STATE_WA,,
1982791877,GENDER_M,HYDROCODONE,OXYCODONE,SPCLTY_Internal Medicine,STATE_CT,,
1982793428,FENTANYL,GENDER_F,HYDROCODONE,OXYCODONE,SPCLTY_Nurse Practitioner,STATE_WA,TRAMADOL
1982793790,FENTANYL,GENDER_F,HYDROCODONE,OXYCODONE,SPCLTY_Internal Medicine,STATE_KY,TRAMADOL
1982796306,GENDER_M,HYDROCODONE,OXYCODONE,SPCLTY_Internal Medicine,STATE_TN,TRAMADOL,
1982807624,GENDER_F,HYDROCODONE,OXYCODONE,SPCLTY_Nurse Practitioner,STATE_MA,TRAMADOL,
1982819728,GENDER_F,HYDROCODONE,OXYCODONE,SPCLTY_Family Practice,STATE_KY,TRAMADOL,
1982823225,FENTANYL,GENDER_M,HYDROCODONE,OXYCODONE,SPCLTY_Pain Management,STATE_AR,TRAMADOL
1982830741,FENTANYL,GENDER_F,HYDROCODONE,OXYCODONE,SPCLTY_Internal Medicine,STATE_PA,TRAMADOL
1982841920,GENDER_M,HYDROCODONE,OXYCODONE,SPCLTY_Orthopedic Surgery,STATE_GA,TRAMADOL,
1982843850,GENDER_M,HYDROCODONE,SPCLTY_Oral Surgery (dentist,STATE_CA,,,
1982847810,GENDER_F,HYDROCODONE,SPCLTY_Family Practice,STATE_IL,,,
1982847935,GENDER_M,HYDROCODONE,OXYCODONE,SPCLTY_Pain Management,STATE_WA,,
1982848693,GENDER_M,HYDROCODONE,SPCLTY_Physician Assistant,STATE_WA,,,
1982864393,GENDER_M,HYDROCODONE,SPCLTY_Orthopedic Surgery,STATE_CA,,,
1982866109,GENDER_M,OXYCODONE,SPCLTY_General Surgery,STATE_OH,,,
1982871299,GENDER_M,HYDROCODONE,SPCLTY_Obstetrics/Gynecology,STATE_GA,TRAMADOL,,
1982871612,GENDER_M,HYDROCODONE,SPCLTY_Neurology,STATE_NY,,,
1982876512,FENTANYL,GENDER_M,HYDROCODONE,OXYCODONE,SPCLTY_Family Practice,STATE_KS,TRAMADOL
1982882882,GENDER_M,HYDROCODONE,OXYCODONE,SPCLTY_Nephrology,STATE_CT,TRAMADOL,
1982892956,GENDER_F,HYDROCODONE,SPCLTY_Physician Assistant,STATE_CA,TRAMADOL,,
1982894135,FENTANYL,GENDER_F,HYDROCODONE,OXYCODONE,SPCLTY_Nurse Practitioner,STATE_CA,TRAMADOL
1982904843,GENDER_M,HYDROCODONE,OXYCODONE,SPCLTY_Nurse Practitioner,STATE_WI,TRAMADOL,
1982920690,GENDER_M,HYDROCODONE,SPCLTY_Family Practice,STATE_NY,TRAMADOL,,
1982940516,GENDER_M,HYDROCODONE,SPCLTY_Physician Assistant,STATE_AR,TRAMADOL,,
1982954491,GENDER_F,HYDROCODONE,SPCLTY_Physician Assistant,STATE_OH,,,
1982960324,GENDER_M,OXYCODONE,SPCLTY_Student in an Organiz,STATE_WI,,,
1982970174,GENDER_F,HYDROCODONE,SPCLTY_Student in an Organiz,STATE_CA,TRAMADOL,,
1982982617,GENDER_F,SPCLTY_Internal Medicine,STATE_NC,TRAMADOL,,,
1982986816,GENDER_F,HYDROCODONE,SPCLTY_Nurse Practitioner,STATE_VA,,,
1982989646,GENDER_M,HYDROCODONE,OXYCODONE,SPCLTY_Physician Assistant,STATE_PA,TRAMADOL,
1982993309,GENDER_M,HYDROCODONE,SPCLTY_Student in an Organiz,STATE_MI,TRAMADOL,,
1982995114,GENDER_M,HYDROCODONE,SPCLTY_Specialist,STATE_FL,,,
1992004030,GENDER_F,OXYCODONE,SPCLTY_Internal Medicine,STATE_DC,TRAMADOL,,
1992016323,GENDER_F,HYDROCODONE,SPCLTY_Emergency Medicine,STATE_CA,,,
1992018444,GENDER_M,HYDROCODONE,SPCLTY_Dentist,STATE_OH,,,
1992022776,GENDER_F,HYDROCODONE,OXYCODONE,SPCLTY_Emergency Medicine,STATE_FL,TRAMADOL,
1992050330,GENDER_F,OXYCODONE,SPCLTY_Nurse Practitioner,STATE_MN,TRAMADOL,,
1992054548,GENDER_M,HYDROCODONE,OXYCODONE,SPCLTY_Dentist,STATE_OH,,
1992060636,GENDER_F,HYDROCODONE,SPCLTY_Nurse Practitioner,STATE_PA,,,
1992076467,GENDER_F,SPCLTY_Physician Assistant,STATE_AL,TRAMADOL,,,
1992077432,GENDER_F,HYDROCODONE,SPCLTY_Internal Medicine,STATE_CA,,,
1992085799,GENDER_F,HYDROCODONE,SPCLTY_Nurse Practitioner,STATE_LA,TRAMADOL,,
1992095418,GENDER_F,HYDROCODONE,SPCLTY_Emergency Medicine,STATE_GA,TRAMADOL,,
1992097315,GENDER_F,HYDROCODONE,SPCLTY_Physician Assistant,STATE_WI,,,
1992099147,GENDER_F,SPCLTY_Family Practice,STATE_TX,TRAMADOL,,,
1992135107,GENDER_M,HYDROCODONE,SPCLTY_Dentist,STATE_NC,,,
1992140271,FENTANYL,GENDER_F,HYDROCODONE,OXYCODONE,SPCLTY_Nurse Practitioner,STATE_TN,
1992142848,GENDER_F,SPCLTY_Internal Medicine,STATE_PA,TRAMADOL,,,
1992144943,GENDER_M,HYDROCODONE,SPCLTY_Physician Assistant,STATE_AZ,TRAMADOL,,
1992146369,GENDER_M,HYDROCODONE,OXYCODONE,SPCLTY_Nurse Practitioner,STATE_AZ,TRAMADOL,
1992701007,GENDER_M,HYDROCODONE,SPCLTY_Family Practice,STATE_GA,TRAMADOL,,
1992702112,GENDER_M,OXYCODONE,SPCLTY_Internal Medicine,STATE_VA,TRAMADOL,,
1992704480,GENDER_M,HYDROCODONE,SPCLTY_Orthopedic Surgery,STATE_NY,,,
1992705453,GENDER_M,SPCLTY_Gastroenterology,STATE_TX,TRAMADOL,,,
1992705859,GENDER_M,HYDROCODONE,OXYCODONE,SPCLTY_Physical Medicine and,STATE_NY,TRAMADOL,
1992706352,GENDER_M,HYDROCODONE,SPCLTY_Family Practice,STATE_NM,,,
1992707442,GENDER_M,HYDROCODONE,SPCLTY_Internal Medicine,STATE_CA,,,
1992707871,FENTANYL,GENDER_M,HYDROCODONE,OXYCODONE,SPCLTY_Physical Medicine and,STATE_SC,TRAMADOL
1992708564,GENDER_F,HYDROCODONE,OXYCODONE,SPCLTY_Family Practice,STATE_MN,,
1992712830,GENDER_M,HYDROCODONE,SPCLTY_Family Practice,STATE_CA,TRAMADOL,,
1992713937,GENDER_F,HYDROCODONE,OXYCODONE,SPCLTY_Family Practice,STATE_WI,TRAMADOL,
1992716872,GENDER_M,HYDROCODONE,OXYCODONE,SPCLTY_Orthopedic Surgery,STATE_ID,TRAMADOL,
1992720601,GENDER_M,HYDROCODONE,SPCLTY_General Surgery,STATE_SC,,,
1992721385,GENDER_M,HYDROCODONE,SPCLTY_Hand Surgery,STATE_IL,,,
1992721708,GENDER_M,OXYCODONE,SPCLTY_Internal Medicine,STATE_PA,TRAMADOL,,
1992722656,GENDER_M,HYDROCODONE,SPCLTY_Dentist,STATE_CA,,,
1992723886,FENTANYL,GENDER_M,HYDROCODONE,OXYCODONE,SPCLTY_General Practice,STATE_NE,TRAMADOL
1992725964,GENDER_M,HYDROCODONE,SPCLTY_Internal Medicine,STATE_CO,TRAMADOL,,
1992726335,GENDER_F,HYDROCODONE,OXYCODONE,SPCLTY_Hematology/Oncology,STATE_VA,,
1992729230,GENDER_M,OXYCODONE,SPCLTY_Radiation Oncology,STATE_ND,,,
1992731749,GENDER_M,HYDROCODONE,SPCLTY_Internal Medicine,STATE_IN,TRAMADOL,,
1992733034,GENDER_M,HYDROCODONE,OXYCODONE,SPCLTY_Neurology,STATE_VA,,
1992747836,FENTANYL,GENDER_M,HYDROCODONE,OXYCODONE,SPCLTY_Family Practice,STATE_MT,TRAMADOL
1992751820,GENDER_M,HYDROCODONE,SPCLTY_General Surgery,STATE_MN,,,
1992752281,GENDER_M,SPCLTY_Internal Medicine,STATE_VT,TRAMADOL,,,
1992752554,GENDER_M,SPCLTY_Physician Assistant,STATE_FL,TRAMADOL,,,
1992753255,GENDER_M,HYDROCODONE,SPCLTY_Thoracic Surgery,STATE_MI,,,
1992754659,GENDER_F,OXYCODONE,SPCLTY_Obstetrics/Gynecology,STATE_OH,,,
1992756712,GENDER_M,OXYCODONE,SPCLTY_Internal Medicine,STATE_PA,,,
1992757645,FENTANYL,GENDER_M,HYDROCODONE,OXYCODONE,SPCLTY_Family Practice,STATE_MI,TRAMADOL
1992761050,GENDER_M,OXYCODONE,SPCLTY_Internal Medicine,STATE_MD,,,
1992761555,FENTANYL,GENDER_M,HYDROCODONE,OXYCODONE,SPCLTY_Family Practice,STATE_AR,TRAMADOL
1992761894,GENDER_M,HYDROCODONE,SPCLTY_Orthopedic Surgery,STATE_CA,TRAMADOL,,
1992762488,GENDER_M,HYDROCODONE,SPCLTY_Internal Medicine,STATE_TX,,,
1992762769,GENDER_M,HYDROCODONE,OXYCODONE,SPCLTY_Rheumatology,STATE_CA,TRAMADOL,
1992762918,GENDER_M,OXYCODONE,SPCLTY_Neurology,STATE_UT,,,
1992763189,GENDER_M,HYDROCODONE,SPCLTY_Dentist,STATE_AR,,,
1992766448,GENDER_M,HYDROCODONE,OXYCODONE,SPCLTY_Endocrinology,STATE_TX,TRAMADOL,
1992767677,GENDER_F,HYDROCODONE,OXYCODONE,SPCLTY_Physician Assistant,STATE_NM,,
1992768808,GENDER_M,OXYCODONE,SPCLTY_Urology,STATE_NY,,,
1992771174,GENDER_M,HYDROCODONE,SPCLTY_Otolaryngology,STATE_AR,,,
1992772172,GENDER_F,SPCLTY_Family Practice,STATE_OH,TRAMADOL,,,
1992773451,FENTANYL,GENDER_M,HYDROCODONE,OXYCODONE,SPCLTY_Internal Medicine,STATE_OH,TRAMADOL
1992774244,GENDER_F,OXYCODONE,SPCLTY_Nurse Practitioner,STATE_MN,TRAMADOL,,
1992774343,GENDER_M,HYDROCODONE,OXYCODONE,SPCLTY_Internal Medicine,STATE_MA,,
1992774376,FENTANYL,GENDER_M,HYDROCODONE,OXYCODONE,SPCLTY_Internal Medicine,STATE_GA,TRAMADOL
1992774673,GENDER_M,HYDROCODONE,OXYCODONE,SPCLTY_Radiation Oncology,STATE_WV,,
1992783260,GENDER_M,OXYCODONE,SPCLTY_Internal Medicine,STATE_FL,,,
1992783302,FENTANYL,GENDER_M,HYDROCODONE,OXYCODONE,SPCLTY_Anesthesiology,STATE_CA,TRAMADOL
1992783393,GENDER_M,HYDROCODONE,OXYCODONE,SPCLTY_Otolaryngology,STATE_TX,,
1992784284,FENTANYL,GENDER_M,HYDROCODONE,OXYCODONE,SPCLTY_Interventional Pain M,STATE_FL,TRAMADOL
1992786792,GENDER_M,HYDROCODONE,SPCLTY_Nurse Practitioner,STATE_CA,TRAMADOL,,
1992787428,GENDER_F,HYDROCODONE,OXYCODONE,SPCLTY_Gastroenterology,STATE_GA,TRAMADOL,
1992789739,GENDER_F,OXYCODONE,SPCLTY_Physician Assistant,STATE_MA,TRAMADOL,,
1992790588,GENDER_F,HYDROCODONE,SPCLTY_Endocrinology,STATE_MI,,,
1992793970,GENDER_M,OXYCODONE,SPCLTY_Orthopedic Surgery,STATE_PR,TRAMADOL,,
1992794101,GENDER_M,HYDROCODONE,SPCLTY_Internal Medicine,STATE_DC,TRAMADOL,,
1992795090,GENDER_M,HYDROCODONE,OXYCODONE,SPCLTY_Orthopedic Surgery,STATE_NY,TRAMADOL,
1992796064,GENDER_F,HYDROCODONE,SPCLTY_Family Practice,STATE_CA,,,
1992797096,GENDER_M,OXYCODONE,SPCLTY_Plastic and Reconstru,STATE_NY,,,
1992797161,GENDER_M,HYDROCODONE,OXYCODONE,SPCLTY_Urology,STATE_MS,,
1992798987,GENDER_M,HYDROCODONE,SPCLTY_Internal Medicine,STATE_TX,TRAMADOL,,
1992799613,GENDER_M,HYDROCODONE,SPCLTY_Oral Surgery (dentist,STATE_CA,,,
1992800403,FENTANYL,GENDER_F,OXYCODONE,SPCLTY_Family Practice,STATE_HI,TRAMADOL,
1992801310,GENDER_M,HYDROCODONE,OXYCODONE,SPCLTY_Podiatry,STATE_OR,,
1992804231,GENDER_M,HYDROCODONE,OXYCODONE,SPCLTY_Emergency Medicine,STATE_NC,,
1992805774,GENDER_F,SPCLTY_Internal Medicine,STATE_MD,TRAMADOL,,,
1992807903,GENDER_M,HYDROCODONE,SPCLTY_Colorectal Surgery (f,STATE_IL,,,
1992814156,GENDER_M,HYDROCODONE,OXYCODONE,SPCLTY_Internal Medicine,STATE_MO,,
1992819957,GENDER_M,HYDROCODONE,SPCLTY_Obstetrics/Gynecology,STATE_IN,,,
1992832927,GENDER_M,HYDROCODONE,SPCLTY_Rheumatology,STATE_NV,,,
1992838205,GENDER_F,SPCLTY_Nurse Practitioner,STATE_FL,TRAMADOL,,,
1992841944,GENDER_F,HYDROCODONE,OXYCODONE,SPCLTY_Family Practice,STATE_PA,TRAMADOL,
1992842496,GENDER_M,OXYCODONE,SPCLTY_Oral Surgery (dentist,STATE_NJ,,,
1992847461,GENDER_F,HYDROCODONE,OXYCODONE,SPCLTY_Family Practice,STATE_OK,TRAMADOL,
1992847586,GENDER_F,HYDROCODONE,SPCLTY_Family Practice,STATE_IL,,,
1992847669,GENDER_M,HYDROCODONE,SPCLTY_Endocrinology,STATE_AL,TRAMADOL,,
1992852909,GENDER_M,HYDROCODONE,OXYCODONE,SPCLTY_Orthopedic Surgery,STATE_KY,TRAMADOL,
1992853873,GENDER_F,HYDROCODONE,SPCLTY_Internal Medicine,STATE_CA,,,
1992857577,GENDER_M,HYDROCODONE,SPCLTY_Family Practice,STATE_CA,TRAMADOL,,
1992858070,GENDER_M,HYDROCODONE,OXYCODONE,SPCLTY_General Surgery,STATE_HI,,
1992863138,GENDER_F,HYDROCODONE,SPCLTY_Family Practice,STATE_CA,TRAMADOL,,
1992871347,GENDER_M,HYDROCODONE,SPCLTY_Orthopedic Surgery,STATE_IL,,,
1992876957,GENDER_M,HYDROCODONE,OXYCODONE,SPCLTY_Family Practice,STATE_CA,TRAMADOL,
1992877047,GENDER_M,HYDROCODONE,SPCLTY_Internal Medicine,STATE_MS,TRAMADOL,,
1992881965,GENDER_F,OXYCODONE,SPCLTY_Physician Assistant,STATE_NY,,,
1992883235,GENDER_M,OXYCODONE,SPCLTY_Family Practice,STATE_NJ,TRAMADOL,,
1992888226,GENDER_M,HYDROCODONE,SPCLTY_General Practice,STATE_TN,TRAMADOL,,
1992899173,GENDER_M,HYDROCODONE,SPCLTY_Dentist,STATE_AL,,,
1992901524,GENDER_M,HYDROCODONE,SPCLTY_Urology,STATE_AK,,,
1992908347,GENDER_M,HYDROCODONE,OXYCODONE,SPCLTY_Hematology/Oncology,STATE_ID,,
1992909543,GENDER_M,HYDROCODONE,OXYCODONE,SPCLTY_Orthopedic Surgery,STATE_NC,TRAMADOL,
1992917991,GENDER_M,OXYCODONE,SPCLTY_Critical Care (Intens,STATE_GA,,,
1992927982,GENDER_F,HYDROCODONE,OXYCODONE,SPCLTY_Family Practice,STATE_FL,TRAMADOL,
1992929368,GENDER_M,HYDROCODONE,SPCLTY_Urology,STATE_TN,,,
1992930671,GENDER_F,HYDROCODONE,SPCLTY_Family Practice,STATE_MI,,,
1992932248,FENTANYL,GENDER_M,HYDROCODONE,OXYCODONE,SPCLTY_Internal Medicine,STATE_NJ,TRAMADOL
1992934988,GENDER_F,HYDROCODONE,SPCLTY_Physician Assistant,STATE_CA,,,
1992939557,GENDER_F,HYDROCODONE,SPCLTY_Nurse Practitioner,STATE_CA,,,
1992948475,GENDER_F,HYDROCODONE,OXYCODONE,SPCLTY_Family Practice,STATE_NY,TRAMADOL,
1992950349,GENDER_F,SPCLTY_Nurse Practitioner,STATE_NJ,TRAMADOL,,,
1992956742,GENDER_F,HYDROCODONE,SPCLTY_Physician Assistant,STATE_TX,TRAMADOL,,
1992963144,FENTANYL,GENDER_F,HYDROCODONE,OXYCODONE,SPCLTY_Internal Medicine,STATE_VA,TRAMADOL
1992964266,GENDER_M,OXYCODONE,SPCLTY_Urology,STATE_OH,,,
1992967152,GENDER_F,OXYCODONE,SPCLTY_Internal Medicine,STATE_FL,,,
1992969331,GENDER_M,SPCLTY_Nephrology,STATE_CA,TRAMADOL,,,
1992971816,GENDER_M,HYDROCODONE,SPCLTY_Vascular Surgery,STATE_CO,,,
1992975361,GENDER_F,HYDROCODONE,OXYCODONE,SPCLTY_Nurse Practitioner,STATE_PA,,
1992979215,GENDER_F,HYDROCODONE,SPCLTY_Internal Medicine,STATE_IN,TRAMADOL,,
1992981484,GENDER_F,HYDROCODONE,OXYCODONE,SPCLTY_Family Practice,STATE_CA,,
1992983498,GENDER_F,HYDROCODONE,SPCLTY_Hematology/Oncology,STATE_KS,,,
1992989776,GENDER_M,HYDROCODONE,SPCLTY_Urology,STATE_FL,,,
1992994776,GENDER_M,HYDROCODONE,OXYCODONE,SPCLTY_Physician Assistant,STATE_ID,TRAMADOL,
1992998611,GENDER_M,HYDROCODONE,SPCLTY_Emergency Medicine,STATE_OR,,,
